n,subset_states,wall_seconds,peak_mib,optimum
20,1048576,32.14960780000001,17.00490665435791,29.567070853620848
