n,subset_states,wall_seconds,peak_mib,optimum
20,1048576,32.15450400000009,17.00490665435791,29.567070853620848
