n,subset_states,wall_seconds,peak_mib,optimum
20,1048576,33.657294999999976,17.004693031311035,29.567070853620848
