trial,seed,dimension,alternative_count,repetition,true_class,predicted_class,l1_distance,construction_epsilon,construction_residual_l1,analytic_separation_margin,ground_truth_witness_valid,tolerance,runtime_ms,coefficient_sum
0,20260725,3,4,0,replaceable,replaceable,0.0,0.0,0.0,,True,1e-08,1.321300005656667,0.9999999999999998
1,20260725,3,4,1,replaceable,replaceable,0.0,0.0,0.0,,True,1e-08,0.4837000014958903,1.0
2,20260725,3,4,2,replaceable,replaceable,0.0,0.0,0.0,,True,1e-08,0.3603000077418983,1.0
3,20260725,3,4,3,replaceable,replaceable,0.0,0.0,0.0,,True,1e-08,0.35879999632015824,0.9999999999999998
4,20260725,3,4,4,replaceable,replaceable,0.0,0.0,0.0,,True,1e-08,0.3558000025805086,1.0
5,20260725,3,4,5,replaceable,replaceable,0.0,0.0,0.0,,True,1e-08,0.38270000368356705,1.0000000000000002
6,20260725,3,4,6,replaceable,replaceable,0.0,0.0,0.0,,True,1e-08,0.3360999980941415,0.9999999999999998
7,20260725,3,4,7,replaceable,replaceable,0.0,0.0,0.0,,True,1e-08,0.37740000698249787,1.0000000000000002
8,20260725,3,4,8,replaceable,replaceable,0.0,0.0,0.0,,True,1e-08,0.32449999707750976,1.0000000000000002
9,20260725,3,4,9,replaceable,replaceable,0.0,0.0,0.0,,True,1e-08,0.3556000010576099,1.0000000000000002
10,20260725,3,4,10,replaceable,replaceable,0.0,0.0,0.0,,True,1e-08,0.3102000046055764,1.0
11,20260725,3,4,11,replaceable,replaceable,0.0,0.0,0.0,,True,1e-08,0.3152999997837469,1.0000000000000002
12,20260725,3,4,12,replaceable,replaceable,0.0,0.0,0.0,,True,1e-08,0.3053999971598387,1.0000000000000002
13,20260725,3,4,13,replaceable,replaceable,0.0,0.0,0.0,,True,1e-08,0.2961999998660758,0.9999999999999998
14,20260725,3,4,14,replaceable,replaceable,0.0,0.0,0.0,,True,1e-08,0.3108999953838065,1.0
15,20260725,3,4,15,replaceable,replaceable,0.0,0.0,0.0,,True,1e-08,0.3001000004587695,0.9999999999999999
16,20260725,3,4,16,replaceable,replaceable,0.0,0.0,0.0,,True,1e-08,0.301199994282797,1.0
17,20260725,3,4,17,replaceable,replaceable,0.0,0.0,0.0,,True,1e-08,0.3606999962357804,1.0000000000000002
18,20260725,3,4,18,replaceable,replaceable,0.0,0.0,0.0,,True,1e-08,0.3311000036774203,1.0
19,20260725,3,4,19,replaceable,replaceable,0.0,0.0,0.0,,True,1e-08,0.29779999749735,1.0
20,20260725,3,4,20,replaceable,replaceable,0.0,0.0,0.0,,True,1e-08,0.3007000050274655,0.9999999999999999
21,20260725,3,4,21,replaceable,replaceable,0.0,0.0,0.0,,True,1e-08,0.28759999258909374,0.9999999999999998
22,20260725,3,4,22,replaceable,replaceable,0.0,0.0,0.0,,True,1e-08,0.2798000059556216,0.9999999999999999
23,20260725,3,4,23,replaceable,replaceable,0.0,0.0,0.0,,True,1e-08,0.27859999681822956,0.9999999999999998
24,20260725,3,4,24,replaceable,replaceable,0.0,0.0,0.0,,True,1e-08,0.2973000082420185,1.0
25,20260725,3,4,25,replaceable,replaceable,0.0,0.0,0.0,,True,1e-08,0.2783999952953309,1.0000000000000002
26,20260725,3,4,26,replaceable,replaceable,0.0,0.0,0.0,,True,1e-08,0.28500000189524144,1.0
27,20260725,3,4,27,replaceable,replaceable,0.0,0.0,0.0,,True,1e-08,0.3023000026587397,1.0
28,20260725,3,4,28,replaceable,replaceable,0.0,0.0,0.0,,True,1e-08,0.279399988357909,1.0000000000000002
29,20260725,3,4,29,replaceable,replaceable,0.0,0.0,0.0,,True,1e-08,0.2902999985963106,1.0
30,20260725,3,4,30,replaceable,replaceable,0.0,0.0,0.0,,True,1e-08,0.37989999691490084,1.0000000000000002
31,20260725,3,4,31,replaceable,replaceable,0.0,0.0,0.0,,True,1e-08,0.2975999959744513,0.9999999999999998
32,20260725,3,4,32,replaceable,replaceable,0.0,0.0,0.0,,True,1e-08,0.2830000012181699,0.9999999999999999
33,20260725,3,4,33,replaceable,replaceable,0.0,0.0,0.0,,True,1e-08,0.29540000832639635,1.0000000000000002
34,20260725,3,4,34,replaceable,replaceable,0.0,0.0,0.0,,True,1e-08,0.2804000105243176,0.9999999999999999
35,20260725,3,4,35,replaceable,replaceable,0.0,0.0,0.0,,True,1e-08,0.27380000392440706,1.0
36,20260725,3,4,36,replaceable,replaceable,0.0,0.0,0.0,,True,1e-08,0.27940000290982425,1.0000000000000002
37,20260725,3,4,37,replaceable,replaceable,0.0,0.0,0.0,,True,1e-08,0.2747999969869852,0.9999999999999998
38,20260725,3,4,38,replaceable,replaceable,0.0,0.0,0.0,,True,1e-08,0.28079999901819974,1.0
39,20260725,3,4,39,replaceable,replaceable,0.0,0.0,0.0,,True,1e-08,0.29510000604204834,1.0
40,20260725,3,4,40,replaceable,replaceable,0.0,0.0,0.0,,True,1e-08,0.2845999988494441,1.0000000000000002
41,20260725,3,4,41,replaceable,replaceable,0.0,0.0,0.0,,True,1e-08,0.2803000097628683,0.9999999999999998
42,20260725,3,4,42,replaceable,replaceable,0.0,0.0,0.0,,True,1e-08,0.27600000612437725,0.9999999999999999
43,20260725,3,4,43,replaceable,replaceable,0.0,0.0,0.0,,True,1e-08,0.3403000009711832,1.0
44,20260725,3,4,44,replaceable,replaceable,0.0,0.0,0.0,,True,1e-08,0.3020000003743917,1.0
45,20260725,3,4,45,replaceable,replaceable,0.0,0.0,0.0,,True,1e-08,0.28330000350251794,0.9999999999999999
46,20260725,3,4,46,replaceable,replaceable,0.0,0.0,0.0,,True,1e-08,0.29179999546613544,1.0
47,20260725,3,4,47,replaceable,replaceable,0.0,0.0,0.0,,True,1e-08,0.27629999385681003,1.0
48,20260725,3,4,48,replaceable,replaceable,0.0,0.0,0.0,,True,1e-08,0.2749999985098839,1.0000000000000002
49,20260725,3,4,49,replaceable,replaceable,0.0,0.0,0.0,,True,1e-08,0.2783999952953309,1.0
50,20260725,3,4,50,replaceable,replaceable,0.0,0.0,0.0,,True,1e-08,0.2736999886110425,1.0
51,20260725,3,4,51,replaceable,replaceable,0.0,0.0,0.0,,True,1e-08,0.2820999943651259,1.0
52,20260725,3,4,52,replaceable,replaceable,0.0,0.0,0.0,,True,1e-08,0.27940000290982425,0.9999999999999999
53,20260725,3,4,53,replaceable,replaceable,0.0,0.0,0.0,,True,1e-08,0.2739000046858564,0.9999999999999998
54,20260725,3,4,54,replaceable,replaceable,0.0,0.0,0.0,,True,1e-08,0.27289999707136303,0.9999999999999999
55,20260725,3,4,55,replaceable,replaceable,0.0,0.0,0.0,,True,1e-08,0.27350000164005905,1.0000000000000002
56,20260725,3,4,56,replaceable,replaceable,0.0,0.0,0.0,,True,1e-08,0.3223000094294548,0.9999999999999999
57,20260725,3,4,57,replaceable,replaceable,0.0,0.0,0.0,,True,1e-08,0.305800000205636,1.0000000000000002
58,20260725,3,4,58,replaceable,replaceable,0.0,0.0,0.0,,True,1e-08,0.3074999985983595,0.9999999999999999
59,20260725,3,4,59,replaceable,replaceable,0.0,0.0,0.0,,True,1e-08,0.2874000056181103,0.9999999999999999
60,20260725,3,4,0,separable,separable,0.848917249486816,0.0,,0.424458624743408,True,1e-08,0.3858999989461154,1.0
61,20260725,3,4,1,separable,separable,0.6558504967754604,0.0,,0.3279252483877302,True,1e-08,0.3668999997898936,1.0
62,20260725,3,4,2,separable,separable,0.6151666054752816,0.0,,0.3075833027376408,True,1e-08,0.3372999926796183,1.0
63,20260725,3,4,3,separable,separable,0.8885462530144852,0.0,,0.4442731265072426,True,1e-08,0.3495999990263954,1.0
64,20260725,3,4,4,separable,separable,0.40166620692736166,0.0,,0.20083310346368077,True,1e-08,0.33540000731591135,1.0
65,20260725,3,4,5,separable,separable,0.22313383605280215,0.0,,0.11156691802640106,True,1e-08,0.32669999927747995,1.0
66,20260725,3,4,6,separable,separable,0.7289434890519896,0.0,,0.36447174452599485,True,1e-08,0.3311000036774203,1.0
67,20260725,3,4,7,separable,separable,0.7158049311755911,0.0,,0.3579024655877956,True,1e-08,0.32750000536907464,1.0
68,20260725,3,4,8,separable,separable,1.5364210454816842,0.0,,0.7682105227408421,True,1e-08,0.41059999784920365,1.0
69,20260725,3,4,9,separable,separable,0.7327529802598958,0.0,,0.3663764901299479,True,1e-08,0.3515999997034669,1.0
70,20260725,3,4,10,separable,separable,0.06410605767785862,0.0,,0.03205302883892924,True,1e-08,0.3280000091763213,1.0
71,20260725,3,4,11,separable,separable,0.5832920333756778,0.0,,0.29164601668783885,True,1e-08,0.3488000074867159,1.0
72,20260725,3,4,12,separable,separable,0.34778499582876116,0.0,,0.17389249791438066,True,1e-08,0.32389999250881374,1.0
73,20260725,3,4,13,separable,separable,1.0620052757679916,0.0,,0.5310026378839957,True,1e-08,0.32359999022446573,1.0
74,20260725,3,4,14,separable,separable,0.9118932014989037,0.0,,0.4559466007494518,True,1e-08,0.6522000039694831,1.0
75,20260725,3,4,15,separable,separable,0.738481163953394,0.0,,0.36924058197669707,True,1e-08,0.38580001273658127,1.0
76,20260725,3,4,16,separable,separable,0.6010807703239736,0.0,,0.3005403851619868,True,1e-08,0.3667999990284443,1.0
77,20260725,3,4,17,separable,separable,0.12871133121827413,0.0,,0.06435566560913708,True,1e-08,0.3576000017346814,1.0
78,20260725,3,4,18,separable,separable,0.5995914532858286,0.0,,0.2997957266429143,True,1e-08,0.3804000007221475,1.0
79,20260725,3,4,19,separable,separable,0.9638994174421911,0.0,,0.48194970872109555,True,1e-08,0.3588999970816076,1.0
80,20260725,3,4,20,separable,separable,0.5743936812618129,0.0,,0.28719684063090645,True,1e-08,0.3364000003784895,1.0
81,20260725,3,4,21,separable,separable,1.0619465431355348,0.0,,0.5309732715677674,True,1e-08,0.33409999741706997,1.0
82,20260725,3,4,22,separable,separable,0.7061797970198925,0.0,,0.3530898985099462,True,1e-08,0.3328000020701438,1.0
83,20260725,3,4,23,separable,separable,0.26081820894024343,0.0,,0.13040910447012166,True,1e-08,0.3434999962337315,1.0
84,20260725,3,4,24,separable,separable,0.11959458570822426,0.0,,0.05979729285411217,True,1e-08,0.33290000283159316,1.0
85,20260725,3,4,25,separable,separable,1.4031129148675292,0.0,,0.7015564574337647,True,1e-08,0.2935999946203083,1.0
86,20260725,3,4,26,separable,separable,1.5498070035115514,0.0,,0.7749035017557756,True,1e-08,0.33490000350866467,1.0
87,20260725,3,4,27,separable,separable,0.8534464174506344,0.0,,0.4267232087253172,True,1e-08,0.32979999377857894,1.0
88,20260725,3,4,28,separable,separable,0.4411276266785831,0.0,,0.22056381333929154,True,1e-08,0.3521000035107136,1.0
89,20260725,3,4,29,separable,separable,0.8656768916975395,0.0,,0.43283844584876974,True,1e-08,0.33999999868683517,1.0
90,20260725,3,4,30,separable,separable,1.0323199886044665,0.0,,0.5161599943022332,True,1e-08,0.34189999860245734,1.0
91,20260725,3,4,31,separable,separable,0.36022365499029396,0.0,,0.18011182749514698,True,1e-08,0.3353999927639961,1.0
92,20260725,3,4,32,separable,separable,1.4331766839908167,0.0,,0.7165883419954083,True,1e-08,0.28310000197961926,1.0
93,20260725,3,4,33,separable,separable,0.8472798939560073,0.0,,0.42363994697800367,True,1e-08,0.3453999961493537,1.0
94,20260725,3,4,34,separable,separable,1.131473279284719,0.0,,0.5657366396423595,True,1e-08,0.3353999927639961,1.0
95,20260725,3,4,35,separable,separable,0.9381894022036656,0.0,,0.4690947011018328,True,1e-08,0.28389999351929873,1.0
96,20260725,3,4,36,separable,separable,1.0156766184002084,0.0,,0.5078383092001042,True,1e-08,0.33039999834727496,1.0
97,20260725,3,4,37,separable,separable,1.2750868979667582,0.0,,0.6375434489833791,True,1e-08,0.32049999572336674,1.0
98,20260725,3,4,38,separable,separable,1.5761223838347458,0.0,,0.7880611919173729,True,1e-08,0.32050001027528197,1.0
99,20260725,3,4,39,separable,separable,1.2721116045338046,0.0,,0.6360558022669023,True,1e-08,0.3978000022470951,1.0
100,20260725,3,4,40,separable,separable,0.6792583493811986,0.0,,0.3396291746905993,True,1e-08,0.33290000283159316,1.0
101,20260725,3,4,41,separable,separable,1.0864629575062688,0.0,,0.5432314787531343,True,1e-08,0.34899999445769936,1.0
102,20260725,3,4,42,separable,separable,1.208417450839592,0.0,,0.6042087254197959,True,1e-08,0.34589999995660037,1.0
103,20260725,3,4,43,separable,separable,0.8869222106167224,0.0,,0.44346110530836114,True,1e-08,0.3243000101065263,1.0
104,20260725,3,4,44,separable,separable,1.2541459280257885,0.0,,0.6270729640128943,True,1e-08,0.3193000011378899,1.0
105,20260725,3,4,45,separable,separable,0.5763503084825806,0.0,,0.28817515424129025,True,1e-08,0.3352000057930127,1.0
106,20260725,3,4,46,separable,separable,0.8645693428371938,0.0,,0.43228467141859694,True,1e-08,0.3232000017305836,1.0
107,20260725,3,4,47,separable,separable,0.8186473393136786,0.0,,0.4093236696568393,True,1e-08,0.3203999949619174,1.0
108,20260725,3,4,48,separable,separable,1.3678729210087481,0.0,,0.6839364605043741,True,1e-08,0.32950000604614615,1.0
109,20260725,3,4,49,separable,separable,0.31092434945335823,0.0,,0.15546217472667911,True,1e-08,0.33880000410135835,1.0
110,20260725,3,4,50,separable,separable,0.9895383643369845,0.0,,0.4947691821684922,True,1e-08,0.3403000009711832,1.0
111,20260725,3,4,51,separable,separable,0.2851885246801675,0.0,,0.14259426234008377,True,1e-08,0.32330000249203295,1.0
112,20260725,3,4,52,separable,separable,0.4677964629374259,0.0,,0.2338982314687129,True,1e-08,0.33549999352544546,1.0
113,20260725,3,4,53,separable,separable,0.7219259158314523,0.0,,0.3609629579157262,True,1e-08,0.33650000113993883,1.0
114,20260725,3,4,54,separable,separable,0.34320547935997864,0.0,,0.1716027396799893,True,1e-08,0.3353999927639961,1.0
115,20260725,3,4,55,separable,separable,1.0285683659469398,0.0,,0.5142841829734699,True,1e-08,0.28389999351929873,1.0
116,20260725,3,4,56,separable,separable,0.3056395276048924,0.0,,0.15281976380244622,True,1e-08,0.33239999902434647,1.0
117,20260725,3,4,57,separable,separable,0.8902287954090722,0.0,,0.4451143977045361,True,1e-08,0.28160000510979444,1.0
118,20260725,3,4,58,separable,separable,0.5267525474194912,0.0,,0.2633762737097456,True,1e-08,0.31659999513067305,1.0
119,20260725,3,4,59,separable,separable,0.7713076457404637,0.0,,0.38565382287023187,True,1e-08,0.3232000017305836,1.0
120,20260725,3,4,0,near_boundary,separable,1.9999999996526063e-07,1e-07,,1.0000000000287557e-07,True,1e-08,0.2877999941119924,1.0
121,20260725,3,4,1,near_boundary,separable,1.9999999998630426e-07,1e-07,,9.999999999940612e-08,True,1e-08,0.2826999989338219,1.0000000000000002
122,20260725,3,4,2,near_boundary,separable,1.999999999330956e-07,1e-07,,9.999999999940612e-08,True,1e-08,0.29850000282749534,1.0
123,20260725,3,4,3,near_boundary,separable,1.9999999994813145e-07,1e-07,,9.999999999940612e-08,True,1e-08,0.2874999918276444,1.0
124,20260725,3,4,4,near_boundary,separable,2.0000000000575113e-07,1e-07,,1.0000000000287557e-07,True,1e-08,0.2877000079024583,1.0
125,20260725,3,4,5,near_boundary,separable,1.9999999983690978e-07,1e-07,,9.999999999940612e-08,True,1e-08,0.31380000291392207,1.0000000000000002
126,20260725,3,4,6,near_boundary,separable,1.9999999989718051e-07,1e-07,,9.999999999940612e-08,True,1e-08,0.29569999605882913,1.0
127,20260725,3,4,7,near_boundary,separable,1.9999999993821571e-07,1e-07,,9.999999999940612e-08,True,1e-08,0.30640000477433205,1.0
128,20260725,3,4,8,near_boundary,separable,1.9999999996921633e-07,1e-07,,9.999999999940612e-08,True,1e-08,0.3184999950462952,1.0000000000000002
129,20260725,3,4,9,near_boundary,separable,2.0000000014547065e-07,1e-07,,9.999999999940612e-08,True,1e-08,0.28469999961089343,1.0
130,20260725,3,4,10,near_boundary,separable,1.999999999524796e-07,1e-07,,1.0000000000287557e-07,True,1e-08,0.2762000076472759,1.0
131,20260725,3,4,11,near_boundary,separable,2.0000000003523974e-07,1e-07,,1.0000000000287557e-07,True,1e-08,0.2801999944495037,1.0
132,20260725,3,4,12,near_boundary,separable,1.9999999996726074e-07,1e-07,,1.0000000000287557e-07,True,1e-08,0.2793000021483749,1.0
133,20260725,3,4,13,near_boundary,separable,1.9999999992485155e-07,1e-07,,1.0000000000287557e-07,True,1e-08,0.2759000053629279,1.0
134,20260725,3,4,14,near_boundary,separable,1.9999999999881224e-07,1e-07,,9.999999999940612e-08,True,1e-08,0.2835999912349507,1.0
135,20260725,3,4,15,near_boundary,separable,1.9999999998563585e-07,1e-07,,9.999999999940612e-08,True,1e-08,0.2766999969026074,1.0
136,20260725,3,4,16,near_boundary,separable,2.0000000001879332e-07,1e-07,,9.999999999940612e-08,True,1e-08,0.2829000004567206,0.9999999999999998
137,20260725,3,4,17,near_boundary,separable,1.9999999996451418e-07,1e-07,,1.0000000000287557e-07,True,1e-08,0.29799999902024865,1.0
138,20260725,3,4,18,near_boundary,separable,2.0000000005008415e-07,1e-07,,9.999999999940612e-08,True,1e-08,0.29039999935775995,0.9999999999999999
139,20260725,3,4,19,near_boundary,separable,2.0000000001521778e-07,1e-07,,1.0000000000287557e-07,True,1e-08,0.2862999972421676,0.9999999999999998
140,20260725,3,4,20,near_boundary,separable,1.9999999994677053e-07,1e-07,,9.999999999940612e-08,True,1e-08,0.27719998615793884,1.0
141,20260725,3,4,21,near_boundary,separable,2.0000000010816567e-07,1e-07,,1.0000000000287557e-07,True,1e-08,0.29039999935775995,1.0000000000000002
142,20260725,3,4,22,near_boundary,separable,1.9999999999209016e-07,1e-07,,9.999999999940612e-08,True,1e-08,0.27770000451710075,1.0
143,20260725,3,4,23,near_boundary,separable,2.0000000003043658e-07,1e-07,,9.999999999940612e-08,True,1e-08,0.27439999394118786,0.9999999999999999
144,20260725,3,4,24,near_boundary,separable,2.0000000004809929e-07,1e-07,,1.0000000000287557e-07,True,1e-08,0.2741999924182892,1.0
145,20260725,3,4,25,near_boundary,separable,2.000000000422141e-07,1e-07,,9.999999999940612e-08,True,1e-08,0.2708000101847574,1.0
146,20260725,3,4,26,near_boundary,separable,1.9999999991526935e-07,1e-07,,1.0000000000287557e-07,True,1e-08,0.27430000773165375,1.0
147,20260725,3,4,27,near_boundary,separable,2.0000000002818147e-07,1e-07,,1.0000000000287557e-07,True,1e-08,0.308599992422387,1.0
148,20260725,3,4,28,near_boundary,separable,2.0000000001831896e-07,1e-07,,9.999999999940612e-08,True,1e-08,0.2914000069722533,1.0
149,20260725,3,4,29,near_boundary,separable,1.9999999993293703e-07,1e-07,,1.0000000000287557e-07,True,1e-08,0.2775000029942021,0.9999999999999993
150,20260725,3,4,30,near_boundary,separable,2.0000000001733992e-07,1e-07,,1.0000000000287557e-07,True,1e-08,0.2719000040087849,0.9999999999999999
151,20260725,3,4,31,near_boundary,separable,2.000000000026413e-07,1e-07,,1.0000000000287557e-07,True,1e-08,0.28480000037234277,0.9999999999999999
152,20260725,3,4,32,near_boundary,separable,1.9999999996696076e-07,1e-07,,1.0000000000287557e-07,True,1e-08,0.2896999940276146,1.0
153,20260725,3,4,33,near_boundary,separable,1.9999999998501746e-07,1e-07,,9.999999999940612e-08,True,1e-08,0.27940000290982425,1.0
154,20260725,3,4,34,near_boundary,separable,2.000000000035028e-07,1e-07,,9.999999999940612e-08,True,1e-08,0.2792000013869256,1.0
155,20260725,3,4,35,near_boundary,separable,2.0000000005920802e-07,1e-07,,1.0000000000287557e-07,True,1e-08,0.28199999360367656,0.9999999999999999
156,20260725,3,4,36,near_boundary,separable,1.9999999992351805e-07,1e-07,,1.0000000000287557e-07,True,1e-08,0.2830000012181699,1.0
157,20260725,3,4,37,near_boundary,separable,1.999999999142284e-07,1e-07,,9.999999999940612e-08,True,1e-08,0.28140000358689576,0.9999999999999999
158,20260725,3,4,38,near_boundary,separable,1.9999999990652175e-07,1e-07,,9.999999999940612e-08,True,1e-08,0.27350000164005905,1.0
159,20260725,3,4,39,near_boundary,separable,1.9999999995023998e-07,1e-07,,1.0000000000287557e-07,True,1e-08,0.275399987003766,1.0
160,20260725,3,4,40,near_boundary,separable,1.9999999993831842e-07,1e-07,,9.999999999940612e-08,True,1e-08,0.2857999934349209,1.0
161,20260725,3,4,41,near_boundary,separable,1.9999999991088424e-07,1e-07,,1.0000000000287557e-07,True,1e-08,0.27720000070985407,1.0
162,20260725,3,4,42,near_boundary,separable,2.0000000000373318e-07,1e-07,,1.0000000000287557e-07,True,1e-08,0.2730999985942617,0.9999999999999999
163,20260725,3,4,43,near_boundary,separable,1.9999999998549476e-07,1e-07,,1.0000000000287557e-07,True,1e-08,0.2720000047702342,1.0
164,20260725,3,4,44,near_boundary,separable,1.9999999997033663e-07,1e-07,,9.999999999940612e-08,True,1e-08,0.2919999969890341,1.0
165,20260725,3,4,45,near_boundary,separable,1.99999999895507e-07,1e-07,,9.999999999940612e-08,True,1e-08,0.2965000021504238,1.0
166,20260725,3,4,46,near_boundary,separable,1.9999999993653012e-07,1e-07,,1.0000000000287557e-07,True,1e-08,0.2930000046035275,1.0
167,20260725,3,4,47,near_boundary,separable,1.9999999997184414e-07,1e-07,,1.0000000000287557e-07,True,1e-08,0.27770000451710075,1.0000000000000002
168,20260725,3,4,48,near_boundary,separable,2.000000000473659e-07,1e-07,,1.0000000000287557e-07,True,1e-08,0.2775000029942021,0.9999999999999999
169,20260725,3,4,49,near_boundary,separable,1.9999999985853903e-07,1e-07,,1.0000000000287557e-07,True,1e-08,0.2769999991869554,1.0000000000000002
170,20260725,3,4,50,near_boundary,separable,1.999999999467705e-07,1e-07,,9.999999999940612e-08,True,1e-08,0.2724000078160316,1.0
171,20260725,3,4,51,near_boundary,separable,2.0000000008932274e-07,1e-07,,9.999999999940612e-08,True,1e-08,0.27019999106414616,0.9999999999999999
172,20260725,3,4,52,near_boundary,separable,1.9999999998900434e-07,1e-07,,1.0000000000287557e-07,True,1e-08,0.27119999867863953,1.0
173,20260725,3,4,53,near_boundary,separable,1.9999999996060856e-07,1e-07,,1.0000000000287557e-07,True,1e-08,0.2888000017264858,1.0
174,20260725,3,4,54,near_boundary,separable,1.9999999993269962e-07,1e-07,,9.999999999940612e-08,True,1e-08,0.27540000155568123,1.0
175,20260725,3,4,55,near_boundary,separable,1.9999999980950398e-07,1e-07,,9.999999999940612e-08,True,1e-08,0.27439999394118786,1.0
176,20260725,3,4,56,near_boundary,separable,1.999999999974668e-07,1e-07,,9.999999999940612e-08,True,1e-08,0.2738999901339412,1.0
177,20260725,3,4,57,near_boundary,separable,2.0000000000575105e-07,1e-07,,1.0000000000287557e-07,True,1e-08,0.27520000003278255,1.0
178,20260725,3,4,58,near_boundary,separable,2.0000000009225014e-07,1e-07,,9.999999999940612e-08,True,1e-08,0.28580000798683614,0.9999999999999992
179,20260725,3,4,59,near_boundary,separable,1.9999999998295274e-07,1e-07,,9.999999999940612e-08,True,1e-08,0.29799999902024865,1.0
180,20260725,5,5,0,replaceable,replaceable,0.0,0.0,0.0,,True,1e-08,0.3237000055378303,1.0
181,20260725,5,5,1,replaceable,replaceable,0.0,0.0,0.0,,True,1e-08,0.31709999893791974,0.9999999999999999
182,20260725,5,5,2,replaceable,replaceable,0.0,0.0,0.0,,True,1e-08,0.30519999563694,1.0
183,20260725,5,5,3,replaceable,replaceable,0.0,0.0,0.0,,True,1e-08,0.295000005280599,1.0000000000000004
184,20260725,5,5,4,replaceable,replaceable,0.0,0.0,0.0,,True,1e-08,0.3007000050274655,1.0
185,20260725,5,5,5,replaceable,replaceable,0.0,0.0,0.0,,True,1e-08,0.29460000223480165,0.9999999999999999
186,20260725,5,5,6,replaceable,replaceable,0.0,0.0,0.0,,True,1e-08,0.29579999682027847,1.0000000000000002
187,20260725,5,5,7,replaceable,replaceable,0.0,0.0,0.0,,True,1e-08,0.2982000005431473,0.9999999999999999
188,20260725,5,5,8,replaceable,replaceable,0.0,0.0,0.0,,True,1e-08,0.29170000925660133,0.9999999999999998
189,20260725,5,5,9,replaceable,replaceable,0.0,0.0,0.0,,True,1e-08,0.2905000001192093,0.9999999999999998
190,20260725,5,5,10,replaceable,replaceable,0.0,0.0,0.0,,True,1e-08,0.2933999930974096,1.0
191,20260725,5,5,11,replaceable,replaceable,0.0,0.0,0.0,,True,1e-08,0.32130000181496143,0.9999999999999999
192,20260725,5,5,12,replaceable,replaceable,0.0,0.0,0.0,,True,1e-08,0.3029999934369698,1.0
193,20260725,5,5,13,replaceable,replaceable,0.0,0.0,0.0,,True,1e-08,0.2931000053649768,0.9999999999999996
194,20260725,5,5,14,replaceable,replaceable,0.0,0.0,0.0,,True,1e-08,0.29209999775048345,1.0000000000000002
195,20260725,5,5,15,replaceable,replaceable,0.0,0.0,0.0,,True,1e-08,0.28449999808799475,0.9999999999999998
196,20260725,5,5,16,replaceable,replaceable,0.0,0.0,0.0,,True,1e-08,0.2918999962275848,1.0
197,20260725,5,5,17,replaceable,replaceable,0.0,0.0,0.0,,True,1e-08,0.33120000443886966,1.0
198,20260725,5,5,18,replaceable,replaceable,0.0,0.0,0.0,,True,1e-08,0.29930000891909003,1.0
199,20260725,5,5,19,replaceable,replaceable,0.0,0.0,0.0,,True,1e-08,0.2989999920828268,1.0000000000000002
200,20260725,5,5,20,replaceable,replaceable,0.0,0.0,0.0,,True,1e-08,0.2984999882755801,1.0
201,20260725,5,5,21,replaceable,replaceable,0.0,0.0,0.0,,True,1e-08,0.28959999326616526,1.0
202,20260725,5,5,22,replaceable,replaceable,0.0,0.0,0.0,,True,1e-08,0.2948000037577003,1.0
203,20260725,5,5,23,replaceable,replaceable,0.0,0.0,0.0,,True,1e-08,0.30429998878389597,1.0
204,20260725,5,5,24,replaceable,replaceable,0.0,0.0,0.0,,True,1e-08,0.30619998869951814,1.0
205,20260725,5,5,25,replaceable,replaceable,0.0,0.0,0.0,,True,1e-08,0.2947999892057851,0.9999999999999994
206,20260725,5,5,26,replaceable,replaceable,0.0,0.0,0.0,,True,1e-08,0.28730000485666096,1.0
207,20260725,5,5,27,replaceable,replaceable,0.0,0.0,0.0,,True,1e-08,0.28360000578686595,1.0
208,20260725,5,5,28,replaceable,replaceable,0.0,0.0,0.0,,True,1e-08,0.28390000807121396,1.0
209,20260725,5,5,29,replaceable,replaceable,0.0,0.0,0.0,,True,1e-08,0.2905000001192093,0.9999999999999999
210,20260725,5,5,30,replaceable,replaceable,0.0,0.0,0.0,,True,1e-08,0.2891000040108338,1.0
211,20260725,5,5,31,replaceable,replaceable,0.0,0.0,0.0,,True,1e-08,0.2941999991890043,1.0000000000000004
212,20260725,5,5,32,replaceable,replaceable,0.0,0.0,0.0,,True,1e-08,0.2891999902203679,1.0
213,20260725,5,5,33,replaceable,replaceable,0.0,0.0,0.0,,True,1e-08,0.28369999199640006,1.0000000000000002
214,20260725,5,5,34,replaceable,replaceable,0.0,0.0,0.0,,True,1e-08,0.2829000004567206,1.0
215,20260725,5,5,35,replaceable,replaceable,0.0,0.0,0.0,,True,1e-08,0.28539999038912356,1.0
216,20260725,5,5,36,replaceable,replaceable,0.0,0.0,0.0,,True,1e-08,0.3071999963140115,0.9999999999999998
217,20260725,5,5,37,replaceable,replaceable,0.0,0.0,0.0,,True,1e-08,0.3053999971598387,1.0
218,20260725,5,5,38,replaceable,replaceable,0.0,0.0,0.0,,True,1e-08,0.30130000959616154,1.0000000000000002
219,20260725,5,5,39,replaceable,replaceable,0.0,0.0,0.0,,True,1e-08,0.2902999985963106,1.0
220,20260725,5,5,40,replaceable,replaceable,0.0,0.0,0.0,,True,1e-08,0.2842999965650961,0.9999999999999999
221,20260725,5,5,41,replaceable,replaceable,0.0,0.0,0.0,,True,1e-08,0.28199999360367656,0.9999999999999999
222,20260725,5,5,42,replaceable,replaceable,0.0,0.0,0.0,,True,1e-08,0.301199994282797,0.9999999999999999
223,20260725,5,5,43,replaceable,replaceable,0.0,0.0,0.0,,True,1e-08,0.30220000189729035,0.9999999999999996
224,20260725,5,5,44,replaceable,replaceable,0.0,0.0,0.0,,True,1e-08,0.2894000062951818,1.0
225,20260725,5,5,45,replaceable,replaceable,0.0,0.0,0.0,,True,1e-08,0.28449999808799475,1.0
226,20260725,5,5,46,replaceable,replaceable,0.0,0.0,0.0,,True,1e-08,0.2862999972421676,1.0
227,20260725,5,5,47,replaceable,replaceable,0.0,0.0,0.0,,True,1e-08,0.2859000087482855,0.9999999999999999
228,20260725,5,5,48,replaceable,replaceable,0.0,0.0,0.0,,True,1e-08,0.29839998751413077,1.0
229,20260725,5,5,49,replaceable,replaceable,0.0,0.0,0.0,,True,1e-08,0.2982000005431473,1.0000000000000002
230,20260725,5,5,50,replaceable,replaceable,0.0,0.0,0.0,,True,1e-08,0.302400003420189,1.0000000000000002
231,20260725,5,5,51,replaceable,replaceable,0.0,0.0,0.0,,True,1e-08,0.29460000223480165,1.0
232,20260725,5,5,52,replaceable,replaceable,0.0,0.0,0.0,,True,1e-08,0.28449999808799475,1.0
233,20260725,5,5,53,replaceable,replaceable,0.0,0.0,0.0,,True,1e-08,0.2854000049410388,1.0
234,20260725,5,5,54,replaceable,replaceable,0.0,0.0,0.0,,True,1e-08,0.29850000282749534,1.0
235,20260725,5,5,55,replaceable,replaceable,0.0,0.0,0.0,,True,1e-08,0.29099998937454075,0.9999999999999999
236,20260725,5,5,56,replaceable,replaceable,0.0,0.0,0.0,,True,1e-08,0.2854000049410388,1.0000000000000002
237,20260725,5,5,57,replaceable,replaceable,0.0,0.0,0.0,,True,1e-08,0.28870000096503645,1.0000000000000002
238,20260725,5,5,58,replaceable,replaceable,0.0,0.0,0.0,,True,1e-08,0.2857999934349209,1.0
239,20260725,5,5,59,replaceable,replaceable,0.0,0.0,0.0,,True,1e-08,0.2851000026566908,0.9999999999999999
240,20260725,5,5,0,separable,separable,1.0309249646348075,0.0,,0.5154624823174037,True,1e-08,0.3448000061325729,1.0
241,20260725,5,5,1,separable,separable,1.028050797984085,0.0,,0.5140253989920425,True,1e-08,0.33969999640248716,1.0
242,20260725,5,5,2,separable,separable,1.5537821079798904,0.0,,0.7768910539899451,True,1e-08,0.3012000088347122,1.0
243,20260725,5,5,3,separable,separable,1.0106391189702975,0.0,,0.5053195594851487,True,1e-08,0.3468999930191785,1.0
244,20260725,5,5,4,separable,separable,1.2766942947154245,0.0,,0.6383471473577123,True,1e-08,0.29159999394323677,1.0
245,20260725,5,5,5,separable,separable,1.5520605470811417,0.0,,0.7760302735405709,True,1e-08,0.2800000074785203,1.0
246,20260725,5,5,6,separable,separable,1.4200177267405727,0.0,,0.7100088633702863,True,1e-08,0.34670000604819506,1.0
247,20260725,5,5,7,separable,separable,1.474166433358755,0.0,,0.7370832166793774,True,1e-08,0.2973000082420185,1.0
248,20260725,5,5,8,separable,separable,1.5084061103211535,0.0,,0.7542030551605766,True,1e-08,0.28559999191202223,1.0
249,20260725,5,5,9,separable,separable,1.602821695414895,0.0,,0.8014108477074475,True,1e-08,0.27820000832434744,1.0
250,20260725,5,5,10,separable,separable,1.7203135631918296,0.0,,0.8601567815959149,True,1e-08,0.331000002915971,1.0
251,20260725,5,5,11,separable,separable,0.629287815673807,0.0,,0.31464390783690344,True,1e-08,0.32900000223889947,1.0
252,20260725,5,5,12,separable,separable,0.9148288882258662,0.0,,0.4574144441129331,True,1e-08,0.36780000664293766,1.0
253,20260725,5,5,13,separable,separable,1.1860709154755433,0.0,,0.5930354577377718,True,1e-08,0.32890000147745013,1.0
254,20260725,5,5,14,separable,separable,0.9144534081567618,0.0,,0.45722670407838084,True,1e-08,0.34220000088680536,1.0
255,20260725,5,5,15,separable,separable,1.4476390809758395,0.0,,0.7238195404879199,True,1e-08,0.34410000080242753,1.0
256,20260725,5,5,16,separable,separable,1.4216810561595723,0.0,,0.7108405280797863,True,1e-08,0.2953999937744811,1.0
257,20260725,5,5,17,separable,separable,1.3475050113897278,0.0,,0.6737525056948639,True,1e-08,0.33480000274721533,1.0
258,20260725,5,5,18,separable,separable,1.1275028354721313,0.0,,0.5637514177360656,True,1e-08,0.28279999969527125,1.0
259,20260725,5,5,19,separable,separable,1.171512962198009,0.0,,0.5857564810990046,True,1e-08,0.32469999860040843,1.0
260,20260725,5,5,20,separable,separable,0.886813976527713,0.0,,0.4434069882638565,True,1e-08,0.33039999834727496,1.0
261,20260725,5,5,21,separable,separable,0.8559111119342445,0.0,,0.4279555559671222,True,1e-08,0.32639999699313194,1.0
262,20260725,5,5,22,separable,separable,1.323564055300011,0.0,,0.6617820276500055,True,1e-08,0.3324999997857958,1.0
263,20260725,5,5,23,separable,separable,1.4220044971924377,0.0,,0.7110022485962187,True,1e-08,0.33009999606292695,1.0
264,20260725,5,5,24,separable,separable,1.524491877803181,0.0,,0.7622459389015905,True,1e-08,0.28310000197961926,1.0
265,20260725,5,5,25,separable,separable,0.9861551182344666,0.0,,0.4930775591172333,True,1e-08,0.2823999966494739,1.0
266,20260725,5,5,26,separable,separable,0.9936415502217789,0.0,,0.4968207751108895,True,1e-08,0.33799999800976366,1.0
267,20260725,5,5,27,separable,separable,1.1159707427836139,0.0,,0.5579853713918068,True,1e-08,0.34929999674204737,1.0
268,20260725,5,5,28,separable,separable,1.1481296420186302,0.0,,0.5740648210093151,True,1e-08,0.34610000147949904,1.0
269,20260725,5,5,29,separable,separable,1.318301692945472,0.0,,0.659150846472736,True,1e-08,0.2886000002035871,1.0
270,20260725,5,5,30,separable,separable,1.2685879024327984,0.0,,0.6342939512163993,True,1e-08,0.3234999894630164,1.0
271,20260725,5,5,31,separable,separable,1.4893693400134267,0.0,,0.7446846700067133,True,1e-08,0.32589999318588525,1.0
272,20260725,5,5,32,separable,separable,1.5010237575169645,0.0,,0.7505118787584821,True,1e-08,0.2828000142471865,1.0
273,20260725,5,5,33,separable,separable,0.7770279157719348,0.0,,0.38851395788596743,True,1e-08,0.32330000249203295,1.0
274,20260725,5,5,34,separable,separable,1.7339434234895057,0.0,,0.8669717117447528,True,1e-08,0.3419999993639067,1.0
275,20260725,5,5,35,separable,separable,1.2545002803714842,0.0,,0.627250140185742,True,1e-08,0.3327000013086945,1.0
276,20260725,5,5,36,separable,separable,0.7868930155406757,0.0,,0.39344650777033785,True,1e-08,0.32789999386295676,1.0
277,20260725,5,5,37,separable,separable,1.388984026279036,0.0,,0.6944920131395181,True,1e-08,0.3294999914942309,1.0
278,20260725,5,5,38,separable,separable,1.362586704203482,0.0,,0.681293352101741,True,1e-08,0.3327000013086945,1.0
279,20260725,5,5,39,separable,separable,1.2582283307702293,0.0,,0.6291141653851147,True,1e-08,0.34449998929630965,1.0
280,20260725,5,5,40,separable,separable,1.3566410154641888,0.0,,0.6783205077320944,True,1e-08,0.338700003339909,1.0
281,20260725,5,5,41,separable,separable,0.8654686595753023,0.0,,0.43273432978765103,True,1e-08,0.3254000039305538,1.0
282,20260725,5,5,42,separable,separable,1.6540462400974745,0.0,,0.8270231200487373,True,1e-08,0.3281999961473048,1.0
283,20260725,5,5,43,separable,separable,1.055044345466846,0.0,,0.527522172733423,True,1e-08,0.3245999978389591,1.0
284,20260725,5,5,44,separable,separable,0.9373222381676718,0.0,,0.4686611190838359,True,1e-08,0.3333000058773905,1.0
285,20260725,5,5,45,separable,separable,1.4949963511648587,0.0,,0.7474981755824294,True,1e-08,0.2837000065483153,1.0
286,20260725,5,5,46,separable,separable,1.3274556754902105,0.0,,0.6637278377451054,True,1e-08,0.3003000019816682,1.0
287,20260725,5,5,47,separable,separable,1.6157124366005617,0.0,,0.8078562183002809,True,1e-08,0.32369999098591506,1.0
288,20260725,5,5,48,separable,separable,1.1920246357158388,0.0,,0.5960123178579194,True,1e-08,0.32900000223889947,1.0
289,20260725,5,5,49,separable,separable,1.5469252875092507,0.0,,0.7734626437546254,True,1e-08,0.30530001095030457,1.0
290,20260725,5,5,50,separable,separable,1.5720231643457334,0.0,,0.7860115821728668,True,1e-08,0.34610000147949904,1.0
291,20260725,5,5,51,separable,separable,0.942325637325806,0.0,,0.471162818662903,True,1e-08,0.360500009264797,1.0
292,20260725,5,5,52,separable,separable,0.9566203293903823,0.0,,0.47831016469519105,True,1e-08,0.33939999411813915,1.0
293,20260725,5,5,53,separable,separable,1.6550431306373663,0.0,,0.8275215653186833,True,1e-08,0.3251000016462058,1.0
294,20260725,5,5,54,separable,separable,0.43674495897997745,0.0,,0.21837247948998872,True,1e-08,0.3375000087544322,1.0
295,20260725,5,5,55,separable,separable,0.8187681177790853,0.0,,0.40938405888954266,True,1e-08,0.34339999547228217,1.0
296,20260725,5,5,56,separable,separable,1.1941782376131584,0.0,,0.5970891188065792,True,1e-08,0.3367000026628375,1.0
297,20260725,5,5,57,separable,separable,1.4873792751683803,0.0,,0.7436896375841902,True,1e-08,0.32080001255963,1.0
298,20260725,5,5,58,separable,separable,0.8558215583228883,0.0,,0.42791077916144415,True,1e-08,0.3296000068075955,1.0
299,20260725,5,5,59,separable,separable,1.4619211844786946,0.0,,0.7309605922393472,True,1e-08,0.3284999984316528,1.0
300,20260725,5,5,0,near_boundary,separable,2.0000000000575113e-07,1e-07,,1.0000000000287557e-07,True,1e-08,0.30050000350456685,1.0
301,20260725,5,5,1,near_boundary,separable,1.9999999998970131e-07,1e-07,,9.999999999940612e-08,True,1e-08,0.31210000452119857,1.0
302,20260725,5,5,2,near_boundary,separable,2.000000000996568e-07,1e-07,,9.999999999940612e-08,True,1e-08,0.31090000993572176,1.0
303,20260725,5,5,3,near_boundary,separable,1.999999999838157e-07,1e-07,,9.999999999940612e-08,True,1e-08,0.3056999994441867,1.0
304,20260725,5,5,4,near_boundary,separable,2.0000000003151968e-07,1e-07,,9.999999999940612e-08,True,1e-08,0.2998999989358708,0.9999999999999999
305,20260725,5,5,5,near_boundary,separable,2.0000000007789674e-07,1e-07,,9.999999999940612e-08,True,1e-08,0.298400002066046,1.0
306,20260725,5,5,6,near_boundary,separable,1.99999999994266e-07,1e-07,,9.999999999940612e-08,True,1e-08,0.2922999992733821,1.0
307,20260725,5,5,7,near_boundary,separable,1.999999998636623e-07,1e-07,,9.999999999940612e-08,True,1e-08,0.2978999982587993,1.0000000000000002
308,20260725,5,5,8,near_boundary,separable,2.0000000000754303e-07,1e-07,,9.999999999940612e-08,True,1e-08,0.2972999936901033,1.0
309,20260725,5,5,9,near_boundary,separable,1.9999999994019253e-07,1e-07,,1.0000000000287557e-07,True,1e-08,0.29799999902024865,0.9999999999999999
310,20260725,5,5,10,near_boundary,separable,2.0000000011173518e-07,1e-07,,9.999999999940612e-08,True,1e-08,0.294400000711903,0.9999999999999997
311,20260725,5,5,11,near_boundary,separable,1.9999999994402776e-07,1e-07,,9.999999999940612e-08,True,1e-08,0.3014000103576109,1.0
312,20260725,5,5,12,near_boundary,separable,2.0000000000653999e-07,1e-07,,9.999999999940612e-08,True,1e-08,0.28980000934097916,1.0
313,20260725,5,5,13,near_boundary,separable,2.000000000063555e-07,1e-07,,9.999999999940612e-08,True,1e-08,0.29749999521300197,0.9999999999999998
314,20260725,5,5,14,near_boundary,separable,1.9999999999881224e-07,1e-07,,9.999999999940612e-08,True,1e-08,0.29540000832639635,1.0
315,20260725,5,5,15,near_boundary,separable,2.0000000001282005e-07,1e-07,,9.999999999940612e-08,True,1e-08,0.2987999905599281,0.9999999999999997
316,20260725,5,5,16,near_boundary,separable,1.9999999997226506e-07,1e-07,,9.999999999940612e-08,True,1e-08,0.28700000257231295,1.0000000000000002
317,20260725,5,5,17,near_boundary,separable,1.9999999999664468e-07,1e-07,,9.999999999940612e-08,True,1e-08,0.2894000062951818,1.0
318,20260725,5,5,18,near_boundary,separable,2.0000000000145842e-07,1e-07,,9.999999999940612e-08,True,1e-08,0.2896000078180805,1.0
319,20260725,5,5,19,near_boundary,separable,2.0000000000344517e-07,1e-07,,9.999999999940612e-08,True,1e-08,0.2986999897984788,1.0
320,20260725,5,5,20,near_boundary,separable,1.9999999968729925e-07,1e-07,,9.999999999940612e-08,True,1e-08,0.29680000443477184,1.0
321,20260725,5,5,21,near_boundary,separable,2.000000000269747e-07,1e-07,,9.999999999940612e-08,True,1e-08,0.28709998878184706,1.0
322,20260725,5,5,22,near_boundary,separable,1.9999999903038324e-07,1e-07,,9.999999999940612e-08,True,1e-08,0.29770001128781587,1.000000000000002
323,20260725,5,5,23,near_boundary,separable,2.0000000011597969e-07,1e-07,,9.999999999940612e-08,True,1e-08,0.2928999892901629,1.0
324,20260725,5,5,24,near_boundary,separable,1.9999999999925712e-07,1e-07,,9.999999999940612e-08,True,1e-08,0.2854000049410388,1.0
325,20260725,5,5,25,near_boundary,separable,2.0000000006043153e-07,1e-07,,9.999999999940612e-08,True,1e-08,0.30080000578891486,1.0
326,20260725,5,5,26,near_boundary,separable,2.0000000000575113e-07,1e-07,,1.0000000000287557e-07,True,1e-08,0.2961999998660758,1.0
327,20260725,5,5,27,near_boundary,separable,2.0000000004214147e-07,1e-07,,9.999999999940612e-08,True,1e-08,0.2987999905599281,0.9999999999999999
328,20260725,5,5,28,near_boundary,separable,2.000000000071272e-07,1e-07,,9.999999999940612e-08,True,1e-08,0.2986000035889447,1.0
329,20260725,5,5,29,near_boundary,separable,2.0000000001770833e-07,1e-07,,9.999999999940612e-08,True,1e-08,0.2975999959744513,1.0
330,20260725,5,5,30,near_boundary,separable,2.0000000000093077e-07,1e-07,,9.999999999940612e-08,True,1e-08,0.2834000042639673,1.0
331,20260725,5,5,31,near_boundary,separable,2.000000000120673e-07,1e-07,,9.999999999940612e-08,True,1e-08,0.2961999998660758,1.0
332,20260725,5,5,32,near_boundary,separable,1.999999999968757e-07,1e-07,,9.999999999940612e-08,True,1e-08,0.28979999478906393,1.0
333,20260725,5,5,33,near_boundary,separable,2.0000000001254465e-07,1e-07,,9.999999999940612e-08,True,1e-08,0.28670000028796494,1.0000000000000002
334,20260725,5,5,34,near_boundary,separable,1.9999999998690973e-07,1e-07,,9.999999999940612e-08,True,1e-08,0.28160000510979444,1.0
335,20260725,5,5,35,near_boundary,separable,2.0000000000228169e-07,1e-07,,9.999999999940612e-08,True,1e-08,0.2894000062951818,1.0
336,20260725,5,5,36,near_boundary,separable,1.9999999989910283e-07,1e-07,,9.999999999940612e-08,True,1e-08,0.28660001407843083,1.0
337,20260725,5,5,37,near_boundary,separable,2.0000000005218106e-07,1e-07,,9.999999999940612e-08,True,1e-08,0.2902999985963106,0.9999999999999999
338,20260725,5,5,38,near_boundary,separable,1.9999999998149486e-07,1e-07,,9.999999999940612e-08,True,1e-08,0.2945000014733523,1.0
339,20260725,5,5,39,near_boundary,separable,1.999999999445219e-07,1e-07,,9.999999999940612e-08,True,1e-08,0.3269000008003786,1.0
340,20260725,5,5,40,near_boundary,separable,1.9999999991487937e-07,1e-07,,9.999999999940612e-08,True,1e-08,0.3032999957213178,1.0
341,20260725,5,5,41,near_boundary,separable,2.0000000001332318e-07,1e-07,,9.999999999940612e-08,True,1e-08,0.3012999950442463,1.0
342,20260725,5,5,42,near_boundary,separable,2.0000000000220106e-07,1e-07,,9.999999999940612e-08,True,1e-08,0.28700000257231295,1.0
343,20260725,5,5,43,near_boundary,separable,1.999999999641176e-07,1e-07,,1.0000000000287557e-07,True,1e-08,0.295000005280599,1.0000000000000002
344,20260725,5,5,44,near_boundary,separable,1.9999999994021934e-07,1e-07,,9.999999999940612e-08,True,1e-08,0.29320000612642616,1.0000000000000002
345,20260725,5,5,45,near_boundary,separable,1.999999999914925e-07,1e-07,,9.999999999940612e-08,True,1e-08,0.2902000123867765,1.0
346,20260725,5,5,46,near_boundary,separable,1.9999999992329385e-07,1e-07,,9.999999999940612e-08,True,1e-08,0.2834000042639673,1.0
347,20260725,5,5,47,near_boundary,separable,2.0000000000228169e-07,1e-07,,9.999999999940612e-08,True,1e-08,0.28449999808799475,1.0
348,20260725,5,5,48,near_boundary,separable,2.0000000001592268e-07,1e-07,,9.999999999940612e-08,True,1e-08,0.2869999880203977,1.0
349,20260725,5,5,49,near_boundary,separable,2.00000000152967e-07,1e-07,,1.0000000000287557e-07,True,1e-08,0.2882999979192391,0.9999999999999998
350,20260725,5,5,50,near_boundary,separable,1.9999999991476132e-07,1e-07,,9.999999999940612e-08,True,1e-08,0.3003000019816682,1.0
351,20260725,5,5,51,near_boundary,separable,2.000000000326284e-07,1e-07,,9.999999999940612e-08,True,1e-08,0.2843999973265454,0.9999999999999999
352,20260725,5,5,52,near_boundary,separable,1.999999999916351e-07,1e-07,,9.999999999940612e-08,True,1e-08,0.28649999876506627,1.0000000000000007
353,20260725,5,5,53,near_boundary,separable,2.0000000003688113e-07,1e-07,,9.999999999940612e-08,True,1e-08,0.29830000130459666,0.9999999999999998
354,20260725,5,5,54,near_boundary,separable,1.999999999956366e-07,1e-07,,9.999999999940612e-08,True,1e-08,0.3001000004587695,1.0
355,20260725,5,5,55,near_boundary,separable,2.0000000001788033e-07,1e-07,,9.999999999940612e-08,True,1e-08,0.28219999512657523,1.0
356,20260725,5,5,56,near_boundary,separable,1.9999999999881224e-07,1e-07,,9.999999999940612e-08,True,1e-08,0.29600001289509237,1.0
357,20260725,5,5,57,near_boundary,separable,1.9999999999052344e-07,1e-07,,9.999999999940612e-08,True,1e-08,0.28220000967849046,1.0
358,20260725,5,5,58,near_boundary,separable,1.9999999994279356e-07,1e-07,,9.999999999940612e-08,True,1e-08,0.27999999292660505,1.0
359,20260725,5,5,59,near_boundary,separable,2.0000000007221003e-07,1e-07,,9.999999999940612e-08,True,1e-08,0.28530000417958945,1.0
360,20260725,10,8,0,replaceable,replaceable,0.0,0.0,0.0,,True,1e-08,0.378700002329424,1.0
361,20260725,10,8,1,replaceable,replaceable,0.0,0.0,0.0,,True,1e-08,0.34869999217335135,1.0
362,20260725,10,8,2,replaceable,replaceable,0.0,0.0,0.0,,True,1e-08,0.35790000401902944,1.0
363,20260725,10,8,3,replaceable,replaceable,0.0,0.0,0.0,,True,1e-08,0.33490000350866467,1.0
364,20260725,10,8,4,replaceable,replaceable,0.0,0.0,0.0,,True,1e-08,0.3397999971639365,0.9999999999999999
365,20260725,10,8,5,replaceable,replaceable,0.0,0.0,0.0,,True,1e-08,0.35600000410340726,0.9999999999999999
366,20260725,10,8,6,replaceable,replaceable,0.0,0.0,0.0,,True,1e-08,0.3479000006336719,0.9999999999999998
367,20260725,10,8,7,replaceable,replaceable,0.0,0.0,0.0,,True,1e-08,0.3456999984337017,0.9999999999999998
368,20260725,10,8,8,replaceable,replaceable,0.0,0.0,0.0,,True,1e-08,0.33880000410135835,1.0000000000000002
369,20260725,10,8,9,replaceable,replaceable,0.0,0.0,0.0,,True,1e-08,0.341199993272312,1.0
370,20260725,10,8,10,replaceable,replaceable,0.0,0.0,0.0,,True,1e-08,0.35459999344311655,1.0000000000000002
371,20260725,10,8,11,replaceable,replaceable,0.0,0.0,0.0,,True,1e-08,0.33960001019295305,0.9999999999999997
372,20260725,10,8,12,replaceable,replaceable,0.0,0.0,0.0,,True,1e-08,0.3462000022409484,1.0
373,20260725,10,8,13,replaceable,replaceable,0.0,0.0,0.0,,True,1e-08,0.3429999924264848,1.0
374,20260725,10,8,14,replaceable,replaceable,0.0,0.0,0.0,,True,1e-08,0.3392999933566898,0.9999999999999998
375,20260725,10,8,15,replaceable,replaceable,0.0,0.0,0.0,,True,1e-08,0.338400001055561,1.0
376,20260725,10,8,16,replaceable,replaceable,0.0,0.0,0.0,,True,1e-08,0.34640000376384705,0.9999999999999999
377,20260725,10,8,17,replaceable,replaceable,0.0,0.0,0.0,,True,1e-08,0.34169999707955867,1.0
378,20260725,10,8,18,replaceable,replaceable,0.0,0.0,0.0,,True,1e-08,0.3556000010576099,1.0
379,20260725,10,8,19,replaceable,replaceable,0.0,0.0,0.0,,True,1e-08,0.33680000342428684,0.9999999999999999
380,20260725,10,8,20,replaceable,replaceable,0.0,0.0,0.0,,True,1e-08,0.33460000122431666,0.9999999999999999
381,20260725,10,8,21,replaceable,replaceable,0.0,0.0,0.0,,True,1e-08,0.33629999961704016,1.0000000000000002
382,20260725,10,8,22,replaceable,replaceable,0.0,0.0,0.0,,True,1e-08,0.33909999183379114,1.0000000000000002
383,20260725,10,8,23,replaceable,replaceable,0.0,0.0,0.0,,True,1e-08,0.3507999936118722,0.9999999999999998
384,20260725,10,8,24,replaceable,replaceable,0.0,0.0,0.0,,True,1e-08,0.33760000951588154,1.0000000000000002
385,20260725,10,8,25,replaceable,replaceable,0.0,0.0,0.0,,True,1e-08,0.34649998997338116,1.0
386,20260725,10,8,26,replaceable,replaceable,0.0,0.0,0.0,,True,1e-08,0.34359999699518085,1.0000000000000002
387,20260725,10,8,27,replaceable,replaceable,0.0,0.0,0.0,,True,1e-08,0.34130000858567655,0.9999999999999999
388,20260725,10,8,28,replaceable,replaceable,0.0,0.0,0.0,,True,1e-08,0.3586999955587089,0.9999999999999996
389,20260725,10,8,29,replaceable,replaceable,0.0,0.0,0.0,,True,1e-08,0.3606999962357804,1.0
390,20260725,10,8,30,replaceable,replaceable,0.0,0.0,0.0,,True,1e-08,0.34669999149627984,0.9999999999999994
391,20260725,10,8,31,replaceable,replaceable,0.0,0.0,0.0,,True,1e-08,0.33370000892318785,0.9999999999999999
392,20260725,10,8,32,replaceable,replaceable,0.0,0.0,0.0,,True,1e-08,0.34749999758787453,1.0000000000000002
393,20260725,10,8,33,replaceable,replaceable,0.0,0.0,0.0,,True,1e-08,0.3328000020701438,1.0
394,20260725,10,8,34,replaceable,replaceable,0.0,0.0,0.0,,True,1e-08,0.34079999022651464,0.9999999999999999
395,20260725,10,8,35,replaceable,replaceable,0.0,0.0,0.0,,True,1e-08,0.34830000367946923,1.0
396,20260725,10,8,36,replaceable,replaceable,0.0,0.0,0.0,,True,1e-08,0.34810000215657055,0.9999999999999998
397,20260725,10,8,37,replaceable,replaceable,0.0,0.0,0.0,,True,1e-08,0.34020000020973384,1.0
398,20260725,10,8,38,replaceable,replaceable,0.0,0.0,0.0,,True,1e-08,0.338700003339909,0.9999999999999999
399,20260725,10,8,39,replaceable,replaceable,0.0,0.0,0.0,,True,1e-08,0.3637000045273453,1.0
400,20260725,10,8,40,replaceable,replaceable,0.0,0.0,0.0,,True,1e-08,0.345499996910803,1.0
401,20260725,10,8,41,replaceable,replaceable,0.0,0.0,0.0,,True,1e-08,0.33230001281481236,1.0
402,20260725,10,8,42,replaceable,replaceable,0.0,0.0,0.0,,True,1e-08,0.3367999888723716,1.0
403,20260725,10,8,43,replaceable,replaceable,0.0,0.0,0.0,,True,1e-08,0.3336999943712726,1.0
404,20260725,10,8,44,replaceable,replaceable,0.0,0.0,0.0,,True,1e-08,0.34189999860245734,1.0
405,20260725,10,8,45,replaceable,replaceable,0.0,0.0,0.0,,True,1e-08,0.3406000032555312,1.0
406,20260725,10,8,46,replaceable,replaceable,0.0,0.0,0.0,,True,1e-08,0.34619998768903315,0.9999999999999999
407,20260725,10,8,47,replaceable,replaceable,0.0,0.0,0.0,,True,1e-08,0.34329999471083283,1.0
408,20260725,10,8,48,replaceable,replaceable,0.0,0.0,0.0,,True,1e-08,0.331300005200319,1.0
409,20260725,10,8,49,replaceable,replaceable,0.0,0.0,0.0,,True,1e-08,0.334700001985766,1.0
410,20260725,10,8,50,replaceable,replaceable,0.0,0.0,0.0,,True,1e-08,0.3603999939514324,1.0
411,20260725,10,8,51,replaceable,replaceable,0.0,0.0,0.0,,True,1e-08,0.34509999386500567,0.9999999999999999
412,20260725,10,8,52,replaceable,replaceable,0.0,0.0,0.0,,True,1e-08,0.3428999916650355,1.0000000000000016
413,20260725,10,8,53,replaceable,replaceable,0.0,0.0,0.0,,True,1e-08,0.33000000985339284,0.9999999999999999
414,20260725,10,8,54,replaceable,replaceable,0.0,0.0,0.0,,True,1e-08,0.3333999920869246,0.9999999999999998
415,20260725,10,8,55,replaceable,replaceable,0.0,0.0,0.0,,True,1e-08,0.3336000081617385,1.0000000000000002
416,20260725,10,8,56,replaceable,replaceable,0.0,0.0,0.0,,True,1e-08,0.334399999701418,1.0
417,20260725,10,8,57,replaceable,replaceable,0.0,0.0,0.0,,True,1e-08,0.33710000570863485,0.9999999999999999
418,20260725,10,8,58,replaceable,replaceable,0.0,0.0,0.0,,True,1e-08,0.3378999972483143,1.0
419,20260725,10,8,59,replaceable,replaceable,0.0,0.0,0.0,,True,1e-08,0.34100000630132854,1.0
420,20260725,10,8,0,separable,separable,1.7131146265003891,0.0,,0.8565573132501946,True,1e-08,0.385499995900318,1.0
421,20260725,10,8,1,separable,separable,1.5894121422057783,0.0,,0.7947060711028892,True,1e-08,0.41459999920334667,1.0
422,20260725,10,8,2,separable,separable,1.4974941915599735,0.0,,0.7487470957799869,True,1e-08,0.3902000025846064,1.0
423,20260725,10,8,3,separable,separable,1.5522485712994372,0.0,,0.7761242856497186,True,1e-08,0.32130000181496143,1.0
424,20260725,10,8,4,separable,separable,1.3997324219292855,0.0,,0.6998662109646429,True,1e-08,0.30929999775253236,1.0
425,20260725,10,8,5,separable,separable,1.605020313440475,0.0,,0.8025101567202375,True,1e-08,0.36109999928157777,1.0
426,20260725,10,8,6,separable,separable,1.6297456379840771,0.0,,0.8148728189920386,True,1e-08,0.38019999919924885,1.0
427,20260725,10,8,7,separable,separable,1.4392703993036193,0.0,,0.7196351996518098,True,1e-08,0.3539000026648864,1.0
428,20260725,10,8,8,separable,separable,1.7083065646660278,0.0,,0.8541532823330138,True,1e-08,0.38050000148359686,1.0
429,20260725,10,8,9,separable,separable,1.2330862621856384,0.0,,0.6165431310928191,True,1e-08,0.39169999945443124,1.0
430,20260725,10,8,10,separable,separable,1.1303576665151547,0.0,,0.5651788332575773,True,1e-08,0.3829000052064657,1.0
431,20260725,10,8,11,separable,separable,1.8275423890355513,0.0,,0.9137711945177757,True,1e-08,0.4030999989481643,1.0
432,20260725,10,8,12,separable,separable,1.3406837907154985,0.0,,0.6703418953577492,True,1e-08,0.34070000401698053,1.0
433,20260725,10,8,13,separable,separable,1.3019766445470375,0.0,,0.6509883222735187,True,1e-08,0.32730000384617597,1.0
434,20260725,10,8,14,separable,separable,1.4946571823890082,0.0,,0.7473285911945042,True,1e-08,0.32110000029206276,1.0
435,20260725,10,8,15,separable,separable,1.4564983130051308,0.0,,0.7282491565025653,True,1e-08,0.3829000052064657,1.0
436,20260725,10,8,16,separable,separable,1.3164385734657555,0.0,,0.6582192867328778,True,1e-08,0.3429000062169507,1.0
437,20260725,10,8,17,separable,separable,1.4997684340286526,0.0,,0.7498842170143263,True,1e-08,0.3212000010535121,1.0
438,20260725,10,8,18,separable,separable,1.6204791758242387,0.0,,0.8102395879121193,True,1e-08,0.32130000181496143,1.0
439,20260725,10,8,19,separable,separable,0.9645376518297781,0.0,,0.48226882591488907,True,1e-08,0.32079999800771475,1.0
440,20260725,10,8,20,separable,separable,1.5993666927686707,0.0,,0.7996833463843354,True,1e-08,0.37319998955354095,1.0
441,20260725,10,8,21,separable,separable,1.6096528555264156,0.0,,0.804826427763208,True,1e-08,0.38240000139921904,1.0
442,20260725,10,8,22,separable,separable,1.6479811299418936,0.0,,0.8239905649709467,True,1e-08,0.3775999939534813,1.0
443,20260725,10,8,23,separable,separable,1.352344056980352,0.0,,0.676172028490176,True,1e-08,0.3268000000389293,1.0
444,20260725,10,8,24,separable,separable,1.3997352155030622,0.0,,0.6998676077515312,True,1e-08,0.32080001255963,1.0
445,20260725,10,8,25,separable,separable,1.6264902253582398,0.0,,0.8132451126791198,True,1e-08,0.35679999564308673,1.0
446,20260725,10,8,26,separable,separable,1.4094014664885732,0.0,,0.7047007332442867,True,1e-08,0.3192000003764406,1.0
447,20260725,10,8,27,separable,separable,1.6383682226861436,0.0,,0.8191841113430719,True,1e-08,0.3222999948775396,1.0
448,20260725,10,8,28,separable,separable,1.2763728467582776,0.0,,0.6381864233791388,True,1e-08,0.36079999699722975,1.0
449,20260725,10,8,29,separable,separable,1.37854330188787,0.0,,0.6892716509439352,True,1e-08,0.3588999970816076,1.0
450,20260725,10,8,30,separable,separable,1.4779806551153072,0.0,,0.7389903275576537,True,1e-08,0.3146999952150509,1.0
451,20260725,10,8,31,separable,separable,1.4757362225241417,0.0,,0.7378681112620709,True,1e-08,0.3510999958962202,1.0
452,20260725,10,8,32,separable,separable,1.6539772439220328,0.0,,0.8269886219610164,True,1e-08,0.36530000215861946,1.0
453,20260725,10,8,33,separable,separable,1.6466147511913705,0.0,,0.8233073755956852,True,1e-08,0.3589999978430569,1.0
454,20260725,10,8,34,separable,separable,1.5930260545472341,0.0,,0.7965130272736171,True,1e-08,0.3727999865077436,1.0
455,20260725,10,8,35,separable,separable,1.5657377891182156,0.0,,0.782868894559108,True,1e-08,0.3662999952211976,1.0
456,20260725,10,8,36,separable,separable,1.4838929498370481,0.0,,0.7419464749185241,True,1e-08,0.3147999959765002,1.0
457,20260725,10,8,37,separable,separable,1.4745202301726246,0.0,,0.7372601150863123,True,1e-08,0.36610000825021416,1.0
458,20260725,10,8,38,separable,separable,1.4290451847965286,0.0,,0.7145225923982641,True,1e-08,0.367600005120039,1.0
459,20260725,10,8,39,separable,separable,1.856238451245853,0.0,,0.9281192256229265,True,1e-08,0.36619999445974827,1.0
460,20260725,10,8,40,separable,separable,1.7405497512097114,0.0,,0.8702748756048557,True,1e-08,0.363900006050244,1.0
461,20260725,10,8,41,separable,separable,1.517717897132269,0.0,,0.7588589485661345,True,1e-08,0.35790000401902944,1.0
462,20260725,10,8,42,separable,separable,1.5780978702609836,0.0,,0.7890489351304918,True,1e-08,0.36019999242853373,1.0
463,20260725,10,8,43,separable,separable,1.4653708913545966,0.0,,0.7326854456772983,True,1e-08,0.35770000249613076,1.0
464,20260725,10,8,44,separable,separable,1.653317523216892,0.0,,0.826658761608446,True,1e-08,0.36789999285247177,1.0
465,20260725,10,8,45,separable,separable,1.525586743971096,0.0,,0.762793371985548,True,1e-08,0.3291000030003488,1.0
466,20260725,10,8,46,separable,separable,1.6184609016998328,0.0,,0.8092304508499164,True,1e-08,0.30810000316705555,1.0
467,20260725,10,8,47,separable,separable,1.5321640146608644,0.0,,0.7660820073304323,True,1e-08,0.3580999909900129,1.0
468,20260725,10,8,48,separable,separable,1.5110318500594084,0.0,,0.7555159250297042,True,1e-08,0.32709998777136207,1.0
469,20260725,10,8,49,separable,separable,1.7071980981876218,0.0,,0.853599049093811,True,1e-08,0.32839999767020345,1.0
470,20260725,10,8,50,separable,separable,1.1875860757556276,0.0,,0.5937930378778138,True,1e-08,0.38470000436063856,1.0
471,20260725,10,8,51,separable,separable,1.6336179744978523,0.0,,0.8168089872489259,True,1e-08,0.33150000672321767,1.0
472,20260725,10,8,52,separable,separable,1.395469109184322,0.0,,0.6977345545921609,True,1e-08,0.38159999530762434,1.0
473,20260725,10,8,53,separable,separable,1.6606008915562636,0.0,,0.8303004457781318,True,1e-08,0.3887000057147816,1.0
474,20260725,10,8,54,separable,separable,1.50759315331054,0.0,,0.7537965766552699,True,1e-08,0.3299999953014776,1.0
475,20260725,10,8,55,separable,separable,1.2475309347954224,0.0,,0.6237654673977111,True,1e-08,0.3806000022450462,1.0
476,20260725,10,8,56,separable,separable,0.9142208949561006,0.0,,0.4571104474780503,True,1e-08,0.3842000005533919,1.0
477,20260725,10,8,57,separable,separable,1.4313153828989877,0.0,,0.7156576914494939,True,1e-08,0.36019999242853373,1.0
478,20260725,10,8,58,separable,separable,1.7732549830816042,0.0,,0.886627491540802,True,1e-08,0.32190000638365746,1.0
479,20260725,10,8,59,separable,separable,1.7446413363487485,0.0,,0.8723206681743743,True,1e-08,0.3576000017346814,1.0
480,20260725,10,8,0,near_boundary,separable,1.9999999999881224e-07,1e-07,,9.999999999940612e-08,True,1e-08,0.3394999948795885,1.0
481,20260725,10,8,1,near_boundary,separable,2.0000000001954888e-07,1e-07,,9.999999999940612e-08,True,1e-08,0.3268000000389293,0.9999999999999999
482,20260725,10,8,2,near_boundary,separable,2.0000000000228169e-07,1e-07,,9.999999999940612e-08,True,1e-08,0.331000002915971,1.0
483,20260725,10,8,3,near_boundary,separable,2.0000000000228169e-07,1e-07,,9.999999999940612e-08,True,1e-08,0.35170000046491623,1.0
484,20260725,10,8,4,near_boundary,separable,1.99999999994429e-07,1e-07,,9.999999999940612e-08,True,1e-08,0.34109999251086265,1.0
485,20260725,10,8,5,near_boundary,separable,2.000000000395692e-07,1e-07,,9.999999999940612e-08,True,1e-08,0.34919999598059803,1.0000000000000002
486,20260725,10,8,6,near_boundary,separable,1.9999999999323744e-07,1e-07,,9.999999999940612e-08,True,1e-08,0.34410000080242753,1.0000000000000002
487,20260725,10,8,7,near_boundary,separable,2.000000000064978e-07,1e-07,,9.999999999940612e-08,True,1e-08,0.34550001146271825,1.0
488,20260725,10,8,8,near_boundary,separable,2.0000000001635503e-07,1e-07,,9.999999999940612e-08,True,1e-08,0.3341999981785193,0.9999999999999997
489,20260725,10,8,9,near_boundary,separable,2.000000000074742e-07,1e-07,,9.999999999940612e-08,True,1e-08,0.3513999981805682,1.0
490,20260725,10,8,10,near_boundary,separable,1.9999999999993882e-07,1e-07,,9.999999999940612e-08,True,1e-08,0.3271000023232773,1.0
491,20260725,10,8,11,near_boundary,separable,2.0000000001112842e-07,1e-07,,9.999999999940612e-08,True,1e-08,0.32279999868478626,1.0
492,20260725,10,8,12,near_boundary,separable,2.0000000000228169e-07,1e-07,,9.999999999940612e-08,True,1e-08,0.32639999699313194,1.0
493,20260725,10,8,13,near_boundary,separable,1.9999999998524354e-07,1e-07,,9.999999999940612e-08,True,1e-08,0.3304999991087243,1.0000000000000002
494,20260725,10,8,14,near_boundary,separable,2.0000000003640033e-07,1e-07,,9.999999999940612e-08,True,1e-08,0.34690000757109374,1.0
495,20260725,10,8,15,near_boundary,separable,2.0000000000353402e-07,1e-07,,9.999999999940612e-08,True,1e-08,0.3389999910723418,1.0
496,20260725,10,8,16,near_boundary,separable,1.9999999999092488e-07,1e-07,,9.999999999940612e-08,True,1e-08,0.3304999991087243,1.0
497,20260725,10,8,17,near_boundary,separable,2.0000000003050286e-07,1e-07,,9.999999999940612e-08,True,1e-08,0.32530000316910446,0.9999999999999999
498,20260725,10,8,18,near_boundary,separable,2.000000000233191e-07,1e-07,,9.999999999940612e-08,True,1e-08,0.3507000074023381,1.0000000000000002
499,20260725,10,8,19,near_boundary,separable,1.9999999999712363e-07,1e-07,,9.999999999940612e-08,True,1e-08,0.33889999031089246,0.9999999999999994
500,20260725,10,8,20,near_boundary,separable,2.0000000000228166e-07,1e-07,,9.999999999940612e-08,True,1e-08,0.3308000013930723,1.0
501,20260725,10,8,21,near_boundary,separable,1.9999999999881216e-07,1e-07,,9.999999999940612e-08,True,1e-08,0.3294000052846968,1.0
502,20260725,10,8,22,near_boundary,separable,2.0000000000757575e-07,1e-07,,9.999999999940612e-08,True,1e-08,0.3352000057930127,1.0000000000000002
503,20260725,10,8,23,near_boundary,separable,1.9999999999840513e-07,1e-07,,9.999999999940612e-08,True,1e-08,0.3257000062149018,0.9999999999999999
504,20260725,10,8,24,near_boundary,separable,1.999999999653053e-07,1e-07,,9.999999999940612e-08,True,1e-08,0.3426999901421368,1.0000000000000002
505,20260725,10,8,25,near_boundary,separable,1.9999999999881224e-07,1e-07,,9.999999999940612e-08,True,1e-08,0.34339999547228217,1.0
506,20260725,10,8,26,near_boundary,separable,1.9999999997714672e-07,1e-07,,9.999999999940612e-08,True,1e-08,0.32720000308472663,1.0
507,20260725,10,8,27,near_boundary,separable,1.999999996214724e-07,1e-07,,9.999999999940612e-08,True,1e-08,0.33819999953266233,1.0
508,20260725,10,8,28,near_boundary,separable,2.0000000000851707e-07,1e-07,,9.999999999940612e-08,True,1e-08,0.3311000036774203,1.0
509,20260725,10,8,29,near_boundary,separable,2.00000000003519e-07,1e-07,,9.999999999940612e-08,True,1e-08,0.34899999445769936,1.0
510,20260725,10,8,30,near_boundary,separable,1.999999999993823e-07,1e-07,,9.999999999940612e-08,True,1e-08,0.35339999885763973,0.9999999999999999
511,20260725,10,8,31,near_boundary,separable,2.0000000000117911e-07,1e-07,,9.999999999940612e-08,True,1e-08,0.3558000025805086,1.0
512,20260725,10,8,32,near_boundary,separable,2.0000000000345266e-07,1e-07,,9.999999999940612e-08,True,1e-08,0.3228999994462356,1.0
513,20260725,10,8,33,near_boundary,separable,2.0000000000379584e-07,1e-07,,9.999999999940612e-08,True,1e-08,0.32219999411609024,1.0
514,20260725,10,8,34,near_boundary,separable,2.0000000001086557e-07,1e-07,,9.999999999940612e-08,True,1e-08,0.3333999920869246,1.0000000000000004
515,20260725,10,8,35,near_boundary,separable,1.9999999999881219e-07,1e-07,,9.999999999940612e-08,True,1e-08,0.33650000113993883,1.0
516,20260725,10,8,36,near_boundary,separable,1.9999999997285732e-07,1e-07,,9.999999999940612e-08,True,1e-08,0.3431999939493835,0.9999999999999998
517,20260725,10,8,37,near_boundary,separable,2.0000000000228169e-07,1e-07,,9.999999999940612e-08,True,1e-08,0.33429999893996865,1.0
518,20260725,10,8,38,near_boundary,separable,2.0000000000539215e-07,1e-07,,9.999999999940612e-08,True,1e-08,0.32300000020768493,1.0
519,20260725,10,8,39,near_boundary,separable,1.999999999723289e-07,1e-07,,9.999999999940612e-08,True,1e-08,0.33260000054724514,1.0
520,20260725,10,8,40,near_boundary,separable,1.999999999616536e-07,1e-07,,9.999999999940612e-08,True,1e-08,0.33059999987017363,1.0000000000000002
521,20260725,10,8,41,near_boundary,separable,2.0000000000054696e-07,1e-07,,9.999999999940612e-08,True,1e-08,0.34389999927952886,1.0
522,20260725,10,8,42,near_boundary,separable,2.0000000000159644e-07,1e-07,,9.999999999940612e-08,True,1e-08,0.3259000077378005,1.0
523,20260725,10,8,43,near_boundary,separable,2.0000000000865537e-07,1e-07,,9.999999999940612e-08,True,1e-08,0.31960000342223793,0.9999999999999999
524,20260725,10,8,44,near_boundary,separable,1.9999999996446053e-07,1e-07,,9.999999999940612e-08,True,1e-08,0.32699998700991273,1.0
525,20260725,10,8,45,near_boundary,separable,2.0000000001338266e-07,1e-07,,9.999999999940612e-08,True,1e-08,0.32920000376179814,1.0
526,20260725,10,8,46,near_boundary,separable,2.0000000000356608e-07,1e-07,,9.999999999940612e-08,True,1e-08,0.3269000008003786,1.0
527,20260725,10,8,47,near_boundary,separable,1.9999999997670722e-07,1e-07,,9.999999999940612e-08,True,1e-08,0.3316999936942011,1.0
528,20260725,10,8,48,near_boundary,separable,1.999999999760614e-07,1e-07,,9.999999999940612e-08,True,1e-08,0.3288000007160008,1.0000000000000002
529,20260725,10,8,49,near_boundary,separable,1.9999999993355907e-07,1e-07,,9.999999999940612e-08,True,1e-08,0.32959999225568026,1.0000000000000004
530,20260725,10,8,50,near_boundary,separable,2.0000000000030956e-07,1e-07,,9.999999999940612e-08,True,1e-08,0.3315999929327518,1.0
531,20260725,10,8,51,near_boundary,separable,2.0000000000230032e-07,1e-07,,9.999999999940612e-08,True,1e-08,0.3277999931015074,1.0
532,20260725,10,8,52,near_boundary,separable,1.999999999757979e-07,1e-07,,9.999999999940612e-08,True,1e-08,0.3635000030044466,1.0
533,20260725,10,8,53,near_boundary,separable,2.0000000000024208e-07,1e-07,,9.999999999940612e-08,True,1e-08,0.348299989127554,1.0
534,20260725,10,8,54,near_boundary,separable,2.0000000001149338e-07,1e-07,,9.999999999940612e-08,True,1e-08,0.3296000068075955,1.0
535,20260725,10,8,55,near_boundary,separable,2.000000000063822e-07,1e-07,,9.999999999940612e-08,True,1e-08,0.3245999978389591,0.9999999999999998
536,20260725,10,8,56,near_boundary,separable,1.9999999998464477e-07,1e-07,,9.999999999940612e-08,True,1e-08,0.3209999995306134,1.0
537,20260725,10,8,57,near_boundary,separable,2.0000000005396393e-07,1e-07,,9.999999999940612e-08,True,1e-08,0.32920000376179814,0.9999999999999999
538,20260725,10,8,58,near_boundary,separable,1.999999999988123e-07,1e-07,,9.999999999940612e-08,True,1e-08,0.33490000350866467,1.0
539,20260725,10,8,59,near_boundary,separable,1.9999999997225368e-07,1e-07,,9.999999999940612e-08,True,1e-08,0.3419999993639067,0.9999999999999993
540,20260725,20,12,0,replaceable,replaceable,0.0,0.0,0.0,,True,1e-08,0.5250999965937808,1.0000000000000002
541,20260725,20,12,1,replaceable,replaceable,0.0,0.0,0.0,,True,1e-08,0.46830000064801425,0.9999999999999999
542,20260725,20,12,2,replaceable,replaceable,0.0,0.0,0.0,,True,1e-08,0.48129999777302146,0.9999999999999998
543,20260725,20,12,3,replaceable,replaceable,0.0,0.0,0.0,,True,1e-08,0.4741000011563301,1.0000000000000007
544,20260725,20,12,4,replaceable,replaceable,0.0,0.0,0.0,,True,1e-08,0.4538000066531822,1.0
545,20260725,20,12,5,replaceable,replaceable,0.0,0.0,0.0,,True,1e-08,0.44680001155938953,0.9999999999999998
546,20260725,20,12,6,replaceable,replaceable,0.0,0.0,0.0,,True,1e-08,0.4498000052990392,1.0
547,20260725,20,12,7,replaceable,replaceable,0.0,0.0,0.0,,True,1e-08,0.44830000842921436,0.9999999999999997
548,20260725,20,12,8,replaceable,replaceable,0.0,0.0,0.0,,True,1e-08,0.4430999979376793,1.0000000000000016
549,20260725,20,12,9,replaceable,replaceable,0.0,0.0,0.0,,True,1e-08,0.4642999992938712,1.0000000000000002
550,20260725,20,12,10,replaceable,replaceable,0.0,0.0,0.0,,True,1e-08,0.45419999514706433,0.9999999999999999
551,20260725,20,12,11,replaceable,replaceable,0.0,0.0,0.0,,True,1e-08,0.47790000098757446,1.0000000000000002
552,20260725,20,12,12,replaceable,replaceable,0.0,0.0,0.0,,True,1e-08,0.45870000030845404,0.9999999999999997
553,20260725,20,12,13,replaceable,replaceable,0.0,0.0,0.0,,True,1e-08,0.4419000033522025,1.0
554,20260725,20,12,14,replaceable,replaceable,0.0,0.0,0.0,,True,1e-08,0.43879999429918826,0.9999999999999999
555,20260725,20,12,15,replaceable,replaceable,0.0,0.0,0.0,,True,1e-08,0.45000000682193786,1.0
556,20260725,20,12,16,replaceable,replaceable,0.0,0.0,0.0,,True,1e-08,0.4524999967543408,1.0
557,20260725,20,12,17,replaceable,replaceable,0.0,0.0,0.0,,True,1e-08,0.4377000004751608,1.0
558,20260725,20,12,18,replaceable,replaceable,0.0,0.0,0.0,,True,1e-08,0.45140000293031335,1.0
559,20260725,20,12,19,replaceable,replaceable,0.0,0.0,0.0,,True,1e-08,0.4645000008167699,1.0
560,20260725,20,12,20,replaceable,replaceable,0.0,0.0,0.0,,True,1e-08,0.46549999387934804,1.0000000000000004
561,20260725,20,12,21,replaceable,replaceable,0.0,0.0,0.0,,True,1e-08,0.4381000035209581,0.9999999999999997
562,20260725,20,12,22,replaceable,replaceable,0.0,0.0,0.0,,True,1e-08,0.4437000025063753,1.0000000000000007
563,20260725,20,12,23,replaceable,replaceable,0.0,0.0,0.0,,True,1e-08,0.4619999963324517,1.0000000000000002
564,20260725,20,12,24,replaceable,replaceable,0.0,0.0,0.0,,True,1e-08,0.4498999915085733,1.0
565,20260725,20,12,25,replaceable,replaceable,0.0,0.0,0.0,,True,1e-08,0.4453000001376495,1.0
566,20260725,20,12,26,replaceable,replaceable,0.0,0.0,0.0,,True,1e-08,0.447900005383417,0.9999999999999971
567,20260725,20,12,27,replaceable,replaceable,0.0,0.0,0.0,,True,1e-08,0.458399998024106,0.9999999999999994
568,20260725,20,12,28,replaceable,replaceable,0.0,0.0,0.0,,True,1e-08,0.4634000069927424,0.9999999999999999
569,20260725,20,12,29,replaceable,replaceable,0.0,0.0,0.0,,True,1e-08,0.46799999836366624,0.9999999999999999
570,20260725,20,12,30,replaceable,replaceable,0.0,0.0,0.0,,True,1e-08,0.4655999946407974,0.9999999999999998
571,20260725,20,12,31,replaceable,replaceable,0.0,0.0,0.0,,True,1e-08,0.45229999523144215,1.0000000000000007
572,20260725,20,12,32,replaceable,replaceable,0.0,0.0,0.0,,True,1e-08,0.45200000749900937,1.0
573,20260725,20,12,33,replaceable,replaceable,0.0,0.0,0.0,,True,1e-08,0.44800000614486635,1.0
574,20260725,20,12,34,replaceable,replaceable,0.0,0.0,0.0,,True,1e-08,0.45849999878555536,1.0000000000000004
575,20260725,20,12,35,replaceable,replaceable,0.0,0.0,0.0,,True,1e-08,0.44450000859797,0.9999999999999997
576,20260725,20,12,36,replaceable,replaceable,0.0,0.0,0.0,,True,1e-08,0.4600999964168295,0.9999999999999998
577,20260725,20,12,37,replaceable,replaceable,0.0,0.0,0.0,,True,1e-08,0.4693999944720417,1.0
578,20260725,20,12,38,replaceable,replaceable,0.0,0.0,0.0,,True,1e-08,0.4393999988678843,0.9999999999999998
579,20260725,20,12,39,replaceable,replaceable,0.0,0.0,0.0,,True,1e-08,0.4625000001396984,1.0000000000000007
580,20260725,20,12,40,replaceable,replaceable,0.0,0.0,0.0,,True,1e-08,0.4698999982792884,1.0
581,20260725,20,12,41,replaceable,replaceable,0.0,0.0,0.0,,True,1e-08,0.44829999387729913,0.9999999999999998
582,20260725,20,12,42,replaceable,replaceable,0.0,0.0,0.0,,True,1e-08,0.44609999167732894,1.0
583,20260725,20,12,43,replaceable,replaceable,0.0,0.0,0.0,,True,1e-08,0.5342000076780096,1.0
584,20260725,20,12,44,replaceable,replaceable,0.0,0.0,0.0,,True,1e-08,0.4715999966720119,1.0
585,20260725,20,12,45,replaceable,replaceable,0.0,0.0,0.0,,True,1e-08,0.4757999995490536,1.0
586,20260725,20,12,46,replaceable,replaceable,0.0,0.0,0.0,,True,1e-08,0.4521999944699928,0.9999999999999999
587,20260725,20,12,47,replaceable,replaceable,0.0,0.0,0.0,,True,1e-08,0.4312999953981489,0.9999999999999998
588,20260725,20,12,48,replaceable,replaceable,0.0,0.0,0.0,,True,1e-08,0.4528999998001382,1.0000000000000002
589,20260725,20,12,49,replaceable,replaceable,0.0,0.0,0.0,,True,1e-08,0.4552000027615577,1.0000000000000002
590,20260725,20,12,50,replaceable,replaceable,0.0,0.0,0.0,,True,1e-08,0.4486999969230965,0.9999999999999997
591,20260725,20,12,51,replaceable,replaceable,0.0,0.0,0.0,,True,1e-08,0.43539999751374125,1.0
592,20260725,20,12,52,replaceable,replaceable,0.0,0.0,0.0,,True,1e-08,0.45339998905546963,1.0000000000000002
593,20260725,20,12,53,replaceable,replaceable,0.0,0.0,0.0,,True,1e-08,0.4383999912533909,1.0
594,20260725,20,12,54,replaceable,replaceable,0.0,0.0,0.0,,True,1e-08,0.4501000075833872,1.0
595,20260725,20,12,55,replaceable,replaceable,0.0,0.0,0.0,,True,1e-08,0.4417000018293038,1.0000000000000002
596,20260725,20,12,56,replaceable,replaceable,0.0,0.0,0.0,,True,1e-08,0.4425000079208985,1.0000000000000002
597,20260725,20,12,57,replaceable,replaceable,0.0,0.0,0.0,,True,1e-08,0.4434000002220273,0.9999999999999999
598,20260725,20,12,58,replaceable,replaceable,0.0,0.0,0.0,,True,1e-08,0.4621999978553504,0.9999999999999999
599,20260725,20,12,59,replaceable,replaceable,0.0,0.0,0.0,,True,1e-08,0.46300000394694507,0.9999999999999999
600,20260725,20,12,0,separable,separable,1.7078147898877594,0.0,,0.8539073949438798,True,1e-08,0.458099995739758,1.0
601,20260725,20,12,1,separable,separable,1.4879460412046144,0.0,,0.7439730206023074,True,1e-08,0.40630000876262784,1.0
602,20260725,20,12,2,separable,separable,1.9038711679059745,0.0,,0.9519355839529874,True,1e-08,0.44979999074712396,1.0
603,20260725,20,12,3,separable,separable,1.820746615487124,0.0,,0.910373307743562,True,1e-08,0.4084999964106828,1.0
604,20260725,20,12,4,separable,separable,1.853444155122986,0.0,,0.926722077561493,True,1e-08,0.43759999971371144,1.0
605,20260725,20,12,5,separable,separable,1.7674136035607628,0.0,,0.8837068017803813,True,1e-08,0.44830000842921436,1.0
606,20260725,20,12,6,separable,separable,1.8750766120004638,0.0,,0.9375383060002319,True,1e-08,0.43060000461991876,1.0
607,20260725,20,12,7,separable,separable,1.530514744793468,0.0,,0.765257372396734,True,1e-08,0.384599989047274,1.0
608,20260725,20,12,8,separable,separable,1.6300805534158365,0.0,,0.8150402767079183,True,1e-08,0.3735999925993383,1.0
609,20260725,20,12,9,separable,separable,1.8135163490554962,0.0,,0.906758174527748,True,1e-08,0.4388999950606376,1.0
610,20260725,20,12,10,separable,separable,1.777007320150129,0.0,,0.8885036600750646,True,1e-08,0.43989998812321573,1.0
611,20260725,20,12,11,separable,separable,1.6915841055502294,0.0,,0.8457920527751147,True,1e-08,0.4425000079208985,1.0
612,20260725,20,12,12,separable,separable,1.6150987506983292,0.0,,0.8075493753491647,True,1e-08,0.40049999370239675,1.0
613,20260725,20,12,13,separable,separable,1.6457813347291006,0.0,,0.8228906673645504,True,1e-08,0.43429998913779855,1.0
614,20260725,20,12,14,separable,separable,1.7336384551610573,0.0,,0.8668192275805287,True,1e-08,0.38839998887851834,1.0
615,20260725,20,12,15,separable,separable,1.8217188720217699,0.0,,0.910859436010885,True,1e-08,0.42830000165849924,1.0
616,20260725,20,12,16,separable,separable,1.7757508751398685,0.0,,0.8878754375699343,True,1e-08,0.4211000050418079,1.0
617,20260725,20,12,17,separable,separable,1.6472214437986015,0.0,,0.8236107218993008,True,1e-08,0.4538999928627163,1.0
618,20260725,20,12,18,separable,separable,1.7542834439912431,0.0,,0.8771417219956216,True,1e-08,0.4377000004751608,1.0
619,20260725,20,12,19,separable,separable,1.7601275018154119,0.0,,0.8800637509077059,True,1e-08,0.4301000008126721,1.0
620,20260725,20,12,20,separable,separable,1.650671752828732,0.0,,0.8253358764143661,True,1e-08,0.4276000108802691,1.0
621,20260725,20,12,21,separable,separable,1.6769363811529456,0.0,,0.8384681905764728,True,1e-08,0.4493999877013266,1.0
622,20260725,20,12,22,separable,separable,1.6818789283574125,0.0,,0.8409394641787062,True,1e-08,0.4456000024219975,1.0
623,20260725,20,12,23,separable,separable,1.67947927122271,0.0,,0.8397396356113549,True,1e-08,0.4234999942127615,1.0
624,20260725,20,12,24,separable,separable,1.7660965236426232,0.0,,0.8830482618213116,True,1e-08,0.37740000698249787,1.0
625,20260725,20,12,25,separable,separable,1.7841223216486128,0.0,,0.8920611608243064,True,1e-08,0.4163999983575195,1.0
626,20260725,20,12,26,separable,separable,1.7864611845278369,0.0,,0.8932305922639183,True,1e-08,0.38639998820144683,1.0
627,20260725,20,12,27,separable,separable,1.7997987037205525,0.0,,0.8998993518602764,True,1e-08,0.4282000008970499,1.0
628,20260725,20,12,28,separable,separable,1.5151087902501357,0.0,,0.7575543951250678,True,1e-08,0.3978000022470951,1.0
629,20260725,20,12,29,separable,separable,1.7053606173742635,0.0,,0.8526803086871317,True,1e-08,0.43909999658353627,1.0
630,20260725,20,12,30,separable,separable,1.645106109587793,0.0,,0.8225530547938966,True,1e-08,0.39140001172199845,1.0
631,20260725,20,12,31,separable,separable,1.702976426232744,0.0,,0.851488213116372,True,1e-08,0.44809999235440046,1.0
632,20260725,20,12,32,separable,separable,1.7599165381279267,0.0,,0.8799582690639633,True,1e-08,0.4256999964127317,1.0
633,20260725,20,12,33,separable,separable,1.8110092661806072,0.0,,0.9055046330903036,True,1e-08,0.4199000104563311,1.0
634,20260725,20,12,34,separable,separable,1.3626277438463108,0.0,,0.6813138719231554,True,1e-08,0.374099996406585,1.0
635,20260725,20,12,35,separable,separable,1.817677381894961,0.0,,0.9088386909474804,True,1e-08,0.4326999915065244,1.0
636,20260725,20,12,36,separable,separable,1.6134832619205413,0.0,,0.8067416309602707,True,1e-08,0.4245000018272549,1.0
637,20260725,20,12,37,separable,separable,1.7509674885454256,0.0,,0.8754837442727129,True,1e-08,0.4241999995429069,1.0
638,20260725,20,12,38,separable,separable,1.71018716023035,0.0,,0.8550935801151751,True,1e-08,0.38920000952202827,1.0
639,20260725,20,12,39,separable,separable,1.8375910466139709,0.0,,0.9187955233069854,True,1e-08,0.45530000352300704,1.0
640,20260725,20,12,40,separable,separable,1.6930339634885614,0.0,,0.8465169817442807,True,1e-08,0.4454000008990988,1.0
641,20260725,20,12,41,separable,separable,1.8057851152278002,0.0,,0.9028925576139003,True,1e-08,0.4241999995429069,1.0
642,20260725,20,12,42,separable,separable,1.8149143090008273,0.0,,0.907457154500414,True,1e-08,0.42779999785125256,1.0
643,20260725,20,12,43,separable,separable,1.761115464104078,0.0,,0.880557732052039,True,1e-08,0.43960000039078295,1.0
644,20260725,20,12,44,separable,separable,1.802887640918429,0.0,,0.9014438204592143,True,1e-08,0.4447999963304028,1.0
645,20260725,20,12,45,separable,separable,1.829267832679418,0.0,,0.9146339163397091,True,1e-08,0.4321000014897436,1.0
646,20260725,20,12,46,separable,separable,1.6653411178490765,0.0,,0.832670558924538,True,1e-08,0.4226000019116327,1.0
647,20260725,20,12,47,separable,separable,1.8084077102633085,0.0,,0.9042038551316542,True,1e-08,0.4228000034345314,1.0
648,20260725,20,12,48,separable,separable,1.7040810639034418,0.0,,0.852040531951721,True,1e-08,0.4003000067314133,1.0
649,20260725,20,12,49,separable,separable,1.688457107062464,0.0,,0.844228553531232,True,1e-08,0.44770000386051834,1.0
650,20260725,20,12,50,separable,separable,1.6691721459969633,0.0,,0.8345860729984816,True,1e-08,0.4313000099500641,1.0
651,20260725,20,12,51,separable,separable,1.68854160110925,0.0,,0.8442708005546249,True,1e-08,0.4391999973449856,1.0
652,20260725,20,12,52,separable,separable,1.798890484163931,0.0,,0.8994452420819652,True,1e-08,0.46960001054685563,1.0
653,20260725,20,12,53,separable,separable,1.8059434384678648,0.0,,0.9029717192339322,True,1e-08,0.4354999982751906,1.0
654,20260725,20,12,54,separable,separable,1.789463491119136,0.0,,0.8947317455595678,True,1e-08,0.424899990321137,1.0
655,20260725,20,12,55,separable,separable,1.7684271772855717,0.0,,0.8842135886427857,True,1e-08,0.4241999995429069,1.0
656,20260725,20,12,56,separable,separable,1.7815546028718208,0.0,,0.8907773014359105,True,1e-08,0.378700002329424,1.0
657,20260725,20,12,57,separable,separable,1.8228230131397578,0.0,,0.9114115065698787,True,1e-08,0.4484999954001978,1.0
658,20260725,20,12,58,separable,separable,1.7460248321105816,0.0,,0.8730124160552909,True,1e-08,0.3963000053772703,1.0
659,20260725,20,12,59,separable,separable,1.5131706853596638,0.0,,0.7565853426798318,True,1e-08,0.3770000039367005,1.0
660,20260725,20,12,0,near_boundary,separable,2.0000000001802835e-07,1e-07,,9.999999999940612e-08,True,1e-08,0.4453000001376495,1.0000000000000009
661,20260725,20,12,1,near_boundary,separable,1.9999999999311245e-07,1e-07,,9.999999999940612e-08,True,1e-08,0.44240000715944916,1.0000000000000002
662,20260725,20,12,2,near_boundary,separable,2.0000000000240694e-07,1e-07,,9.999999999940612e-08,True,1e-08,0.42559999565128237,1.0
663,20260725,20,12,3,near_boundary,separable,2.00000000003359e-07,1e-07,,9.999999999940612e-08,True,1e-08,0.42130000656470656,1.0
664,20260725,20,12,4,near_boundary,separable,2.0000000001391568e-07,1e-07,,9.999999999940612e-08,True,1e-08,0.41540000529494137,1.0
665,20260725,20,12,5,near_boundary,separable,2.0000000002474384e-07,1e-07,,9.999999999940612e-08,True,1e-08,0.4307000053813681,1.0000000000000002
666,20260725,20,12,6,near_boundary,separable,1.999999999974427e-07,1e-07,,9.999999999940612e-08,True,1e-08,0.42699999175965786,1.0
667,20260725,20,12,7,near_boundary,separable,1.9999999998343295e-07,1e-07,,9.999999999940612e-08,True,1e-08,0.4383000050438568,1.0
668,20260725,20,12,8,near_boundary,separable,1.9999999995923282e-07,1e-07,,9.999999999940612e-08,True,1e-08,0.414399997680448,0.9999999999999998
669,20260725,20,12,9,near_boundary,separable,1.9999999999584334e-07,1e-07,,9.999999999940612e-08,True,1e-08,0.4178000090178102,1.0
670,20260725,20,12,10,near_boundary,separable,1.999999999996536e-07,1e-07,,9.999999999940612e-08,True,1e-08,0.428599989390932,1.0
671,20260725,20,12,11,near_boundary,separable,2.0000000000626478e-07,1e-07,,9.999999999940612e-08,True,1e-08,0.4284000024199486,0.9999999999999996
672,20260725,20,12,12,near_boundary,separable,1.9999999999588945e-07,1e-07,,9.999999999940612e-08,True,1e-08,0.4010999982710928,1.0
673,20260725,20,12,13,near_boundary,separable,2.000000000236285e-07,1e-07,,9.999999999940612e-08,True,1e-08,0.41519998922012746,0.9999999999999997
674,20260725,20,12,14,near_boundary,separable,2.0000000000446475e-07,1e-07,,9.999999999940612e-08,True,1e-08,0.42019999818876386,1.0
675,20260725,20,12,15,near_boundary,separable,1.999999999988134e-07,1e-07,,9.999999999940612e-08,True,1e-08,0.4366000066511333,1.0000000000000002
676,20260725,20,12,16,near_boundary,separable,2.0000000000791318e-07,1e-07,,9.999999999940612e-08,True,1e-08,0.4352000105427578,0.9999999999999999
677,20260725,20,12,17,near_boundary,separable,2.000000000198841e-07,1e-07,,9.999999999940612e-08,True,1e-08,0.4211000050418079,1.0
678,20260725,20,12,18,near_boundary,separable,2.0000000000429376e-07,1e-07,,9.999999999940612e-08,True,1e-08,0.42270000267308205,1.0
679,20260725,20,12,19,near_boundary,separable,2.0000000014233138e-07,1e-07,,9.999999999940612e-08,True,1e-08,0.4450999986147508,1.0000000000000004
680,20260725,20,12,20,near_boundary,separable,1.9999999999771957e-07,1e-07,,9.999999999940612e-08,True,1e-08,0.43110000842716545,1.0000000000000002
681,20260725,20,12,21,near_boundary,separable,1.9999999999881224e-07,1e-07,,9.999999999940612e-08,True,1e-08,0.40839999564923346,1.0
682,20260725,20,12,22,near_boundary,separable,1.999999999933626e-07,1e-07,,9.999999999940612e-08,True,1e-08,0.4337999998824671,1.0000000000000002
683,20260725,20,12,23,near_boundary,separable,2.0000000000547818e-07,1e-07,,9.999999999940612e-08,True,1e-08,0.44410000555217266,0.9999999999999999
684,20260725,20,12,24,near_boundary,separable,1.999999999975786e-07,1e-07,,9.999999999940612e-08,True,1e-08,0.41710000368766487,1.0
685,20260725,20,12,25,near_boundary,separable,1.9999999999612182e-07,1e-07,,9.999999999940612e-08,True,1e-08,0.4402999911690131,0.9999999999999999
686,20260725,20,12,26,near_boundary,separable,1.9999999999232762e-07,1e-07,,9.999999999940612e-08,True,1e-08,0.4406000080052763,1.0000000000000002
687,20260725,20,12,27,near_boundary,separable,2.0000000002376395e-07,1e-07,,9.999999999940612e-08,True,1e-08,0.4504999960772693,1.0
688,20260725,20,12,28,near_boundary,separable,1.9999999999648798e-07,1e-07,,9.999999999940612e-08,True,1e-08,0.40869999793358147,1.0
689,20260725,20,12,29,near_boundary,separable,2.000000000059334e-07,1e-07,,9.999999999940612e-08,True,1e-08,0.42019999818876386,1.0000000000000002
690,20260725,20,12,30,near_boundary,separable,1.9999999999674323e-07,1e-07,,9.999999999940612e-08,True,1e-08,0.41810001130215824,1.0
691,20260725,20,12,31,near_boundary,separable,1.999999999988123e-07,1e-07,,9.999999999940612e-08,True,1e-08,0.4324000037740916,1.0
692,20260725,20,12,32,near_boundary,separable,1.9999999999781433e-07,1e-07,,9.999999999940612e-08,True,1e-08,0.4290000069886446,1.0
693,20260725,20,12,33,near_boundary,separable,2.000000000162159e-07,1e-07,,9.999999999940612e-08,True,1e-08,0.4292000085115433,1.0
694,20260725,20,12,34,near_boundary,separable,1.9999999999534284e-07,1e-07,,9.999999999940612e-08,True,1e-08,0.4273000085959211,1.0
695,20260725,20,12,35,near_boundary,separable,2.0000000000054696e-07,1e-07,,9.999999999940612e-08,True,1e-08,0.41599999531172216,1.0
696,20260725,20,12,36,near_boundary,separable,1.9999999998846536e-07,1e-07,,9.999999999940612e-08,True,1e-08,0.41200000850949436,1.0
697,20260725,20,12,37,near_boundary,separable,2.0000000000182236e-07,1e-07,,9.999999999940612e-08,True,1e-08,0.4219999973429367,1.0
698,20260725,20,12,38,near_boundary,separable,2.000000000423464e-07,1e-07,,9.999999999940612e-08,True,1e-08,0.4195000074105337,1.0000000000000004
699,20260725,20,12,39,near_boundary,separable,2.000000000022817e-07,1e-07,,9.999999999940612e-08,True,1e-08,0.41110000165645033,1.0
700,20260725,20,12,40,near_boundary,separable,2.0000000000051623e-07,1e-07,,9.999999999940612e-08,True,1e-08,0.41429999691899866,1.0
701,20260725,20,12,41,near_boundary,separable,1.9999999999372774e-07,1e-07,,9.999999999940612e-08,True,1e-08,0.41980000969488174,1.0000000000000002
702,20260725,20,12,42,near_boundary,separable,2.0000000000270173e-07,1e-07,,9.999999999940612e-08,True,1e-08,0.41789999522734433,1.0
703,20260725,20,12,43,near_boundary,separable,1.999999999983232e-07,1e-07,,9.999999999940612e-08,True,1e-08,0.4326000052969903,1.0
704,20260725,20,12,44,near_boundary,separable,1.999999999988122e-07,1e-07,,9.999999999940612e-08,True,1e-08,0.4293999954825267,1.0
705,20260725,20,12,45,near_boundary,separable,2.0000000003354281e-07,1e-07,,9.999999999940612e-08,True,1e-08,0.4152999899815768,1.0000000000000002
706,20260725,20,12,46,near_boundary,separable,1.9999999998702583e-07,1e-07,,9.999999999940612e-08,True,1e-08,0.40750000334810466,1.0000000000000002
707,20260725,20,12,47,near_boundary,separable,1.9999999998689798e-07,1e-07,,9.999999999940612e-08,True,1e-08,0.4101999948034063,1.0
708,20260725,20,12,48,near_boundary,separable,2.0000000002291303e-07,1e-07,,9.999999999940612e-08,True,1e-08,0.41849999979604036,1.0000000000000002
709,20260725,20,12,49,near_boundary,separable,2.0000000000077428e-07,1e-07,,9.999999999940612e-08,True,1e-08,0.4528999998001382,1.0000000000000002
710,20260725,20,12,50,near_boundary,separable,2.000000000012634e-07,1e-07,,9.999999999940612e-08,True,1e-08,0.42579999717418104,0.9999999999999998
711,20260725,20,12,51,near_boundary,separable,2.0000000000040863e-07,1e-07,,9.999999999940612e-08,True,1e-08,0.40779999108053744,1.0
712,20260725,20,12,52,near_boundary,separable,1.9999999999294484e-07,1e-07,,9.999999999940612e-08,True,1e-08,0.4271000070730224,1.0
713,20260725,20,12,53,near_boundary,separable,2.0000000000715858e-07,1e-07,,9.999999999940612e-08,True,1e-08,0.4197000089334324,1.0
714,20260725,20,12,54,near_boundary,separable,2.000000000197142e-07,1e-07,,9.999999999940612e-08,True,1e-08,0.41030001011677086,1.0
715,20260725,20,12,55,near_boundary,separable,2.0000000000228169e-07,1e-07,,9.999999999940612e-08,True,1e-08,0.4121000092709437,1.0
716,20260725,20,12,56,near_boundary,separable,2.0000000000489761e-07,1e-07,,9.999999999940612e-08,True,1e-08,0.41819999751169235,1.0
717,20260725,20,12,57,near_boundary,separable,1.999999999556397e-07,1e-07,,9.999999999940612e-08,True,1e-08,0.43030000233557075,1.0000000000000002
718,20260725,20,12,58,near_boundary,separable,2.000000000099892e-07,1e-07,,9.999999999940612e-08,True,1e-08,0.40689999877940863,0.9999999999999998
719,20260725,20,12,59,near_boundary,separable,2.0000000001109641e-07,1e-07,,9.999999999940612e-08,True,1e-08,0.4130000015720725,1.0
720,20260726,3,4,0,replaceable,replaceable,0.0,0.0,0.0,,True,1e-08,0.29460000223480165,1.0
721,20260726,3,4,1,replaceable,replaceable,0.0,0.0,0.0,,True,1e-08,0.3001000004587695,0.9999999999999998
722,20260726,3,4,2,replaceable,replaceable,0.0,0.0,0.0,,True,1e-08,0.3110999969067052,1.0
723,20260726,3,4,3,replaceable,replaceable,0.0,0.0,0.0,,True,1e-08,0.28819999715778977,1.0
724,20260726,3,4,4,replaceable,replaceable,0.0,0.0,0.0,,True,1e-08,0.2789999998640269,1.0
725,20260726,3,4,5,replaceable,replaceable,0.0,0.0,0.0,,True,1e-08,0.2801999944495037,1.0000000000000002
726,20260726,3,4,6,replaceable,replaceable,0.0,0.0,0.0,,True,1e-08,0.27650000993162394,1.0
727,20260726,3,4,7,replaceable,replaceable,0.0,0.0,0.0,,True,1e-08,0.27879999834112823,1.0
728,20260726,3,4,8,replaceable,replaceable,0.0,0.0,0.0,,True,1e-08,0.29460000223480165,1.0000000000000002
729,20260726,3,4,9,replaceable,replaceable,0.0,0.0,0.0,,True,1e-08,0.30339999648276716,0.9999999999999999
730,20260726,3,4,10,replaceable,replaceable,0.0,0.0,0.0,,True,1e-08,0.2775000029942021,0.9999999999999999
731,20260726,3,4,11,replaceable,replaceable,0.0,0.0,0.0,,True,1e-08,0.28410000959411263,1.0000000000000002
732,20260726,3,4,12,replaceable,replaceable,0.0,0.0,0.0,,True,1e-08,0.294700002996251,1.0
733,20260726,3,4,13,replaceable,replaceable,0.0,0.0,0.0,,True,1e-08,0.2682000049389899,1.0
734,20260726,3,4,14,replaceable,replaceable,0.0,0.0,0.0,,True,1e-08,0.2860000095097348,0.9999999999999999
735,20260726,3,4,15,replaceable,replaceable,0.0,0.0,0.0,,True,1e-08,0.28399999428074807,0.9999999999999999
736,20260726,3,4,16,replaceable,replaceable,0.0,0.0,0.0,,True,1e-08,0.28029999521095306,1.0000000000000002
737,20260726,3,4,17,replaceable,replaceable,0.0,0.0,0.0,,True,1e-08,0.26810000417754054,0.9999999999999999
738,20260726,3,4,18,replaceable,replaceable,0.0,0.0,0.0,,True,1e-08,0.26729999808594584,1.0
739,20260726,3,4,19,replaceable,replaceable,0.0,0.0,0.0,,True,1e-08,0.27069999487139285,1.0000000000000002
740,20260726,3,4,20,replaceable,replaceable,0.0,0.0,0.0,,True,1e-08,0.2674999996088445,1.0
741,20260726,3,4,21,replaceable,replaceable,0.0,0.0,0.0,,True,1e-08,0.2818999928422272,1.0000000000000002
742,20260726,3,4,22,replaceable,replaceable,0.0,0.0,0.0,,True,1e-08,0.2700000040931627,1.0
743,20260726,3,4,23,replaceable,replaceable,0.0,0.0,0.0,,True,1e-08,0.26509999588597566,0.9999999999999998
744,20260726,3,4,24,replaceable,replaceable,0.0,0.0,0.0,,True,1e-08,0.2699000033317134,0.9999999999999999
745,20260726,3,4,25,replaceable,replaceable,0.0,0.0,0.0,,True,1e-08,0.2665999927558005,1.0
746,20260726,3,4,26,replaceable,replaceable,0.0,0.0,0.0,,True,1e-08,0.2668000088306144,0.9999999999999998
747,20260726,3,4,27,replaceable,replaceable,0.0,0.0,0.0,,True,1e-08,0.26780000189319253,1.0
748,20260726,3,4,28,replaceable,replaceable,0.0,0.0,0.0,,True,1e-08,0.2803000097628683,1.0
749,20260726,3,4,29,replaceable,replaceable,0.0,0.0,0.0,,True,1e-08,0.2817999920807779,1.0000000000000002
750,20260726,3,4,30,replaceable,replaceable,0.0,0.0,0.0,,True,1e-08,0.27829999453388155,1.0
751,20260726,3,4,31,replaceable,replaceable,0.0,0.0,0.0,,True,1e-08,0.2682000049389899,1.0
752,20260726,3,4,32,replaceable,replaceable,0.0,0.0,0.0,,True,1e-08,0.2677000011317432,0.9999999999999996
753,20260726,3,4,33,replaceable,replaceable,0.0,0.0,0.0,,True,1e-08,0.26640000578481704,0.9999999999999999
754,20260726,3,4,34,replaceable,replaceable,0.0,0.0,0.0,,True,1e-08,0.2769999991869554,1.0
755,20260726,3,4,35,replaceable,replaceable,0.0,0.0,0.0,,True,1e-08,0.2720000047702342,1.0
756,20260726,3,4,36,replaceable,replaceable,0.0,0.0,0.0,,True,1e-08,0.2682000049389899,1.0000000000000002
757,20260726,3,4,37,replaceable,replaceable,0.0,0.0,0.0,,True,1e-08,0.2666999935172498,1.0
758,20260726,3,4,38,replaceable,replaceable,0.0,0.0,0.0,,True,1e-08,0.26390000130049884,1.0000000000000002
759,20260726,3,4,39,replaceable,replaceable,0.0,0.0,0.0,,True,1e-08,0.2705000079004094,1.0
760,20260726,3,4,40,replaceable,replaceable,0.0,0.0,0.0,,True,1e-08,0.26530001196078956,1.0
761,20260726,3,4,41,replaceable,replaceable,0.0,0.0,0.0,,True,1e-08,0.2773000014713034,0.9999999999999998
762,20260726,3,4,42,replaceable,replaceable,0.0,0.0,0.0,,True,1e-08,0.27889999910257757,1.0
763,20260726,3,4,43,replaceable,replaceable,0.0,0.0,0.0,,True,1e-08,0.2813000028254464,1.0
764,20260726,3,4,44,replaceable,replaceable,0.0,0.0,0.0,,True,1e-08,0.27520000003278255,1.0
765,20260726,3,4,45,replaceable,replaceable,0.0,0.0,0.0,,True,1e-08,0.26840000646188855,1.0
766,20260726,3,4,46,replaceable,replaceable,0.0,0.0,0.0,,True,1e-08,0.26440000510774553,0.9999999999999998
767,20260726,3,4,47,replaceable,replaceable,0.0,0.0,0.0,,True,1e-08,0.2631999959703535,1.0
768,20260726,3,4,48,replaceable,replaceable,0.0,0.0,0.0,,True,1e-08,0.2781000075628981,0.9999999999999999
769,20260726,3,4,49,replaceable,replaceable,0.0,0.0,0.0,,True,1e-08,0.272599994787015,1.0
770,20260726,3,4,50,replaceable,replaceable,0.0,0.0,0.0,,True,1e-08,0.2884999994421378,1.0
771,20260726,3,4,51,replaceable,replaceable,0.0,0.0,0.0,,True,1e-08,0.27400000544730574,1.0
772,20260726,3,4,52,replaceable,replaceable,0.0,0.0,0.0,,True,1e-08,0.265499998931773,1.0000000000000002
773,20260726,3,4,53,replaceable,replaceable,0.0,0.0,0.0,,True,1e-08,0.2668000088306144,1.0
774,20260726,3,4,54,replaceable,replaceable,0.0,0.0,0.0,,True,1e-08,0.27230000705458224,0.9999999999999999
775,20260726,3,4,55,replaceable,replaceable,0.0,0.0,0.0,,True,1e-08,0.29660000291187316,1.0
776,20260726,3,4,56,replaceable,replaceable,0.0,0.0,0.0,,True,1e-08,0.3183000080753118,1.0
777,20260726,3,4,57,replaceable,replaceable,0.0,0.0,0.0,,True,1e-08,0.27990000671707094,1.0
778,20260726,3,4,58,replaceable,replaceable,0.0,0.0,0.0,,True,1e-08,0.27299999783281237,0.9999999999999998
779,20260726,3,4,59,replaceable,replaceable,0.0,0.0,0.0,,True,1e-08,0.26840000646188855,1.0000000000000002
780,20260726,3,4,0,separable,separable,0.3895629132807597,0.0,,0.19478145664037982,True,1e-08,0.34189999860245734,1.0
781,20260726,3,4,1,separable,separable,0.6886605892598778,0.0,,0.3443302946299389,True,1e-08,0.33519999124109745,1.0
782,20260726,3,4,2,separable,separable,0.4124424200678213,0.0,,0.20622121003391058,True,1e-08,0.3259000077378005,1.0
783,20260726,3,4,3,separable,separable,1.2439208428148603,0.0,,0.6219604214074301,True,1e-08,0.2961999998660758,1.0
784,20260726,3,4,4,separable,separable,1.2041031950430718,0.0,,0.6020515975215359,True,1e-08,0.28900000324938446,1.0
785,20260726,3,4,5,separable,separable,0.531114307592315,0.0,,0.2655571537961575,True,1e-08,0.3220000071451068,1.0
786,20260726,3,4,6,separable,separable,0.26429619546706895,0.0,,0.13214809773353453,True,1e-08,0.31770000350661576,1.0
787,20260726,3,4,7,separable,separable,1.2967945658819504,0.0,,0.6483972829409752,True,1e-08,0.2879999956348911,1.0
788,20260726,3,4,8,separable,separable,1.1567885935598339,0.0,,0.5783942967799168,True,1e-08,0.31829999352339655,1.0
789,20260726,3,4,9,separable,separable,1.101443429290818,0.0,,0.5507217146454089,True,1e-08,0.33629999961704016,1.0
790,20260726,3,4,10,separable,separable,0.8614607457481532,0.0,,0.43073037287407656,True,1e-08,0.335000004270114,1.0
791,20260726,3,4,11,separable,separable,0.7110042063016486,0.0,,0.3555021031508243,True,1e-08,0.3205999964848161,1.0
792,20260726,3,4,12,separable,separable,1.5368558161912358,0.0,,0.7684279080956179,True,1e-08,0.3279999946244061,1.0
793,20260726,3,4,13,separable,separable,0.6907851305740467,0.0,,0.34539256528702333,True,1e-08,0.3273999900557101,1.0
794,20260726,3,4,14,separable,separable,0.3587770701791293,0.0,,0.17938853508956465,True,1e-08,0.32049999572336674,1.0
795,20260726,3,4,15,separable,separable,0.4443546329196658,0.0,,0.22217731645983285,True,1e-08,0.3184999950462952,1.0
796,20260726,3,4,16,separable,separable,1.21112581610288,0.0,,0.60556290805144,True,1e-08,0.2766000106930733,1.0
797,20260726,3,4,17,separable,separable,0.4883443633772202,0.0,,0.2441721816886101,True,1e-08,0.3150999982608482,1.0
798,20260726,3,4,18,separable,separable,0.31236017329655563,0.0,,0.15618008664827787,True,1e-08,0.32869999995455146,1.0
799,20260726,3,4,19,separable,separable,0.9846112160890018,0.0,,0.49230560804450085,True,1e-08,0.32410000858362764,1.0
800,20260726,3,4,20,separable,separable,0.11483148327813335,0.0,,0.05741574163906671,True,1e-08,0.31550000130664557,1.0
801,20260726,3,4,21,separable,separable,1.339378061059728,0.0,,0.6696890305298641,True,1e-08,0.2845999988494441,1.0
802,20260726,3,4,22,separable,separable,1.033504494044214,0.0,,0.5167522470221071,True,1e-08,0.3242999955546111,1.0
803,20260726,3,4,23,separable,separable,0.47297933458568175,0.0,,0.23648966729284082,True,1e-08,0.31319999834522605,1.0
804,20260726,3,4,24,separable,separable,0.9651510212230909,0.0,,0.48257551061154547,True,1e-08,0.28419999580364674,1.0
805,20260726,3,4,25,separable,separable,1.3783230771337966,0.0,,0.6891615385668983,True,1e-08,0.2674999996088445,1.0
806,20260726,3,4,26,separable,separable,1.0424705172856803,0.0,,0.5212352586428401,True,1e-08,0.31260000832844526,1.0
807,20260726,3,4,27,separable,separable,1.2636716312245926,0.0,,0.6318358156122963,True,1e-08,0.3117000014754012,1.0
808,20260726,3,4,28,separable,separable,1.0000657426670339,0.0,,0.5000328713335169,True,1e-08,0.2699999895412475,1.0
809,20260726,3,4,29,separable,separable,0.22042020230946174,0.0,,0.11021010115473084,True,1e-08,0.31480001052841544,1.0
810,20260726,3,4,30,separable,separable,0.8852277410476923,0.0,,0.44261387052384615,True,1e-08,0.32469999860040843,1.0
811,20260726,3,4,31,separable,separable,0.6951237170046755,0.0,,0.3475618585023377,True,1e-08,0.3206000110367313,1.0
812,20260726,3,4,32,separable,separable,0.6189323621021304,0.0,,0.30946618105106516,True,1e-08,0.31350000062957406,1.0
813,20260726,3,4,33,separable,separable,0.46657495184758224,0.0,,0.23328747592379107,True,1e-08,0.3274000046076253,1.0
814,20260726,3,4,34,separable,separable,0.16365739960130524,0.0,,0.08182869980065266,True,1e-08,0.3316999936942011,1.0
815,20260726,3,4,35,separable,separable,0.9143660772503343,0.0,,0.45718303862516707,True,1e-08,0.2753000007942319,1.0
816,20260726,3,4,36,separable,separable,0.9736221967248686,0.0,,0.4868110983624343,True,1e-08,0.28140000358689576,1.0
817,20260726,3,4,37,separable,separable,0.42522279787856204,0.0,,0.21261139893928094,True,1e-08,0.33799999800976366,1.0
818,20260726,3,4,38,separable,separable,0.45756185217865303,0.0,,0.22878092608932654,True,1e-08,0.32140000257641077,1.0
819,20260726,3,4,39,separable,separable,0.5713273974219242,0.0,,0.2856636987109621,True,1e-08,0.3205999964848161,1.0
820,20260726,3,4,40,separable,separable,0.5518094144762488,0.0,,0.27590470723812444,True,1e-08,0.3183999942848459,1.0
821,20260726,3,4,41,separable,separable,0.8733178169565281,0.0,,0.43665890847826405,True,1e-08,0.3156000020680949,1.0
822,20260726,3,4,42,separable,separable,0.6153278377406053,0.0,,0.30766391887030264,True,1e-08,0.338400001055561,1.0
823,20260726,3,4,43,separable,separable,0.7218685577724981,0.0,,0.36093427888624907,True,1e-08,0.33070000063162297,1.0
824,20260726,3,4,44,separable,separable,1.3551942505911392,0.0,,0.6775971252955696,True,1e-08,0.32720000308472663,1.0
825,20260726,3,4,45,separable,separable,0.522839210937325,0.0,,0.2614196054686625,True,1e-08,0.3280000091763213,1.0
826,20260726,3,4,46,separable,separable,0.6674196185564685,0.0,,0.33370980927823424,True,1e-08,0.327900008414872,1.0
827,20260726,3,4,47,separable,separable,0.9062514032695574,0.0,,0.4531257016347787,True,1e-08,0.3423000016482547,1.0
828,20260726,3,4,48,separable,separable,1.6257402315956573,0.0,,0.8128701157978286,True,1e-08,0.33140000596176833,1.0
829,20260726,3,4,49,separable,separable,1.0713934400723923,0.0,,0.5356967200361962,True,1e-08,0.31790000502951443,1.0
830,20260726,3,4,50,separable,separable,0.741385715670575,0.0,,0.3706928578352875,True,1e-08,0.31709999893791974,1.0
831,20260726,3,4,51,separable,separable,1.092981597514715,0.0,,0.5464907987573575,True,1e-08,0.2803999959724024,1.0
832,20260726,3,4,52,separable,separable,0.6147342327677294,0.0,,0.3073671163838647,True,1e-08,0.3234000032534823,1.0
833,20260726,3,4,53,separable,separable,0.10652151302194948,0.0,,0.05326075651097473,True,1e-08,0.33290000283159316,1.0
834,20260726,3,4,54,separable,separable,0.8832802377393116,0.0,,0.44164011886965593,True,1e-08,0.32449999707750976,1.0
835,20260726,3,4,55,separable,separable,0.7765489928152123,0.0,,0.38827449640760603,True,1e-08,0.2690999972401187,1.0
836,20260726,3,4,56,separable,separable,1.3378852365263525,0.0,,0.6689426182631761,True,1e-08,0.2860000095097348,1.0
837,20260726,3,4,57,separable,separable,0.4983215746505141,0.0,,0.24916078732525704,True,1e-08,0.33150000672321767,1.0
838,20260726,3,4,58,separable,separable,0.8426707689517857,0.0,,0.4213353844758929,True,1e-08,0.3284999984316528,1.0
839,20260726,3,4,59,separable,separable,0.790852189604675,0.0,,0.3954260948023375,True,1e-08,0.32900000223889947,1.0
840,20260726,3,4,0,near_boundary,separable,1.99999999987099e-07,1e-07,,1.0000000000287557e-07,True,1e-08,0.2806999982567504,1.0
841,20260726,3,4,1,near_boundary,separable,1.9999999994677053e-07,1e-07,,9.999999999940612e-08,True,1e-08,0.2784999960567802,1.0
842,20260726,3,4,2,near_boundary,separable,1.9999999996208928e-07,1e-07,,1.0000000000287557e-07,True,1e-08,0.27809999301098287,1.0
843,20260726,3,4,3,near_boundary,separable,1.9999999985221016e-07,1e-07,,1.0000000000287557e-07,True,1e-08,0.27940000290982425,0.9999999999999998
844,20260726,3,4,4,near_boundary,separable,1.9999999999612452e-07,1e-07,,1.0000000000287557e-07,True,1e-08,0.2769999991869554,0.9999999999999998
845,20260726,3,4,5,near_boundary,separable,1.9999999991311447e-07,1e-07,,9.999999999940612e-08,True,1e-08,0.28539999038912356,1.0
846,20260726,3,4,6,near_boundary,separable,2.0000000010946566e-07,1e-07,,1.0000000000287557e-07,True,1e-08,0.27570000384002924,1.0000000000000002
847,20260726,3,4,7,near_boundary,separable,1.9999999990590146e-07,1e-07,,1.0000000000287557e-07,True,1e-08,0.2716000017244369,1.0
848,20260726,3,4,8,near_boundary,separable,2.0000000000575105e-07,1e-07,,1.0000000000287557e-07,True,1e-08,0.2744000084931031,1.0
849,20260726,3,4,9,near_boundary,separable,1.9999999984928758e-07,1e-07,,1.0000000000287557e-07,True,1e-08,0.27409999165683985,1.0000000000000002
850,20260726,3,4,10,near_boundary,separable,1.9999999995045238e-07,1e-07,,9.999999999940612e-08,True,1e-08,0.3029000072274357,1.0000000000000002
851,20260726,3,4,11,near_boundary,separable,1.9999999988215907e-07,1e-07,,9.999999999940612e-08,True,1e-08,0.2857000072253868,1.0000000000000002
852,20260726,3,4,12,near_boundary,separable,2.0000000002143599e-07,1e-07,,9.999999999940612e-08,True,1e-08,0.2825999981723726,0.9999999999999999
853,20260726,3,4,13,near_boundary,separable,1.999999999309764e-07,1e-07,,1.0000000000287557e-07,True,1e-08,0.29179999546613544,1.0000000000000002
854,20260726,3,4,14,near_boundary,separable,1.9999999987314897e-07,1e-07,,9.999999999940612e-08,True,1e-08,0.2857000072253868,1.0
855,20260726,3,4,15,near_boundary,separable,1.999999998599701e-07,1e-07,,9.999999999940612e-08,True,1e-08,0.2717999886954203,1.0000000000000002
856,20260726,3,4,16,near_boundary,separable,1.9999999995672894e-07,1e-07,,9.999999999940612e-08,True,1e-08,0.2874000056181103,1.0000000000000002
857,20260726,3,4,17,near_boundary,separable,1.9999999995375795e-07,1e-07,,9.999999999940612e-08,True,1e-08,0.2660000027390197,1.0
858,20260726,3,4,18,near_boundary,separable,2.0000000004406437e-07,1e-07,,1.0000000000287557e-07,True,1e-08,0.2767000114545226,0.9999999999999999
859,20260726,3,4,19,near_boundary,separable,2.0000000000228169e-07,1e-07,,9.999999999940612e-08,True,1e-08,0.27289999707136303,1.0
860,20260726,3,4,20,near_boundary,separable,1.999999999986945e-07,1e-07,,1.0000000000287557e-07,True,1e-08,0.27430000773165375,1.0
861,20260726,3,4,21,near_boundary,separable,2.0000000001107717e-07,1e-07,,9.999999999940612e-08,True,1e-08,0.27230000705458224,1.0
862,20260726,3,4,22,near_boundary,separable,1.999999998813877e-07,1e-07,,1.0000000000287557e-07,True,1e-08,0.2708999963942915,1.0000000000000002
863,20260726,3,4,23,near_boundary,separable,1.999999999968132e-07,1e-07,,9.999999999940612e-08,True,1e-08,0.27370000316295773,1.0
864,20260726,3,4,24,near_boundary,separable,2.0000000000335805e-07,1e-07,,1.0000000000287557e-07,True,1e-08,0.29839998751413077,1.0
865,20260726,3,4,25,near_boundary,separable,2.0000000008245857e-07,1e-07,,1.0000000000287557e-07,True,1e-08,0.2921000123023987,0.9999999999999997
866,20260726,3,4,26,near_boundary,separable,1.999999999994842e-07,1e-07,,9.999999999940612e-08,True,1e-08,0.26950000028591603,1.0
867,20260726,3,4,27,near_boundary,separable,2.0000000000575113e-07,1e-07,,1.0000000000287557e-07,True,1e-08,0.28449999808799475,1.0
868,20260726,3,4,28,near_boundary,separable,2.0000000003992732e-07,1e-07,,1.0000000000287557e-07,True,1e-08,0.2734000008786097,0.9999999999999999
869,20260726,3,4,29,near_boundary,separable,1.9999999987964121e-07,1e-07,,1.0000000000287557e-07,True,1e-08,0.27380000392440706,1.0000000000000002
870,20260726,3,4,30,near_boundary,separable,1.9999999996346513e-07,1e-07,,1.0000000000287557e-07,True,1e-08,0.2705999941099435,1.0
871,20260726,3,4,31,near_boundary,separable,2.0000000000575113e-07,1e-07,,1.0000000000287557e-07,True,1e-08,0.28080001357011497,1.0
872,20260726,3,4,32,near_boundary,separable,1.9999999988955042e-07,1e-07,,9.999999999940612e-08,True,1e-08,0.27060000866185874,1.0000000000000002
873,20260726,3,4,33,near_boundary,separable,1.999999999326758e-07,1e-07,,9.999999999940612e-08,True,1e-08,0.2651000104378909,1.0
874,20260726,3,4,34,near_boundary,separable,1.999999998960745e-07,1e-07,,1.0000000000287557e-07,True,1e-08,0.27350000164005905,1.0
875,20260726,3,4,35,near_boundary,separable,1.9999999987775493e-07,1e-07,,1.0000000000287557e-07,True,1e-08,0.27879999834112823,1.0000000000000002
876,20260726,3,4,36,near_boundary,separable,1.9999999985809987e-07,1e-07,,1.0000000000287557e-07,True,1e-08,0.271999990218319,1.0
877,20260726,3,4,37,near_boundary,separable,2.0000000004953543e-07,1e-07,,1.0000000000287557e-07,True,1e-08,0.2719000040087849,0.9999999999999999
878,20260726,3,4,38,near_boundary,separable,1.9999999982492402e-07,1e-07,,9.999999999940612e-08,True,1e-08,0.29769999673590064,1.0
879,20260726,3,4,39,near_boundary,separable,1.9999999999453393e-07,1e-07,,1.0000000000287557e-07,True,1e-08,0.2745000092545524,1.0
880,20260726,3,4,40,near_boundary,separable,2.0000000000663094e-07,1e-07,,9.999999999940612e-08,True,1e-08,0.26879999495577067,0.9999999999999999
881,20260726,3,4,41,near_boundary,separable,1.9999999992517035e-07,1e-07,,1.0000000000287557e-07,True,1e-08,0.26700001035351306,1.0
882,20260726,3,4,42,near_boundary,separable,2.0000000003751185e-07,1e-07,,1.0000000000287557e-07,True,1e-08,0.27239999326411635,1.0
883,20260726,3,4,43,near_boundary,separable,2.0000000000575116e-07,1e-07,,1.0000000000287557e-07,True,1e-08,0.2674999996088445,1.0
884,20260726,3,4,44,near_boundary,separable,1.999999999551905e-07,1e-07,,1.0000000000287557e-07,True,1e-08,0.27430000773165375,1.0
885,20260726,3,4,45,near_boundary,separable,2.0000000001381883e-07,1e-07,,1.0000000000287557e-07,True,1e-08,0.2690999972401187,1.0
886,20260726,3,4,46,near_boundary,separable,1.999999998927122e-07,1e-07,,9.999999999940612e-08,True,1e-08,0.27040000713896006,1.0
887,20260726,3,4,47,near_boundary,separable,2.0000000000575113e-07,1e-07,,1.0000000000287557e-07,True,1e-08,0.26760000037029386,1.0
888,20260726,3,4,48,near_boundary,separable,2.0000000000575113e-07,1e-07,,1.0000000000287557e-07,True,1e-08,0.26590000197757035,1.0
889,20260726,3,4,49,near_boundary,separable,1.9999999986441754e-07,1e-07,,9.999999999940612e-08,True,1e-08,0.2710000117076561,1.0
890,20260726,3,4,50,near_boundary,separable,2.0000000000228169e-07,1e-07,,9.999999999940612e-08,True,1e-08,0.26980000257026404,1.0
891,20260726,3,4,51,near_boundary,separable,1.9999999995192997e-07,1e-07,,9.999999999940612e-08,True,1e-08,0.3034999972442165,0.9999999999999998
892,20260726,3,4,52,near_boundary,separable,1.999999998992515e-07,1e-07,,1.0000000000287557e-07,True,1e-08,0.2931000053649768,1.0
893,20260726,3,4,53,near_boundary,separable,1.9999999994012048e-07,1e-07,,1.0000000000287557e-07,True,1e-08,0.27400000544730574,1.0
894,20260726,3,4,54,near_boundary,separable,1.99999999973762e-07,1e-07,,1.0000000000287557e-07,True,1e-08,0.267999988864176,1.0
895,20260726,3,4,55,near_boundary,separable,2.0000000003234394e-07,1e-07,,9.999999999940612e-08,True,1e-08,0.2741000062087551,1.0
896,20260726,3,4,56,near_boundary,separable,1.999999999824956e-07,1e-07,,1.0000000000287557e-07,True,1e-08,0.26889999571722,1.0
897,20260726,3,4,57,near_boundary,separable,1.9999999997787954e-07,1e-07,,9.999999999940612e-08,True,1e-08,0.28199999360367656,1.0
898,20260726,3,4,58,near_boundary,separable,1.9999999994817317e-07,1e-07,,9.999999999940612e-08,True,1e-08,0.2859999949578196,1.0
899,20260726,3,4,59,near_boundary,separable,2.0000000000575113e-07,1e-07,,1.0000000000287557e-07,True,1e-08,0.2714000002015382,1.0
900,20260726,5,5,0,replaceable,replaceable,0.0,0.0,0.0,,True,1e-08,0.3040000010514632,0.9999999999999999
901,20260726,5,5,1,replaceable,replaceable,0.0,0.0,0.0,,True,1e-08,0.32199999259319156,1.0000000000000002
902,20260726,5,5,2,replaceable,replaceable,0.0,0.0,0.0,,True,1e-08,0.29340000764932483,1.0000000000000002
903,20260726,5,5,3,replaceable,replaceable,0.0,0.0,0.0,,True,1e-08,0.2936999953817576,1.0
904,20260726,5,5,4,replaceable,replaceable,0.0,0.0,0.0,,True,1e-08,0.3041000018129125,0.9999999999999999
905,20260726,5,5,5,replaceable,replaceable,0.0,0.0,0.0,,True,1e-08,0.29830000130459666,0.9999999999999999
906,20260726,5,5,6,replaceable,replaceable,0.0,0.0,0.0,,True,1e-08,0.2871000033337623,1.0
907,20260726,5,5,7,replaceable,replaceable,0.0,0.0,0.0,,True,1e-08,0.2862999972421676,0.9999999999999997
908,20260726,5,5,8,replaceable,replaceable,0.0,0.0,0.0,,True,1e-08,0.29469998844433576,0.9999999999999999
909,20260726,5,5,9,replaceable,replaceable,0.0,0.0,0.0,,True,1e-08,0.29180001001805067,1.0
910,20260726,5,5,10,replaceable,replaceable,0.0,0.0,0.0,,True,1e-08,0.29909999284427613,0.9999999999999998
911,20260726,5,5,11,replaceable,replaceable,0.0,0.0,0.0,,True,1e-08,0.28839999868068844,0.9999999999999999
912,20260726,5,5,12,replaceable,replaceable,0.0,0.0,0.0,,True,1e-08,0.28639999800361693,1.0
913,20260726,5,5,13,replaceable,replaceable,0.0,0.0,0.0,,True,1e-08,0.2871000033337623,1.0
914,20260726,5,5,14,replaceable,replaceable,0.0,0.0,0.0,,True,1e-08,0.28610001027118415,1.0
915,20260726,5,5,15,replaceable,replaceable,0.0,0.0,0.0,,True,1e-08,0.28759999258909374,1.0000000000000002
916,20260726,5,5,16,replaceable,replaceable,0.0,0.0,0.0,,True,1e-08,0.3223999956389889,1.0
917,20260726,5,5,17,replaceable,replaceable,0.0,0.0,0.0,,True,1e-08,0.31620000663679093,0.9999999999999998
918,20260726,5,5,18,replaceable,replaceable,0.0,0.0,0.0,,True,1e-08,0.2987999905599281,1.0
919,20260726,5,5,19,replaceable,replaceable,0.0,0.0,0.0,,True,1e-08,0.29409999842755497,1.0
920,20260726,5,5,20,replaceable,replaceable,0.0,0.0,0.0,,True,1e-08,0.30390000029001385,1.0
921,20260726,5,5,21,replaceable,replaceable,0.0,0.0,0.0,,True,1e-08,0.30759999935980886,1.0000000000000004
922,20260726,5,5,22,replaceable,replaceable,0.0,0.0,0.0,,True,1e-08,0.3083000046899542,0.9999999999999999
923,20260726,5,5,23,replaceable,replaceable,0.0,0.0,0.0,,True,1e-08,0.30550001247320324,1.0
924,20260726,5,5,24,replaceable,replaceable,0.0,0.0,0.0,,True,1e-08,0.2886999864131212,1.0
925,20260726,5,5,25,replaceable,replaceable,0.0,0.0,0.0,,True,1e-08,0.301199994282797,1.0
926,20260726,5,5,26,replaceable,replaceable,0.0,0.0,0.0,,True,1e-08,0.2931000053649768,1.0000000000000002
927,20260726,5,5,27,replaceable,replaceable,0.0,0.0,0.0,,True,1e-08,0.30020000122021884,1.0
928,20260726,5,5,28,replaceable,replaceable,0.0,0.0,0.0,,True,1e-08,0.3161000058753416,1.0
929,20260726,5,5,29,replaceable,replaceable,0.0,0.0,0.0,,True,1e-08,0.3085000062128529,0.9999999999999998
930,20260726,5,5,30,replaceable,replaceable,0.0,0.0,0.0,,True,1e-08,0.3026000049430877,1.0
931,20260726,5,5,31,replaceable,replaceable,0.0,0.0,0.0,,True,1e-08,0.3001000004587695,1.0
932,20260726,5,5,32,replaceable,replaceable,0.0,0.0,0.0,,True,1e-08,0.29749999521300197,0.9999999999999998
933,20260726,5,5,33,replaceable,replaceable,0.0,0.0,0.0,,True,1e-08,0.3015999973285943,1.0
934,20260726,5,5,34,replaceable,replaceable,0.0,0.0,0.0,,True,1e-08,0.29909999284427613,0.9999999999999999
935,20260726,5,5,35,replaceable,replaceable,0.0,0.0,0.0,,True,1e-08,0.3001000004587695,0.9999999999999999
936,20260726,5,5,36,replaceable,replaceable,0.0,0.0,0.0,,True,1e-08,0.2992000081576407,1.0000000000000002
937,20260726,5,5,37,replaceable,replaceable,0.0,0.0,0.0,,True,1e-08,0.29120000544935465,1.0000000000000002
938,20260726,5,5,38,replaceable,replaceable,0.0,0.0,0.0,,True,1e-08,0.29630000062752515,1.0
939,20260726,5,5,39,replaceable,replaceable,0.0,0.0,0.0,,True,1e-08,0.2970000059576705,1.0
940,20260726,5,5,40,replaceable,replaceable,0.0,0.0,0.0,,True,1e-08,0.2953999937744811,1.0
941,20260726,5,5,41,replaceable,replaceable,0.0,0.0,0.0,,True,1e-08,0.3124000068055466,0.9999999999999999
942,20260726,5,5,42,replaceable,replaceable,0.0,0.0,0.0,,True,1e-08,0.29779999749735,1.0
943,20260726,5,5,43,replaceable,replaceable,0.0,0.0,0.0,,True,1e-08,0.2930000046035275,1.0
944,20260726,5,5,44,replaceable,replaceable,0.0,0.0,0.0,,True,1e-08,0.29910000739619136,1.0
945,20260726,5,5,45,replaceable,replaceable,0.0,0.0,0.0,,True,1e-08,0.2969999914057553,1.0000000000000002
946,20260726,5,5,46,replaceable,replaceable,0.0,0.0,0.0,,True,1e-08,0.2964000013889745,1.0
947,20260726,5,5,47,replaceable,replaceable,0.0,0.0,0.0,,True,1e-08,0.30590000096708536,1.0
948,20260726,5,5,48,replaceable,replaceable,0.0,0.0,0.0,,True,1e-08,0.2935999946203083,1.0
949,20260726,5,5,49,replaceable,replaceable,0.0,0.0,0.0,,True,1e-08,0.2925000007962808,0.9999999999999999
950,20260726,5,5,50,replaceable,replaceable,0.0,0.0,0.0,,True,1e-08,0.3004000027431175,1.0
951,20260726,5,5,51,replaceable,replaceable,0.0,0.0,0.0,,True,1e-08,0.29519999225158244,0.9999999999999998
952,20260726,5,5,52,replaceable,replaceable,0.0,0.0,0.0,,True,1e-08,0.29409999842755497,0.9999999999999999
953,20260726,5,5,53,replaceable,replaceable,0.0,0.0,0.0,,True,1e-08,0.30590000096708536,1.0000000000000002
954,20260726,5,5,54,replaceable,replaceable,0.0,0.0,0.0,,True,1e-08,0.29630000062752515,1.0
955,20260726,5,5,55,replaceable,replaceable,0.0,0.0,0.0,,True,1e-08,0.2960999991046265,0.9999999999999999
956,20260726,5,5,56,replaceable,replaceable,0.0,0.0,0.0,,True,1e-08,0.30189999961294234,0.9999999999999998
957,20260726,5,5,57,replaceable,replaceable,0.0,0.0,0.0,,True,1e-08,0.29490000451914966,0.9999999999999999
958,20260726,5,5,58,replaceable,replaceable,0.0,0.0,0.0,,True,1e-08,0.2930999908130616,1.0
959,20260726,5,5,59,replaceable,replaceable,0.0,0.0,0.0,,True,1e-08,0.30470000638160855,1.0
960,20260726,5,5,0,separable,separable,1.3902991039554298,0.0,,0.6951495519777149,True,1e-08,0.3040000010514632,1.0
961,20260726,5,5,1,separable,separable,1.4504194890173396,0.0,,0.7252097445086698,True,1e-08,0.2921999985119328,1.0
962,20260726,5,5,2,separable,separable,1.3861186951307065,0.0,,0.6930593475653533,True,1e-08,0.2894000062951818,1.0
963,20260726,5,5,3,separable,separable,1.4991405081479052,0.0,,0.7495702540739526,True,1e-08,0.341199993272312,1.0
964,20260726,5,5,4,separable,separable,1.480623975813436,0.0,,0.7403119879067179,True,1e-08,0.29719999292865396,1.0
965,20260726,5,5,5,separable,separable,0.6349268162470814,0.0,,0.3174634081235407,True,1e-08,0.36249999538995326,1.0
966,20260726,5,5,6,separable,separable,0.9489458763487959,0.0,,0.47447293817439795,True,1e-08,0.3555999865056947,1.0
967,20260726,5,5,7,separable,separable,1.664978641395605,0.0,,0.8324893206978023,True,1e-08,0.3015000111190602,1.0
968,20260726,5,5,8,separable,separable,1.3442914227389982,0.0,,0.6721457113694991,True,1e-08,0.3453999961493537,1.0
969,20260726,5,5,9,separable,separable,1.581524895947916,0.0,,0.790762447973958,True,1e-08,0.3465000045252964,1.0
970,20260726,5,5,10,separable,separable,1.4878796806598993,0.0,,0.7439398403299498,True,1e-08,0.3037999995285645,1.0
971,20260726,5,5,11,separable,separable,0.8668513234893062,0.0,,0.43342566174465313,True,1e-08,0.3986999945482239,1.0
972,20260726,5,5,12,separable,separable,0.9805907091434252,0.0,,0.4902953545717127,True,1e-08,0.34479999158065766,1.0
973,20260726,5,5,13,separable,separable,1.4654758513605188,0.0,,0.7327379256802593,True,1e-08,0.30029998742975295,1.0
974,20260726,5,5,14,separable,separable,1.4051343075547902,0.0,,0.7025671537773952,True,1e-08,0.34279999090358615,1.0
975,20260726,5,5,15,separable,separable,0.8417672405496088,0.0,,0.4208836202748045,True,1e-08,0.3434999962337315,1.0
976,20260726,5,5,16,separable,separable,1.2426711373768982,0.0,,0.6213355686884492,True,1e-08,0.35679999564308673,1.0
977,20260726,5,5,17,separable,separable,1.0578927489538033,0.0,,0.5289463744769016,True,1e-08,0.3409000055398792,1.0
978,20260726,5,5,18,separable,separable,1.0897888505574893,0.0,,0.5448944252787447,True,1e-08,0.33939999411813915,1.0
979,20260726,5,5,19,separable,separable,0.6119399264772393,0.0,,0.3059699632386197,True,1e-08,0.34329999471083283,1.0
980,20260726,5,5,20,separable,separable,0.8689713269302339,0.0,,0.43448566346511697,True,1e-08,0.34250000317115337,1.0
981,20260726,5,5,21,separable,separable,1.2645562604992975,0.0,,0.6322781302496489,True,1e-08,0.3499000013107434,1.0
982,20260726,5,5,22,separable,separable,1.5388522637579574,0.0,,0.7694261318789787,True,1e-08,0.34779999987222254,1.0
983,20260726,5,5,23,separable,separable,1.6803169927037465,0.0,,0.8401584963518731,True,1e-08,0.3463000030023977,1.0
984,20260726,5,5,24,separable,separable,1.2000324424930124,0.0,,0.6000162212465061,True,1e-08,0.33819999953266233,1.0
985,20260726,5,5,25,separable,separable,1.0336511126791612,0.0,,0.5168255563395805,True,1e-08,0.3403000009711832,1.0
986,20260726,5,5,26,separable,separable,1.6265574961284872,0.0,,0.8132787480642436,True,1e-08,0.2952999930130318,1.0
987,20260726,5,5,27,separable,separable,1.5207724278629373,0.0,,0.7603862139314687,True,1e-08,0.29710000671911985,1.0
988,20260726,5,5,28,separable,separable,0.6786872485650599,0.0,,0.33934362428252995,True,1e-08,0.33819999953266233,1.0
989,20260726,5,5,29,separable,separable,1.6268996170980772,0.0,,0.8134498085490385,True,1e-08,0.2997999981744215,1.0
990,20260726,5,5,30,separable,separable,1.3420664812184557,0.0,,0.6710332406092279,True,1e-08,0.29960001120343804,1.0
991,20260726,5,5,31,separable,separable,1.7080870164140638,0.0,,0.8540435082070319,True,1e-08,0.34640000376384705,1.0
992,20260726,5,5,32,separable,separable,1.7405535973540256,0.0,,0.8702767986770128,True,1e-08,0.299000006634742,1.0
993,20260726,5,5,33,separable,separable,1.2999786048603594,0.0,,0.6499893024301797,True,1e-08,0.34890000824816525,1.0
994,20260726,5,5,34,separable,separable,1.4843017075680076,0.0,,0.7421508537840038,True,1e-08,0.2975000097649172,1.0
995,20260726,5,5,35,separable,separable,1.4234906242622556,0.0,,0.7117453121311279,True,1e-08,0.2886000002035871,1.0
996,20260726,5,5,36,separable,separable,1.3855512996126491,0.0,,0.6927756498063247,True,1e-08,0.34509999386500567,1.0
997,20260726,5,5,37,separable,separable,1.1681094177938234,0.0,,0.5840547088969116,True,1e-08,0.3445000038482249,1.0
998,20260726,5,5,38,separable,separable,1.369066936211939,0.0,,0.6845334681059695,True,1e-08,0.3031999949598685,1.0
999,20260726,5,5,39,separable,separable,1.46092416079598,0.0,,0.7304620803979899,True,1e-08,0.34779999987222254,1.0
1000,20260726,5,5,40,separable,separable,1.5685252850009266,0.0,,0.7842626425004633,True,1e-08,0.295300007564947,1.0
1001,20260726,5,5,41,separable,separable,0.706803649383012,0.0,,0.35340182469150605,True,1e-08,0.3375999949639663,1.0
1002,20260726,5,5,42,separable,separable,1.1147326703105964,0.0,,0.5573663351552983,True,1e-08,0.3473999968264252,1.0
1003,20260726,5,5,43,separable,separable,1.0291536161473407,0.0,,0.5145768080736703,True,1e-08,0.2960999991046265,1.0
1004,20260726,5,5,44,separable,separable,1.1440494002496224,0.0,,0.5720247001248112,True,1e-08,0.35489999572746456,1.0
1005,20260726,5,5,45,separable,separable,0.8623434963557236,0.0,,0.43117174817786186,True,1e-08,0.3431000077398494,1.0
1006,20260726,5,5,46,separable,separable,1.3983431007385623,0.0,,0.699171550369281,True,1e-08,0.2995999966515228,1.0
1007,20260726,5,5,47,separable,separable,0.7626254345852399,0.0,,0.38131271729261984,True,1e-08,0.33960001019295305,1.0
1008,20260726,5,5,48,separable,separable,1.0555900750307825,0.0,,0.5277950375153913,True,1e-08,0.3394999948795885,1.0
1009,20260726,5,5,49,separable,separable,1.570897753479135,0.0,,0.7854488767395674,True,1e-08,0.3546000079950318,1.0
1010,20260726,5,5,50,separable,separable,1.5726020119820086,0.0,,0.7863010059910043,True,1e-08,0.2965000021504238,1.0
1011,20260726,5,5,51,separable,separable,0.9046695177992023,0.0,,0.4523347588996012,True,1e-08,0.34279999090358615,1.0
1012,20260726,5,5,52,separable,separable,1.3863690171476475,0.0,,0.6931845085738237,True,1e-08,0.3130000113742426,1.0
1013,20260726,5,5,53,separable,separable,1.024152859728722,0.0,,0.512076429864361,True,1e-08,0.3966999938711524,1.0
1014,20260726,5,5,54,separable,separable,1.505571670066401,0.0,,0.7527858350332005,True,1e-08,0.30339999648276716,1.0
1015,20260726,5,5,55,separable,separable,1.4466342818018871,0.0,,0.7233171409009435,True,1e-08,0.3569000109564513,1.0
1016,20260726,5,5,56,separable,separable,0.7281994138165775,0.0,,0.36409970690828874,True,1e-08,0.3525000065565109,1.0
1017,20260726,5,5,57,separable,separable,0.9295527561911634,0.0,,0.4647763780955817,True,1e-08,0.34229998709633946,1.0
1018,20260726,5,5,58,separable,separable,0.9128635293586158,0.0,,0.4564317646793079,True,1e-08,0.3395000094315037,1.0
1019,20260726,5,5,59,separable,separable,1.1665996730270045,0.0,,0.5832998365135023,True,1e-08,0.3467999922577292,1.0
1020,20260726,5,5,0,near_boundary,separable,2.0000000006076547e-07,1e-07,,9.999999999940612e-08,True,1e-08,0.33989999792538583,0.9999999999999994
1021,20260726,5,5,1,near_boundary,separable,1.999999999921398e-07,1e-07,,9.999999999940612e-08,True,1e-08,0.3358999965712428,1.0
1022,20260726,5,5,2,near_boundary,separable,2.0000000012897526e-07,1e-07,,9.999999999940612e-08,True,1e-08,0.30840000545140356,1.0
1023,20260726,5,5,3,near_boundary,separable,2.0000000007562336e-07,1e-07,,9.999999999940612e-08,True,1e-08,0.29519999225158244,0.9999999999999999
1024,20260726,5,5,4,near_boundary,separable,1.9999999999450116e-07,1e-07,,9.999999999940612e-08,True,1e-08,0.3066000062972307,1.0
1025,20260726,5,5,5,near_boundary,separable,2.0000000002583884e-07,1e-07,,9.999999999940612e-08,True,1e-08,0.30399998649954796,1.0
1026,20260726,5,5,6,near_boundary,separable,2.0000000010276618e-07,1e-07,,1.0000000000287557e-07,True,1e-08,0.3206000110367313,0.9999999999999999
1027,20260726,5,5,7,near_boundary,separable,1.9999999996555836e-07,1e-07,,9.999999999940612e-08,True,1e-08,0.3062000032514334,1.0000000000000002
1028,20260726,5,5,8,near_boundary,separable,2.0000000008003942e-07,1e-07,,9.999999999940612e-08,True,1e-08,0.3062000032514334,0.9999999999999999
1029,20260726,5,5,9,near_boundary,separable,2.0000000003724308e-07,1e-07,,9.999999999940612e-08,True,1e-08,0.2998000127263367,0.9999999999999999
1030,20260726,5,5,10,near_boundary,separable,2.0000000000448733e-07,1e-07,,9.999999999940612e-08,True,1e-08,0.2933000068878755,1.0
1031,20260726,5,5,11,near_boundary,separable,1.9999999994446732e-07,1e-07,,9.999999999940612e-08,True,1e-08,0.3014000103576109,1.0
1032,20260726,5,5,12,near_boundary,separable,2.0000000000779839e-07,1e-07,,9.999999999940612e-08,True,1e-08,0.30509999487549067,1.0
1033,20260726,5,5,13,near_boundary,separable,2.0000000008316253e-07,1e-07,,9.999999999940612e-08,True,1e-08,0.30699999479111284,1.0
1034,20260726,5,5,14,near_boundary,separable,2.0000000100879532e-07,1e-07,,9.999999999940612e-08,True,1e-08,0.3034000110346824,1.0000000000000004
1035,20260726,5,5,15,near_boundary,separable,1.999999999998779e-07,1e-07,,9.999999999940612e-08,True,1e-08,0.29149999318178743,1.0
1036,20260726,5,5,16,near_boundary,separable,1.9999999996630065e-07,1e-07,,1.0000000000287557e-07,True,1e-08,0.29549999453593045,1.0000000000000002
1037,20260726,5,5,17,near_boundary,separable,2.0000000007973094e-07,1e-07,,9.999999999940612e-08,True,1e-08,0.29639998683705926,0.9999999999999999
1038,20260726,5,5,18,near_boundary,separable,2.0000000000228174e-07,1e-07,,9.999999999940612e-08,True,1e-08,0.31239999225363135,1.0
1039,20260726,5,5,19,near_boundary,separable,2.000000000984333e-07,1e-07,,9.999999999940612e-08,True,1e-08,0.3073000116273761,1.0
1040,20260726,5,5,20,near_boundary,separable,1.9999999989142662e-07,1e-07,,9.999999999940612e-08,True,1e-08,0.28959999326616526,1.0000000000000002
1041,20260726,5,5,21,near_boundary,separable,2.0000000003983553e-07,1e-07,,9.999999999940612e-08,True,1e-08,0.30110000807326287,1.0
1042,20260726,5,5,22,near_boundary,separable,1.999999999535137e-07,1e-07,,9.999999999940612e-08,True,1e-08,0.2855000057024881,1.0000000000000002
1043,20260726,5,5,23,near_boundary,separable,1.999999999912036e-07,1e-07,,1.0000000000287557e-07,True,1e-08,0.2826999989338219,1.0
1044,20260726,5,5,24,near_boundary,separable,1.99999999975331e-07,1e-07,,9.999999999940612e-08,True,1e-08,0.29960001120343804,1.0
1045,20260726,5,5,25,near_boundary,separable,2.0000000000228166e-07,1e-07,,9.999999999940612e-08,True,1e-08,0.2987999905599281,1.0
1046,20260726,5,5,26,near_boundary,separable,2.0000000011816823e-07,1e-07,,9.999999999940612e-08,True,1e-08,0.2948000037577003,1.0
1047,20260726,5,5,27,near_boundary,separable,2.0000000000228169e-07,1e-07,,9.999999999940612e-08,True,1e-08,0.28909998945891857,1.0
1048,20260726,5,5,28,near_boundary,separable,1.9999999992923738e-07,1e-07,,9.999999999940612e-08,True,1e-08,0.2851999888662249,0.9999999999999999
1049,20260726,5,5,29,near_boundary,separable,2.0000000001513623e-07,1e-07,,9.999999999940612e-08,True,1e-08,0.29299999005161226,1.0
1050,20260726,5,5,30,near_boundary,separable,2.000000000016967e-07,1e-07,,9.999999999940612e-08,True,1e-08,0.2989000058732927,1.0
1051,20260726,5,5,31,near_boundary,separable,1.9999999995007349e-07,1e-07,,9.999999999940612e-08,True,1e-08,0.3009999927598983,1.0
1052,20260726,5,5,32,near_boundary,separable,1.9999999997127192e-07,1e-07,,9.999999999940612e-08,True,1e-08,0.29669998912140727,1.0000000000000004
1053,20260726,5,5,33,near_boundary,separable,2.000000000250571e-07,1e-07,,9.999999999940612e-08,True,1e-08,0.2886000002035871,1.0
1054,20260726,5,5,34,near_boundary,separable,1.9999999996088245e-07,1e-07,,9.999999999940612e-08,True,1e-08,0.2806999982567504,1.0
1055,20260726,5,5,35,near_boundary,separable,2.0000000000228169e-07,1e-07,,9.999999999940612e-08,True,1e-08,0.2826999989338219,1.0
1056,20260726,5,5,36,near_boundary,separable,2.0000000003400267e-07,1e-07,,9.999999999940612e-08,True,1e-08,0.2859000087482855,0.9999999999999999
1057,20260726,5,5,37,near_boundary,separable,1.9999999993308227e-07,1e-07,,9.999999999940612e-08,True,1e-08,0.2896999940276146,1.0
1058,20260726,5,5,38,near_boundary,separable,1.9999999993399857e-07,1e-07,,9.999999999940612e-08,True,1e-08,0.28750000637955964,1.000000000000001
1059,20260726,5,5,39,near_boundary,separable,1.9999999998939077e-07,1e-07,,9.999999999940612e-08,True,1e-08,0.2896000078180805,1.0
1060,20260726,5,5,40,near_boundary,separable,1.9999999996343188e-07,1e-07,,9.999999999940612e-08,True,1e-08,0.3141000051982701,1.0
1061,20260726,5,5,41,near_boundary,separable,2.0000000000331422e-07,1e-07,,9.999999999940612e-08,True,1e-08,0.29990001348778605,1.0
1062,20260726,5,5,42,near_boundary,separable,2.0000000018620811e-07,1e-07,,9.999999999940612e-08,True,1e-08,0.2922999992733821,1.0
1063,20260726,5,5,43,near_boundary,separable,2.0000000007159646e-07,1e-07,,9.999999999940612e-08,True,1e-08,0.32479999936185777,1.0
1064,20260726,5,5,44,near_boundary,separable,2.0000000000401638e-07,1e-07,,9.999999999940612e-08,True,1e-08,0.3082000039285049,1.0
1065,20260726,5,5,45,near_boundary,separable,1.9999999998788154e-07,1e-07,,9.999999999940612e-08,True,1e-08,0.2918999962275848,1.0000000000000002
1066,20260726,5,5,46,near_boundary,separable,2.000000000310554e-07,1e-07,,1.0000000000287557e-07,True,1e-08,0.2905000001192093,1.0
1067,20260726,5,5,47,near_boundary,separable,2.000000000156765e-07,1e-07,,9.999999999940612e-08,True,1e-08,0.2849000011337921,1.0
1068,20260726,5,5,48,near_boundary,separable,2.000000000125943e-07,1e-07,,1.0000000000287557e-07,True,1e-08,0.28639999800361693,1.0
1069,20260726,5,5,49,near_boundary,separable,2.0000000005632324e-07,1e-07,,9.999999999940612e-08,True,1e-08,0.2995999966515228,0.9999999999999999
1070,20260726,5,5,50,near_boundary,separable,1.9999999999721373e-07,1e-07,,9.999999999940612e-08,True,1e-08,0.2871000033337623,1.0000000000000002
1071,20260726,5,5,51,near_boundary,separable,2.0000000000645176e-07,1e-07,,9.999999999940612e-08,True,1e-08,0.28449999808799475,1.0
1072,20260726,5,5,52,near_boundary,separable,1.9999999994378543e-07,1e-07,,9.999999999940612e-08,True,1e-08,0.28449999808799475,1.0
1073,20260726,5,5,53,near_boundary,separable,2.0000000002836284e-07,1e-07,,9.999999999940612e-08,True,1e-08,0.2886000002035871,0.9999999999999997
1074,20260726,5,5,54,near_boundary,separable,1.9999999998510852e-07,1e-07,,1.0000000000287557e-07,True,1e-08,0.2818000066326931,1.0000000000000002
1075,20260726,5,5,55,near_boundary,separable,2.0000000000228169e-07,1e-07,,9.999999999940612e-08,True,1e-08,0.291000003926456,1.0
1076,20260726,5,5,56,near_boundary,separable,1.9999999997747244e-07,1e-07,,9.999999999940612e-08,True,1e-08,0.299000006634742,1.0
1077,20260726,5,5,57,near_boundary,separable,1.999999999794738e-07,1e-07,,9.999999999940612e-08,True,1e-08,0.29660000291187316,1.0
1078,20260726,5,5,58,near_boundary,separable,2.0000000001976998e-07,1e-07,,9.999999999940612e-08,True,1e-08,0.2893000055337325,0.9999999999999999
1079,20260726,5,5,59,near_boundary,separable,2.000000000395467e-07,1e-07,,1.0000000000287557e-07,True,1e-08,0.2931000053649768,1.0
1080,20260726,10,8,0,replaceable,replaceable,0.0,0.0,0.0,,True,1e-08,0.36499999987427145,1.0000000000000004
1081,20260726,10,8,1,replaceable,replaceable,0.0,0.0,0.0,,True,1e-08,0.3578999894671142,1.0000000000000002
1082,20260726,10,8,2,replaceable,replaceable,0.0,0.0,0.0,,True,1e-08,0.3556000010576099,1.0
1083,20260726,10,8,3,replaceable,replaceable,0.0,0.0,0.0,,True,1e-08,0.3496000135783106,1.0000000000000004
1084,20260726,10,8,4,replaceable,replaceable,0.0,0.0,0.0,,True,1e-08,0.34500000765547156,1.0
1085,20260726,10,8,5,replaceable,replaceable,0.0,0.0,0.0,,True,1e-08,0.35200000274926424,0.9999999999999991
1086,20260726,10,8,6,replaceable,replaceable,0.0,0.0,0.0,,True,1e-08,0.3522000042721629,0.9999999999999999
1087,20260726,10,8,7,replaceable,replaceable,0.0,0.0,0.0,,True,1e-08,0.3473999968264252,0.9999999999999997
1088,20260726,10,8,8,replaceable,replaceable,0.0,0.0,0.0,,True,1e-08,0.3571999986888841,1.0000000000000002
1089,20260726,10,8,9,replaceable,replaceable,0.0,0.0,0.0,,True,1e-08,0.34670000604819506,1.0
1090,20260726,10,8,10,replaceable,replaceable,0.0,0.0,0.0,,True,1e-08,0.35310001112520695,1.0000000000000002
1091,20260726,10,8,11,replaceable,replaceable,0.0,0.0,0.0,,True,1e-08,0.34339999547228217,1.0
1092,20260726,10,8,12,replaceable,replaceable,0.0,0.0,0.0,,True,1e-08,0.35339999885763973,1.0
1093,20260726,10,8,13,replaceable,replaceable,0.0,0.0,0.0,,True,1e-08,0.33660000190138817,0.9999999999999998
1094,20260726,10,8,14,replaceable,replaceable,0.0,0.0,0.0,,True,1e-08,0.34270000469405204,1.0
1095,20260726,10,8,15,replaceable,replaceable,0.0,0.0,0.0,,True,1e-08,0.33880000410135835,0.9999999999999999
1096,20260726,10,8,16,replaceable,replaceable,0.0,0.0,0.0,,True,1e-08,0.335000004270114,1.0000000000000002
1097,20260726,10,8,17,replaceable,replaceable,0.0,0.0,0.0,,True,1e-08,0.3493999975034967,1.0
1098,20260726,10,8,18,replaceable,replaceable,0.0,0.0,0.0,,True,1e-08,0.34869999217335135,1.0000000000000002
1099,20260726,10,8,19,replaceable,replaceable,0.0,0.0,0.0,,True,1e-08,0.35600000410340726,1.0
1100,20260726,10,8,20,replaceable,replaceable,0.0,0.0,0.0,,True,1e-08,0.3544999926816672,0.9999999999999998
1101,20260726,10,8,21,replaceable,replaceable,0.0,0.0,0.0,,True,1e-08,0.33460000122431666,1.0000000000000002
1102,20260726,10,8,22,replaceable,replaceable,0.0,0.0,0.0,,True,1e-08,0.36270001146476716,1.0000000000000004
1103,20260726,10,8,23,replaceable,replaceable,0.0,0.0,0.0,,True,1e-08,0.33930000790860504,0.9999999999999981
1104,20260726,10,8,24,replaceable,replaceable,0.0,0.0,0.0,,True,1e-08,0.3333999920869246,0.9999999999999998
1105,20260726,10,8,25,replaceable,replaceable,0.0,0.0,0.0,,True,1e-08,0.35180000122636557,0.9999999999999998
1106,20260726,10,8,26,replaceable,replaceable,0.0,0.0,0.0,,True,1e-08,0.3560999903129414,0.9999999999999998
1107,20260726,10,8,27,replaceable,replaceable,0.0,0.0,0.0,,True,1e-08,0.3569999971659854,1.0
1108,20260726,10,8,28,replaceable,replaceable,0.0,0.0,0.0,,True,1e-08,0.35709999792743474,1.0000000000000002
1109,20260726,10,8,29,replaceable,replaceable,0.0,0.0,0.0,,True,1e-08,0.34940001205541193,1.0000000000000002
1110,20260726,10,8,30,replaceable,replaceable,0.0,0.0,0.0,,True,1e-08,0.3490999952191487,1.0
1111,20260726,10,8,31,replaceable,replaceable,0.0,0.0,0.0,,True,1e-08,0.34509999386500567,1.0000000000000002
1112,20260726,10,8,32,replaceable,replaceable,0.0,0.0,0.0,,True,1e-08,0.337799996486865,1.0000000000000004
1113,20260726,10,8,33,replaceable,replaceable,0.0,0.0,0.0,,True,1e-08,0.3490999952191487,1.0000000000000004
1114,20260726,10,8,34,replaceable,replaceable,0.0,0.0,0.0,,True,1e-08,0.3404000017326325,0.9999999999999997
1115,20260726,10,8,35,replaceable,replaceable,0.0,0.0,0.0,,True,1e-08,0.33519999124109745,1.0000000000000004
1116,20260726,10,8,36,replaceable,replaceable,0.0,0.0,0.0,,True,1e-08,0.331900009769015,1.0
1117,20260726,10,8,37,replaceable,replaceable,0.0,0.0,0.0,,True,1e-08,0.35000000207219273,0.9999999999999999
1118,20260726,10,8,38,replaceable,replaceable,0.0,0.0,0.0,,True,1e-08,0.348599991411902,0.9999999999999996
1119,20260726,10,8,39,replaceable,replaceable,0.0,0.0,0.0,,True,1e-08,0.3443000023253262,0.9999999999999999
1120,20260726,10,8,40,replaceable,replaceable,0.0,0.0,0.0,,True,1e-08,0.3361999988555908,1.0
1121,20260726,10,8,41,replaceable,replaceable,0.0,0.0,0.0,,True,1e-08,0.3510999958962202,1.0000000000000002
1122,20260726,10,8,42,replaceable,replaceable,0.0,0.0,0.0,,True,1e-08,0.3495999990263954,0.9999999999999998
1123,20260726,10,8,43,replaceable,replaceable,0.0,0.0,0.0,,True,1e-08,0.3502000035950914,0.9999999999999999
1124,20260726,10,8,44,replaceable,replaceable,0.0,0.0,0.0,,True,1e-08,0.34050000249408185,0.9999999999999999
1125,20260726,10,8,45,replaceable,replaceable,0.0,0.0,0.0,,True,1e-08,0.3360999980941415,0.9999999999999999
1126,20260726,10,8,46,replaceable,replaceable,0.0,0.0,0.0,,True,1e-08,0.3400999994482845,1.0
1127,20260726,10,8,47,replaceable,replaceable,0.0,0.0,0.0,,True,1e-08,0.33889999031089246,1.0
1128,20260726,10,8,48,replaceable,replaceable,0.0,0.0,0.0,,True,1e-08,0.3466000052867457,1.0
1129,20260726,10,8,49,replaceable,replaceable,0.0,0.0,0.0,,True,1e-08,0.3512000112095848,0.9999999999999998
1130,20260726,10,8,50,replaceable,replaceable,0.0,0.0,0.0,,True,1e-08,0.35170000046491623,1.0
1131,20260726,10,8,51,replaceable,replaceable,0.0,0.0,0.0,,True,1e-08,0.3338000096846372,0.9999999999999998
1132,20260726,10,8,52,replaceable,replaceable,0.0,0.0,0.0,,True,1e-08,0.3421999863348901,1.0
1133,20260726,10,8,53,replaceable,replaceable,0.0,0.0,0.0,,True,1e-08,0.34899999445769936,0.9999999999999999
1134,20260726,10,8,54,replaceable,replaceable,0.0,0.0,0.0,,True,1e-08,0.33760000951588154,1.0
1135,20260726,10,8,55,replaceable,replaceable,0.0,0.0,0.0,,True,1e-08,0.3496999997878447,0.9999999999999996
1136,20260726,10,8,56,replaceable,replaceable,0.0,0.0,0.0,,True,1e-08,0.3446000046096742,1.0
1137,20260726,10,8,57,replaceable,replaceable,0.0,0.0,0.0,,True,1e-08,0.33370000892318785,1.0000000000000002
1138,20260726,10,8,58,replaceable,replaceable,0.0,0.0,0.0,,True,1e-08,0.3358999965712428,1.0
1139,20260726,10,8,59,replaceable,replaceable,0.0,0.0,0.0,,True,1e-08,0.3389999910723418,1.0000000000000004
1140,20260726,10,8,0,separable,separable,1.5229424595787666,0.0,,0.7614712297893834,True,1e-08,0.3451000084169209,1.0
1141,20260726,10,8,1,separable,separable,1.6861055432916117,0.0,,0.8430527716458058,True,1e-08,0.3690000012284145,1.0
1142,20260726,10,8,2,separable,separable,1.3617631270399935,0.0,,0.6808815635199967,True,1e-08,0.378400000045076,1.0
1143,20260726,10,8,3,separable,separable,1.6047340480684615,0.0,,0.8023670240342308,True,1e-08,0.3909999941242859,1.0
1144,20260726,10,8,4,separable,separable,1.7825589360326928,0.0,,0.8912794680163464,True,1e-08,0.38889999268576503,1.0
1145,20260726,10,8,5,separable,separable,1.4836216072043074,0.0,,0.7418108036021538,True,1e-08,0.37909999082330614,1.0
1146,20260726,10,8,6,separable,separable,1.5907720789648383,0.0,,0.7953860394824191,True,1e-08,0.3268000000389293,1.0
1147,20260726,10,8,7,separable,separable,1.6234651681358494,0.0,,0.8117325840679247,True,1e-08,0.38299999141599983,1.0
1148,20260726,10,8,8,separable,separable,1.4680327634703951,0.0,,0.7340163817351977,True,1e-08,0.38050000148359686,1.0
1149,20260726,10,8,9,separable,separable,1.4558035785563623,0.0,,0.7279017892781814,True,1e-08,0.3659999929368496,1.0
1150,20260726,10,8,10,separable,separable,1.8001806207871744,0.0,,0.9000903103935872,True,1e-08,0.37039999733678997,1.0
1151,20260726,10,8,11,separable,separable,1.4580057800055124,0.0,,0.7290028900027562,True,1e-08,0.31659999513067305,1.0
1152,20260726,10,8,12,separable,separable,1.762967570808386,0.0,,0.8814837854041931,True,1e-08,0.3556000010576099,1.0
1153,20260726,10,8,13,separable,separable,1.1689329036769531,0.0,,0.5844664518384766,True,1e-08,0.3132999991066754,1.0
1154,20260726,10,8,14,separable,separable,1.5851772590585358,0.0,,0.7925886295292679,True,1e-08,0.367300002835691,1.0
1155,20260726,10,8,15,separable,separable,1.5871924244926818,0.0,,0.7935962122463409,True,1e-08,0.3301000106148422,1.0
1156,20260726,10,8,16,separable,separable,1.5142876105144203,0.0,,0.7571438052572103,True,1e-08,0.3618000046117231,1.0
1157,20260726,10,8,17,separable,separable,1.5024323466908627,0.0,,0.7512161733454314,True,1e-08,0.3571999986888841,1.0
1158,20260726,10,8,18,separable,separable,1.5316746243499806,0.0,,0.7658373121749903,True,1e-08,0.3197999903932214,1.0
1159,20260726,10,8,19,separable,separable,1.717782822152217,0.0,,0.8588914110761086,True,1e-08,0.3620999923441559,1.0
1160,20260726,10,8,20,separable,separable,1.6602744884897125,0.0,,0.8301372442448561,True,1e-08,0.31600000511389226,1.0
1161,20260726,10,8,21,separable,separable,1.5170211084110605,0.0,,0.7585105542055303,True,1e-08,0.3623000084189698,1.0
1162,20260726,10,8,22,separable,separable,1.4508921751849777,0.0,,0.7254460875924889,True,1e-08,0.3195000026607886,1.0
1163,20260726,10,8,23,separable,separable,1.5226773932855777,0.0,,0.7613386966427889,True,1e-08,0.35940000088885427,1.0
1164,20260726,10,8,24,separable,separable,1.4579847249519626,0.0,,0.7289923624759812,True,1e-08,0.3598000039346516,1.0
1165,20260726,10,8,25,separable,separable,1.3488425961740722,0.0,,0.6744212980870362,True,1e-08,0.3273999900557101,1.0
1166,20260726,10,8,26,separable,separable,1.204072534652377,0.0,,0.6020362673261885,True,1e-08,0.32730000384617597,1.0
1167,20260726,10,8,27,separable,separable,1.5170589181771783,0.0,,0.7585294590885892,True,1e-08,0.3522000042721629,1.0
1168,20260726,10,8,28,separable,separable,1.300807908183242,0.0,,0.6504039540916212,True,1e-08,0.36269999691285193,1.0
1169,20260726,10,8,29,separable,separable,1.3851765599517574,0.0,,0.6925882799758787,True,1e-08,0.35880001087207347,1.0
1170,20260726,10,8,30,separable,separable,1.323920766399321,0.0,,0.6619603831996603,True,1e-08,0.312299991492182,1.0
1171,20260726,10,8,31,separable,separable,1.6239592659967985,0.0,,0.8119796329983994,True,1e-08,0.34919999598059803,1.0
1172,20260726,10,8,32,separable,separable,1.6773999847533059,0.0,,0.8386999923766529,True,1e-08,0.3674999898066744,1.0
1173,20260726,10,8,33,separable,separable,1.6248147260108197,0.0,,0.8124073630054098,True,1e-08,0.3171999996993691,1.0
1174,20260726,10,8,34,separable,separable,1.6319722927672746,0.0,,0.8159861463836372,True,1e-08,0.3065000055357814,1.0
1175,20260726,10,8,35,separable,separable,1.5745871291844873,0.0,,0.7872935645922436,True,1e-08,0.3484999906504527,1.0
1176,20260726,10,8,36,separable,separable,1.3715744735366315,0.0,,0.6857872367683158,True,1e-08,0.3589000116335228,1.0
1177,20260726,10,8,37,separable,separable,1.4368444571525074,0.0,,0.7184222285762537,True,1e-08,0.338400001055561,1.0
1178,20260726,10,8,38,separable,separable,1.394801184521134,0.0,,0.697400592260567,True,1e-08,0.31859999580774456,1.0
1179,20260726,10,8,39,separable,separable,1.463735904473468,0.0,,0.7318679522367338,True,1e-08,0.3572999994503334,1.0
1180,20260726,10,8,40,separable,separable,1.4702977964446753,0.0,,0.7351488982223376,True,1e-08,0.35579998802859336,1.0
1181,20260726,10,8,41,separable,separable,1.6326876494306157,0.0,,0.8163438247153079,True,1e-08,0.31280000985134393,1.0
1182,20260726,10,8,42,separable,separable,1.5153711083370476,0.0,,0.7576855541685238,True,1e-08,0.3062000032514334,1.0
1183,20260726,10,8,43,separable,separable,1.6148890655848112,0.0,,0.8074445327924056,True,1e-08,0.31620000663679093,1.0
1184,20260726,10,8,44,separable,separable,1.5093234487732536,0.0,,0.7546617243866267,True,1e-08,0.352299990481697,1.0
1185,20260726,10,8,45,separable,separable,1.4637258472039356,0.0,,0.7318629236019678,True,1e-08,0.3116000007139519,1.0
1186,20260726,10,8,46,separable,separable,1.2918712234828054,0.0,,0.6459356117414027,True,1e-08,0.35880001087207347,1.0
1187,20260726,10,8,47,separable,separable,1.3979644383475058,0.0,,0.6989822191737529,True,1e-08,0.3113999991910532,1.0
1188,20260726,10,8,48,separable,separable,1.4216984289428425,0.0,,0.7108492144714212,True,1e-08,0.3819000121438876,1.0
1189,20260726,10,8,49,separable,separable,1.3366167385353063,0.0,,0.6683083692676532,True,1e-08,0.3232999879401177,1.0
1190,20260726,10,8,50,separable,separable,1.4790410856263179,0.0,,0.739520542813159,True,1e-08,0.35829999251291156,1.0
1191,20260726,10,8,51,separable,separable,1.607554677659284,0.0,,0.8037773388296419,True,1e-08,0.3102000046055764,1.0
1192,20260726,10,8,52,separable,separable,1.4902455964722248,0.0,,0.7451227982361124,True,1e-08,0.35119999665766954,1.0
1193,20260726,10,8,53,separable,separable,1.531644983856431,0.0,,0.7658224919282154,True,1e-08,0.37000000884290785,1.0
1194,20260726,10,8,54,separable,separable,1.6854734715715,0.0,,0.84273673578575,True,1e-08,0.36160000308882445,1.0
1195,20260726,10,8,55,separable,separable,1.001838717712807,0.0,,0.5009193588564036,True,1e-08,0.36240000918041915,1.0
1196,20260726,10,8,56,separable,separable,1.5731112892954122,0.0,,0.7865556446477062,True,1e-08,0.3647999983513728,1.0
1197,20260726,10,8,57,separable,separable,1.348081296544837,0.0,,0.6740406482724185,True,1e-08,0.3178000042680651,1.0
1198,20260726,10,8,58,separable,separable,1.6611914590651868,0.0,,0.8305957295325934,True,1e-08,0.3637000045273453,1.0
1199,20260726,10,8,59,separable,separable,1.4224449380924027,0.0,,0.7112224690462013,True,1e-08,0.33429999893996865,1.0
1200,20260726,10,8,0,near_boundary,separable,2.0000000000102675e-07,1e-07,,9.999999999940612e-08,True,1e-08,0.35149999894201756,1.0
1201,20260726,10,8,1,near_boundary,separable,1.999999999713715e-07,1e-07,,9.999999999940612e-08,True,1e-08,0.3411000070627779,1.0
1202,20260726,10,8,2,near_boundary,separable,2.0000000000515604e-07,1e-07,,9.999999999940612e-08,True,1e-08,0.32980000833049417,1.0
1203,20260726,10,8,3,near_boundary,separable,1.999999999868823e-07,1e-07,,9.999999999940612e-08,True,1e-08,0.34940001205541193,1.0
1204,20260726,10,8,4,near_boundary,separable,2.0000000001513504e-07,1e-07,,9.999999999940612e-08,True,1e-08,0.3338999958941713,1.0
1205,20260726,10,8,5,near_boundary,separable,1.99999999994818e-07,1e-07,,9.999999999940612e-08,True,1e-08,0.33880000410135835,1.0
1206,20260726,10,8,6,near_boundary,separable,1.9999999999881227e-07,1e-07,,9.999999999940612e-08,True,1e-08,0.31909999961499125,1.0
1207,20260726,10,8,7,near_boundary,separable,1.99999999999184e-07,1e-07,,9.999999999940612e-08,True,1e-08,0.33490000350866467,1.000000000000001
1208,20260726,10,8,8,near_boundary,separable,2.0000000000228174e-07,1e-07,,9.999999999940612e-08,True,1e-08,0.3327000013086945,1.0
1209,20260726,10,8,9,near_boundary,separable,2.000000000256894e-07,1e-07,,9.999999999940612e-08,True,1e-08,0.3378999972483143,1.0
1210,20260726,10,8,10,near_boundary,separable,2.0000000014139393e-07,1e-07,,9.999999999940612e-08,True,1e-08,0.35509999725036323,1.0000000000000016
1211,20260726,10,8,11,near_boundary,separable,1.9999999998688077e-07,1e-07,,9.999999999940612e-08,True,1e-08,0.3429999924264848,1.0000000000000002
1212,20260726,10,8,12,near_boundary,separable,1.9999999999620197e-07,1e-07,,9.999999999940612e-08,True,1e-08,0.3377000102773309,1.0
1213,20260726,10,8,13,near_boundary,separable,1.9999999999860286e-07,1e-07,,9.999999999940612e-08,True,1e-08,0.3243999963160604,1.0
1214,20260726,10,8,14,near_boundary,separable,1.9999999999563412e-07,1e-07,,9.999999999940612e-08,True,1e-08,0.3538000019034371,1.0
1215,20260726,10,8,15,near_boundary,separable,1.9999999999800428e-07,1e-07,,9.999999999940612e-08,True,1e-08,0.33740000799298286,1.0
1216,20260726,10,8,16,near_boundary,separable,1.999999999974382e-07,1e-07,,9.999999999940612e-08,True,1e-08,0.3316999936942011,1.0
1217,20260726,10,8,17,near_boundary,separable,2.0000000000657974e-07,1e-07,,9.999999999940612e-08,True,1e-08,0.3268000000389293,1.0
1218,20260726,10,8,18,near_boundary,separable,1.999999999998991e-07,1e-07,,9.999999999940612e-08,True,1e-08,0.3327000013086945,1.0000000000000002
1219,20260726,10,8,19,near_boundary,separable,2.0000000004760539e-07,1e-07,,9.999999999940612e-08,True,1e-08,0.33239999902434647,0.9999999999999993
1220,20260726,10,8,20,near_boundary,separable,1.9999999998270871e-07,1e-07,,9.999999999940612e-08,True,1e-08,0.33460000122431666,1.0000000000000002
1221,20260726,10,8,21,near_boundary,separable,1.9999999998716644e-07,1e-07,,9.999999999940612e-08,True,1e-08,0.3206999972462654,1.0
1222,20260726,10,8,22,near_boundary,separable,1.9999999995492325e-07,1e-07,,9.999999999940612e-08,True,1e-08,0.3456999984337017,1.0000000000000004
1223,20260726,10,8,23,near_boundary,separable,2.0000000000054696e-07,1e-07,,9.999999999940612e-08,True,1e-08,0.3327000013086945,1.0
1224,20260726,10,8,24,near_boundary,separable,2.0000000000228169e-07,1e-07,,9.999999999940612e-08,True,1e-08,0.3186000103596598,1.0
1225,20260726,10,8,25,near_boundary,separable,1.999999999975571e-07,1e-07,,9.999999999940612e-08,True,1e-08,0.3345000004628673,1.0
1226,20260726,10,8,26,near_boundary,separable,2.0000000000458583e-07,1e-07,,9.999999999940612e-08,True,1e-08,0.32560000545345247,1.0
1227,20260726,10,8,27,near_boundary,separable,2.0000000000648646e-07,1e-07,,9.999999999940612e-08,True,1e-08,0.33260000054724514,0.9999999999999997
1228,20260726,10,8,28,near_boundary,separable,1.9999999999902566e-07,1e-07,,9.999999999940612e-08,True,1e-08,0.32920000376179814,0.9999999999999999
1229,20260726,10,8,29,near_boundary,separable,1.9999999999551008e-07,1e-07,,9.999999999940612e-08,True,1e-08,0.32720000308472663,1.0
1230,20260726,10,8,30,near_boundary,separable,1.999999999732946e-07,1e-07,,9.999999999940612e-08,True,1e-08,0.33409999741706997,1.0000000000000002
1231,20260726,10,8,31,near_boundary,separable,1.999999999975345e-07,1e-07,,9.999999999940612e-08,True,1e-08,0.34240000240970403,1.0000000000000002
1232,20260726,10,8,32,near_boundary,separable,1.9999999999306647e-07,1e-07,,9.999999999940612e-08,True,1e-08,0.3338999958941713,1.0
1233,20260726,10,8,33,near_boundary,separable,2.0000000000228169e-07,1e-07,,9.999999999940612e-08,True,1e-08,0.34810000215657055,1.0
1234,20260726,10,8,34,near_boundary,separable,1.9999999999881224e-07,1e-07,,9.999999999940612e-08,True,1e-08,0.3386999887879938,1.0
1235,20260726,10,8,35,near_boundary,separable,1.9999999999397388e-07,1e-07,,9.999999999940612e-08,True,1e-08,0.3252000024076551,1.0
1236,20260726,10,8,36,near_boundary,separable,2.0000000003022525e-07,1e-07,,9.999999999940612e-08,True,1e-08,0.33880000410135835,1.0
1237,20260726,10,8,37,near_boundary,separable,2.0000000003402525e-07,1e-07,,9.999999999940612e-08,True,1e-08,0.3372999926796183,0.9999999999999997
1238,20260726,10,8,38,near_boundary,separable,2.0000000000228132e-07,1e-07,,9.999999999940612e-08,True,1e-08,0.33850000181701034,1.0
1239,20260726,10,8,39,near_boundary,separable,2.000000000062663e-07,1e-07,,9.999999999940612e-08,True,1e-08,0.3301999968243763,1.0
1240,20260726,10,8,40,near_boundary,separable,2.0000000008434287e-07,1e-07,,9.999999999940612e-08,True,1e-08,0.3288999869255349,1.0
1241,20260726,10,8,41,near_boundary,separable,1.999999999920656e-07,1e-07,,9.999999999940612e-08,True,1e-08,0.331600007484667,0.9999999999999998
1242,20260726,10,8,42,near_boundary,separable,2.0000000000803632e-07,1e-07,,9.999999999940612e-08,True,1e-08,0.3353999927639961,0.9999999999999998
1243,20260726,10,8,43,near_boundary,separable,2.000000000117224e-07,1e-07,,9.999999999940612e-08,True,1e-08,0.32639999699313194,1.0000000000000016
1244,20260726,10,8,44,near_boundary,separable,2.000000000022816e-07,1e-07,,9.999999999940612e-08,True,1e-08,0.3345000004628673,1.0
1245,20260726,10,8,45,near_boundary,separable,2.0000000000474417e-07,1e-07,,9.999999999940612e-08,True,1e-08,0.34840000444091856,1.0
1246,20260726,10,8,46,near_boundary,separable,2.0000000001037265e-07,1e-07,,9.999999999940612e-08,True,1e-08,0.32669999927747995,1.0
1247,20260726,10,8,47,near_boundary,separable,2.0000000000406342e-07,1e-07,,9.999999999940612e-08,True,1e-08,0.33469998743385077,1.0000000000000002
1248,20260726,10,8,48,near_boundary,separable,1.9999999999398055e-07,1e-07,,9.999999999940612e-08,True,1e-08,0.33490000350866467,1.0000000000000002
1249,20260726,10,8,49,near_boundary,separable,1.9999999998034435e-07,1e-07,,9.999999999940612e-08,True,1e-08,0.3294000052846968,1.0
1250,20260726,10,8,50,near_boundary,separable,2.000000000083816e-07,1e-07,,9.999999999940612e-08,True,1e-08,0.3277000068919733,0.9999999999999999
1251,20260726,10,8,51,near_boundary,separable,1.9999999999149493e-07,1e-07,,9.999999999940612e-08,True,1e-08,0.33209999673999846,0.9999999999999999
1252,20260726,10,8,52,near_boundary,separable,2.0000000000389568e-07,1e-07,,9.999999999940612e-08,True,1e-08,0.33740000799298286,1.0000000000000002
1253,20260726,10,8,53,near_boundary,separable,2.0000000000101405e-07,1e-07,,9.999999999940612e-08,True,1e-08,0.3265999985160306,1.0
1254,20260726,10,8,54,near_boundary,separable,2.0000000000851807e-07,1e-07,,9.999999999940612e-08,True,1e-08,0.3369999903952703,1.0
1255,20260726,10,8,55,near_boundary,separable,2.0000000000654414e-07,1e-07,,9.999999999940612e-08,True,1e-08,0.3357999958097935,1.0
1256,20260726,10,8,56,near_boundary,separable,2.0000000002100567e-07,1e-07,,9.999999999940612e-08,True,1e-08,0.3530999965732917,0.9999999999999999
1257,20260726,10,8,57,near_boundary,separable,1.9999999994182704e-07,1e-07,,9.999999999940612e-08,True,1e-08,0.3473999968264252,1.0000000000000004
1258,20260726,10,8,58,near_boundary,separable,2.0000000000032928e-07,1e-07,,9.999999999940612e-08,True,1e-08,0.34670000604819506,1.0
1259,20260726,10,8,59,near_boundary,separable,1.9999999982588297e-07,1e-07,,9.999999999940612e-08,True,1e-08,0.3552999987732619,1.0000000000000004
1260,20260726,20,12,0,replaceable,replaceable,0.0,0.0,0.0,,True,1e-08,0.47310000809375197,1.0
1261,20260726,20,12,1,replaceable,replaceable,0.0,0.0,0.0,,True,1e-08,0.4799999878741801,1.0000000000000002
1262,20260726,20,12,2,replaceable,replaceable,0.0,0.0,0.0,,True,1e-08,0.464899989310652,0.9999999999999999
1263,20260726,20,12,3,replaceable,replaceable,0.0,0.0,0.0,,True,1e-08,0.4470999992918223,1.0
1264,20260726,20,12,4,replaceable,replaceable,0.0,0.0,0.0,,True,1e-08,0.44180000259075314,1.0
1265,20260726,20,12,5,replaceable,replaceable,0.0,0.0,0.0,,True,1e-08,0.45929999032523483,1.0
1266,20260726,20,12,6,replaceable,replaceable,0.0,0.0,0.0,,True,1e-08,0.45959999260958284,0.9999999999999997
1267,20260726,20,12,7,replaceable,replaceable,0.0,0.0,0.0,,True,1e-08,0.45050001062918454,1.0000000000000002
1268,20260726,20,12,8,replaceable,replaceable,0.0,0.0,0.0,,True,1e-08,0.44550000166054815,1.0000000000000002
1269,20260726,20,12,9,replaceable,replaceable,0.0,0.0,0.0,,True,1e-08,0.4393999988678843,0.9999999999999997
1270,20260726,20,12,10,replaceable,replaceable,0.0,0.0,0.0,,True,1e-08,0.4416999872773886,1.0
1271,20260726,20,12,11,replaceable,replaceable,0.0,0.0,0.0,,True,1e-08,0.4591000033542514,1.0000000000000004
1272,20260726,20,12,12,replaceable,replaceable,0.0,0.0,0.0,,True,1e-08,0.47879999328870326,0.9999999999999999
1273,20260726,20,12,13,replaceable,replaceable,0.0,0.0,0.0,,True,1e-08,0.45530000352300704,0.9999999999999997
1274,20260726,20,12,14,replaceable,replaceable,0.0,0.0,0.0,,True,1e-08,0.46380001003853977,0.9999999999999986
1275,20260726,20,12,15,replaceable,replaceable,0.0,0.0,0.0,,True,1e-08,0.4709999921033159,1.0
1276,20260726,20,12,16,replaceable,replaceable,0.0,0.0,0.0,,True,1e-08,0.45179999142419547,1.0000000000000002
1277,20260726,20,12,17,replaceable,replaceable,0.0,0.0,0.0,,True,1e-08,0.4499000060604885,0.9999999999999993
1278,20260726,20,12,18,replaceable,replaceable,0.0,0.0,0.0,,True,1e-08,0.43569999979808927,0.9999999999999998
1279,20260726,20,12,19,replaceable,replaceable,0.0,0.0,0.0,,True,1e-08,0.4648000031011179,0.9999999999999998
1280,20260726,20,12,20,replaceable,replaceable,0.0,0.0,0.0,,True,1e-08,0.45849999878555536,0.9999999999999998
1281,20260726,20,12,21,replaceable,replaceable,0.0,0.0,0.0,,True,1e-08,0.45479999971576035,1.0
1282,20260726,20,12,22,replaceable,replaceable,0.0,0.0,0.0,,True,1e-08,0.4572000034386292,1.0
1283,20260726,20,12,23,replaceable,replaceable,0.0,0.0,0.0,,True,1e-08,0.4667999892262742,0.9999999999999999
1284,20260726,20,12,24,replaceable,replaceable,0.0,0.0,0.0,,True,1e-08,0.43929999810643494,0.9999999999999999
1285,20260726,20,12,25,replaceable,replaceable,0.0,0.0,0.0,,True,1e-08,0.44859999616164714,1.0
1286,20260726,20,12,26,replaceable,replaceable,0.0,0.0,0.0,,True,1e-08,0.44630000775214285,1.0000000000000002
1287,20260726,20,12,27,replaceable,replaceable,0.0,0.0,0.0,,True,1e-08,0.4592000041157007,1.0
1288,20260726,20,12,28,replaceable,replaceable,0.0,0.0,0.0,,True,1e-08,0.45730000420007855,0.9999999999999996
1289,20260726,20,12,29,replaceable,replaceable,0.0,0.0,0.0,,True,1e-08,0.4523999959928915,0.9999999999999998
1290,20260726,20,12,30,replaceable,replaceable,0.0,0.0,0.0,,True,1e-08,0.4419000033522025,1.0
1291,20260726,20,12,31,replaceable,replaceable,0.0,0.0,0.0,,True,1e-08,0.47990000166464597,0.9999999999999997
1292,20260726,20,12,32,replaceable,replaceable,0.0,0.0,0.0,,True,1e-08,0.4639999970095232,0.9999999999999998
1293,20260726,20,12,33,replaceable,replaceable,0.0,0.0,0.0,,True,1e-08,0.4693999944720417,0.9999999999999998
1294,20260726,20,12,34,replaceable,replaceable,0.0,0.0,0.0,,True,1e-08,0.4457000031834468,1.0000000000000004
1295,20260726,20,12,35,replaceable,replaceable,0.0,0.0,0.0,,True,1e-08,0.4588000010699034,1.0000000000000004
1296,20260726,20,12,36,replaceable,replaceable,0.0,0.0,0.0,,True,1e-08,0.4560999950626865,0.9999999999999998
1297,20260726,20,12,37,replaceable,replaceable,0.0,0.0,0.0,,True,1e-08,0.44940000225324184,0.9999999999999997
1298,20260726,20,12,38,replaceable,replaceable,0.0,0.0,0.0,,True,1e-08,0.44160000106785446,0.9999999999999998
1299,20260726,20,12,39,replaceable,replaceable,0.0,0.0,0.0,,True,1e-08,0.4625000001396984,0.9999999999999986
1300,20260726,20,12,40,replaceable,replaceable,0.0,0.0,0.0,,True,1e-08,0.4729000065708533,0.9999999999999998
1301,20260726,20,12,41,replaceable,replaceable,0.0,0.0,0.0,,True,1e-08,0.458399998024106,0.9999999999999999
1302,20260726,20,12,42,replaceable,replaceable,0.0,0.0,0.0,,True,1e-08,0.4656000091927126,1.0000000000000004
1303,20260726,20,12,43,replaceable,replaceable,0.0,0.0,0.0,,True,1e-08,0.44589999015443027,0.9999999999999998
1304,20260726,20,12,44,replaceable,replaceable,0.0,0.0,0.0,,True,1e-08,0.4358000005595386,1.0000000000000007
1305,20260726,20,12,45,replaceable,replaceable,0.0,0.0,0.0,,True,1e-08,0.476800007163547,1.0
1306,20260726,20,12,46,replaceable,replaceable,0.0,0.0,0.0,,True,1e-08,0.47629998880438507,0.9999999999999997
1307,20260726,20,12,47,replaceable,replaceable,0.0,0.0,0.0,,True,1e-08,0.4653000069083646,1.0
1308,20260726,20,12,48,replaceable,replaceable,0.0,0.0,0.0,,True,1e-08,0.4611000040313229,1.0000000000000002
1309,20260726,20,12,49,replaceable,replaceable,0.0,0.0,0.0,,True,1e-08,0.45950000640004873,1.0000000000000002
1310,20260726,20,12,50,replaceable,replaceable,0.0,0.0,0.0,,True,1e-08,0.44889999844599515,0.9999999999999998
1311,20260726,20,12,51,replaceable,replaceable,0.0,0.0,0.0,,True,1e-08,0.45560000580735505,1.0000000000000002
1312,20260726,20,12,52,replaceable,replaceable,0.0,0.0,0.0,,True,1e-08,0.44580000394489616,0.9999999999999997
1313,20260726,20,12,53,replaceable,replaceable,0.0,0.0,0.0,,True,1e-08,0.44040000648237765,1.0000000000000002
1314,20260726,20,12,54,replaceable,replaceable,0.0,0.0,0.0,,True,1e-08,0.45369999133981764,0.9999999999999996
1315,20260726,20,12,55,replaceable,replaceable,0.0,0.0,0.0,,True,1e-08,0.4361000028438866,0.9999999999999999
1316,20260726,20,12,56,replaceable,replaceable,0.0,0.0,0.0,,True,1e-08,0.46749999455641955,0.9999999999999996
1317,20260726,20,12,57,replaceable,replaceable,0.0,0.0,0.0,,True,1e-08,0.46720000682398677,1.0
1318,20260726,20,12,58,replaceable,replaceable,0.0,0.0,0.0,,True,1e-08,0.45259999751579016,0.9999999999999996
1319,20260726,20,12,59,replaceable,replaceable,0.0,0.0,0.0,,True,1e-08,0.4507999983616173,0.9999999999999999
1320,20260726,20,12,0,separable,separable,1.7902664962593855,0.0,,0.8951332481296927,True,1e-08,0.4707000043708831,1.0
1321,20260726,20,12,1,separable,separable,1.8312506857516582,0.0,,0.9156253428758291,True,1e-08,0.4496000037761405,1.0
1322,20260726,20,12,2,separable,separable,1.7424812475959837,0.0,,0.8712406237979919,True,1e-08,0.43139999615959823,1.0
1323,20260726,20,12,3,separable,separable,1.7562127272723957,0.0,,0.8781063636361977,True,1e-08,0.42799999937415123,1.0
1324,20260726,20,12,4,separable,separable,1.7797179634697964,0.0,,0.8898589817348983,True,1e-08,0.43909999658353627,1.0
1325,20260726,20,12,5,separable,separable,1.8453452008686508,0.0,,0.9226726004343255,True,1e-08,0.3910000086762011,1.0
1326,20260726,20,12,6,separable,separable,1.8655386113508492,0.0,,0.9327693056754246,True,1e-08,0.441100011812523,1.0
1327,20260726,20,12,7,separable,separable,1.6662384596114135,0.0,,0.8331192298057066,True,1e-08,0.38410001434385777,1.0
1328,20260726,20,12,8,separable,separable,1.7410495897374778,0.0,,0.870524794868739,True,1e-08,0.3744999994523823,1.0
1329,20260726,20,12,9,separable,separable,1.880684795480192,0.0,,0.940342397740096,True,1e-08,0.43909999658353627,1.0
1330,20260726,20,12,10,separable,separable,1.728181661773902,0.0,,0.8640908308869507,True,1e-08,0.42210001265630126,1.0
1331,20260726,20,12,11,separable,separable,1.792659540243391,0.0,,0.8963297701216956,True,1e-08,0.42019999818876386,1.0
1332,20260726,20,12,12,separable,separable,1.7156217431475667,0.0,,0.8578108715737833,True,1e-08,0.3848000051220879,1.0
1333,20260726,20,12,13,separable,separable,1.7849680388546096,0.0,,0.8924840194273048,True,1e-08,0.38729999505449086,1.0
1334,20260726,20,12,14,separable,separable,1.8670533250547938,0.0,,0.933526662527397,True,1e-08,0.4361999890534207,1.0
1335,20260726,20,12,15,separable,separable,1.7303389697576337,0.0,,0.8651694848788167,True,1e-08,0.44120001257397234,1.0
1336,20260726,20,12,16,separable,separable,1.833753804210684,0.0,,0.916876902105342,True,1e-08,0.424899990321137,1.0
1337,20260726,20,12,17,separable,separable,1.8168367229841282,0.0,,0.9084183614920641,True,1e-08,0.4275000101188198,1.0
1338,20260726,20,12,18,separable,separable,1.784638464734661,0.0,,0.8923192323673306,True,1e-08,0.42809998558368534,1.0
1339,20260726,20,12,19,separable,separable,1.804017155610459,0.0,,0.9020085778052295,True,1e-08,0.42810000013560057,1.0
1340,20260726,20,12,20,separable,separable,1.4800101387010385,0.0,,0.7400050693505194,True,1e-08,0.3924999909941107,1.0
1341,20260726,20,12,21,separable,separable,1.734050407539733,0.0,,0.8670252037698665,True,1e-08,0.3831000067293644,1.0
1342,20260726,20,12,22,separable,separable,1.787164680130645,0.0,,0.8935823400653227,True,1e-08,0.4341000021668151,1.0
1343,20260726,20,12,23,separable,separable,1.8368383963533608,0.0,,0.9184191981766805,True,1e-08,0.42149999353569,1.0
1344,20260726,20,12,24,separable,separable,1.6281023369251597,0.0,,0.8140511684625799,True,1e-08,0.4349999944679439,1.0
1345,20260726,20,12,25,separable,separable,1.7991487765893301,0.0,,0.8995743882946652,True,1e-08,0.43650000588968396,1.0
1346,20260726,20,12,26,separable,separable,1.8419638138186556,0.0,,0.9209819069093279,True,1e-08,0.43500000901985914,1.0
1347,20260726,20,12,27,separable,separable,1.7170742058255215,0.0,,0.8585371029127606,True,1e-08,0.3802999999606982,1.0
1348,20260726,20,12,28,separable,separable,1.7528829157318693,0.0,,0.8764414578659347,True,1e-08,0.418099996750243,1.0
1349,20260726,20,12,29,separable,separable,1.6074257015926672,0.0,,0.8037128507963336,True,1e-08,0.3800999984377995,1.0
1350,20260726,20,12,30,separable,separable,1.8348548244237008,0.0,,0.9174274122118504,True,1e-08,0.4304000030970201,1.0
1351,20260726,20,12,31,separable,separable,1.762919584735151,0.0,,0.8814597923675754,True,1e-08,0.3944999916711822,1.0
1352,20260726,20,12,32,separable,separable,1.681514594922828,0.0,,0.8407572974614141,True,1e-08,0.420899988966994,1.0
1353,20260726,20,12,33,separable,separable,1.7967412053621934,0.0,,0.8983706026810967,True,1e-08,0.4329000075813383,1.0
1354,20260726,20,12,34,separable,separable,1.8276595310858592,0.0,,0.9138297655429296,True,1e-08,0.4406000080052763,1.0
1355,20260726,20,12,35,separable,separable,1.6491053360154446,0.0,,0.8245526680077222,True,1e-08,0.4287000047042966,1.0
1356,20260726,20,12,36,separable,separable,1.7850959455824345,0.0,,0.8925479727912172,True,1e-08,0.4222999996272847,1.0
1357,20260726,20,12,37,separable,separable,1.8111495760220795,0.0,,0.9055747880110399,True,1e-08,0.4664000007323921,1.0
1358,20260726,20,12,38,separable,separable,1.7102884576530855,0.0,,0.8551442288265427,True,1e-08,0.38330000825226307,1.0
1359,20260726,20,12,39,separable,separable,1.8158039400313188,0.0,,0.9079019700156594,True,1e-08,0.4265000025043264,1.0
1360,20260726,20,12,40,separable,separable,1.822132634543697,0.0,,0.9110663172718485,True,1e-08,0.44069999421481043,1.0
1361,20260726,20,12,41,separable,separable,1.7761834129943461,0.0,,0.888091706497173,True,1e-08,0.4248000041116029,1.0
1362,20260726,20,12,42,separable,separable,1.83865446790572,0.0,,0.9193272339528596,True,1e-08,0.38579999818466604,1.0
1363,20260726,20,12,43,separable,separable,1.8227796723804228,0.0,,0.9113898361902114,True,1e-08,0.4361000028438866,1.0
1364,20260726,20,12,44,separable,separable,1.8187163282219572,0.0,,0.9093581641109786,True,1e-08,0.44319999869912863,1.0
1365,20260726,20,12,45,separable,separable,1.664976327133509,0.0,,0.8324881635667544,True,1e-08,0.38159999530762434,1.0
1366,20260726,20,12,46,separable,separable,1.765224873295919,0.0,,0.8826124366479596,True,1e-08,0.37760000850539654,1.0
1367,20260726,20,12,47,separable,separable,1.6270863201966643,0.0,,0.8135431600983322,True,1e-08,0.37259999953676015,1.0
1368,20260726,20,12,48,separable,separable,1.8005385995767158,0.0,,0.9002692997883578,True,1e-08,0.42240000038873404,1.0
1369,20260726,20,12,49,separable,separable,1.7396044356477307,0.0,,0.8698022178238652,True,1e-08,0.4406000080052763,1.0
1370,20260726,20,12,50,separable,separable,1.7890591806869565,0.0,,0.8945295903434783,True,1e-08,0.43459999142214656,1.0
1371,20260726,20,12,51,separable,separable,1.8431709886294,0.0,,0.9215854943146999,True,1e-08,0.4239999980200082,1.0
1372,20260726,20,12,52,separable,separable,1.7542944952975723,0.0,,0.877147247648786,True,1e-08,0.4389000096125528,1.0
1373,20260726,20,12,53,separable,separable,1.69503519227044,0.0,,0.84751759613522,True,1e-08,0.39000000106170774,1.0
1374,20260726,20,12,54,separable,separable,1.7414321987029662,0.0,,0.8707160993514831,True,1e-08,0.43569999979808927,1.0
1375,20260726,20,12,55,separable,separable,1.7883292565720434,0.0,,0.8941646282860217,True,1e-08,0.4268999909982085,1.0
1376,20260726,20,12,56,separable,separable,1.808307129421731,0.0,,0.9041535647108655,True,1e-08,0.4157999937888235,1.0
1377,20260726,20,12,57,separable,separable,1.7583136053938693,0.0,,0.8791568026969346,True,1e-08,0.42860000394284725,1.0
1378,20260726,20,12,58,separable,separable,1.6125806154995546,0.0,,0.8062903077497772,True,1e-08,0.4290999931981787,1.0
1379,20260726,20,12,59,separable,separable,1.5997382487368146,0.0,,0.7998691243684072,True,1e-08,0.4428999964147806,1.0
1380,20260726,20,12,0,near_boundary,separable,2.0000000003308062e-07,1e-07,,9.999999999940612e-08,True,1e-08,0.4465000092750415,1.0000000000000002
1381,20260726,20,12,1,near_boundary,separable,2.0000000001532806e-07,1e-07,,9.999999999940612e-08,True,1e-08,0.4309999931138009,0.9999999999999999
1382,20260726,20,12,2,near_boundary,separable,1.9999999998294948e-07,1e-07,,9.999999999940612e-08,True,1e-08,0.4681999998865649,1.0
1383,20260726,20,12,3,near_boundary,separable,1.999999999940929e-07,1e-07,,9.999999999940612e-08,True,1e-08,0.41900000360328704,1.0
1384,20260726,20,12,4,near_boundary,separable,2.0000000000720184e-07,1e-07,,9.999999999940612e-08,True,1e-08,0.4167000006418675,1.0
1385,20260726,20,12,5,near_boundary,separable,1.999999999995151e-07,1e-07,,9.999999999940612e-08,True,1e-08,0.4155000060563907,1.0
1386,20260726,20,12,6,near_boundary,separable,2.0000000000267656e-07,1e-07,,9.999999999940612e-08,True,1e-08,0.443600001744926,1.0
1387,20260726,20,12,7,near_boundary,separable,1.999999999783727e-07,1e-07,,9.999999999940612e-08,True,1e-08,0.43280000681988895,0.9999999999999996
1388,20260726,20,12,8,near_boundary,separable,2.000000000184827e-07,1e-07,,9.999999999940612e-08,True,1e-08,0.41059999784920365,1.0000000000000002
1389,20260726,20,12,9,near_boundary,separable,2.000000000080269e-07,1e-07,,9.999999999940612e-08,True,1e-08,0.4248000041116029,0.9999999999999999
1390,20260726,20,12,10,near_boundary,separable,1.9999999999913697e-07,1e-07,,9.999999999940612e-08,True,1e-08,0.44600000546779484,1.0
1391,20260726,20,12,11,near_boundary,separable,1.999999999983714e-07,1e-07,,9.999999999940612e-08,True,1e-08,0.4327999922679737,1.0
1392,20260726,20,12,12,near_boundary,separable,1.9999999995678448e-07,1e-07,,9.999999999940612e-08,True,1e-08,0.41739999142009765,1.0000000000000002
1393,20260726,20,12,13,near_boundary,separable,2.0000000000786099e-07,1e-07,,9.999999999940612e-08,True,1e-08,0.4098999925190583,1.0
1394,20260726,20,12,14,near_boundary,separable,2.000000000094686e-07,1e-07,,9.999999999940612e-08,True,1e-08,0.4192999913357198,1.0
1395,20260726,20,12,15,near_boundary,separable,2.0000000000037501e-07,1e-07,,9.999999999940612e-08,True,1e-08,0.43089999235235155,0.9999999999999999
1396,20260726,20,12,16,near_boundary,separable,1.9999999998503594e-07,1e-07,,9.999999999940612e-08,True,1e-08,0.4087999986950308,1.0
1397,20260726,20,12,17,near_boundary,separable,1.999999999948442e-07,1e-07,,9.999999999940612e-08,True,1e-08,0.42979999852832407,1.0000000000000002
1398,20260726,20,12,18,near_boundary,separable,2.0000000000698394e-07,1e-07,,9.999999999940612e-08,True,1e-08,0.42860000394284725,0.9999999999999997
1399,20260726,20,12,19,near_boundary,separable,2.0000000000355028e-07,1e-07,,9.999999999940612e-08,True,1e-08,0.44010000419802964,1.0
1400,20260726,20,12,20,near_boundary,separable,1.9999999996244281e-07,1e-07,,9.999999999940612e-08,True,1e-08,0.43909999658353627,1.0000000000000002
1401,20260726,20,12,21,near_boundary,separable,1.99999999997774e-07,1e-07,,9.999999999940612e-08,True,1e-08,0.42520000715740025,1.0
1402,20260726,20,12,22,near_boundary,separable,2.000000000199041e-07,1e-07,,9.999999999940612e-08,True,1e-08,0.418399999034591,1.0000000000000002
1403,20260726,20,12,23,near_boundary,separable,2.0000000000639535e-07,1e-07,,9.999999999940612e-08,True,1e-08,0.4206000012345612,1.0
1404,20260726,20,12,24,near_boundary,separable,2.0000000000228169e-07,1e-07,,9.999999999940612e-08,True,1e-08,0.4141000099480152,1.0
1405,20260726,20,12,25,near_boundary,separable,1.9999999999994435e-07,1e-07,,9.999999999940612e-08,True,1e-08,0.40889999945648015,1.0
1406,20260726,20,12,26,near_boundary,separable,2.000000000101942e-07,1e-07,,9.999999999940612e-08,True,1e-08,0.4098999925190583,1.0
1407,20260726,20,12,27,near_boundary,separable,2.0000000000646756e-07,1e-07,,9.999999999940612e-08,True,1e-08,0.43489999370649457,0.9999999999999993
1408,20260726,20,12,28,near_boundary,separable,2.0000000000171698e-07,1e-07,,9.999999999940612e-08,True,1e-08,0.43620000360533595,1.0
1409,20260726,20,12,29,near_boundary,separable,2.0000000001034036e-07,1e-07,,9.999999999940612e-08,True,1e-08,0.44580000394489616,0.9999999999999998
1410,20260726,20,12,30,near_boundary,separable,1.999999999721415e-07,1e-07,,9.999999999940612e-08,True,1e-08,0.41480000072624534,1.0000000000000002
1411,20260726,20,12,31,near_boundary,separable,2.00000000006696e-07,1e-07,,9.999999999940612e-08,True,1e-08,0.4015000013168901,1.0
1412,20260726,20,12,32,near_boundary,separable,1.999999999966148e-07,1e-07,,9.999999999940612e-08,True,1e-08,0.41909998981282115,1.0
1413,20260726,20,12,33,near_boundary,separable,1.9999999994274316e-07,1e-07,,9.999999999940612e-08,True,1e-08,0.4268999909982085,1.0000000000000002
1414,20260726,20,12,34,near_boundary,separable,2.0000000001210414e-07,1e-07,,9.999999999940612e-08,True,1e-08,0.40350000199396163,1.0
1415,20260726,20,12,35,near_boundary,separable,1.9999999999999258e-07,1e-07,,9.999999999940612e-08,True,1e-08,0.4191999905742705,1.0
1416,20260726,20,12,36,near_boundary,separable,2.0000000000864068e-07,1e-07,,9.999999999940612e-08,True,1e-08,0.41110000165645033,1.0
1417,20260726,20,12,37,near_boundary,separable,2.0000000000705572e-07,1e-07,,9.999999999940612e-08,True,1e-08,0.46919999294914305,0.9999999999999998
1418,20260726,20,12,38,near_boundary,separable,1.9999999999570702e-07,1e-07,,9.999999999940612e-08,True,1e-08,0.44099999649915844,0.9999999999999998
1419,20260726,20,12,39,near_boundary,separable,1.9999999999881224e-07,1e-07,,9.999999999940612e-08,True,1e-08,0.43250000453554094,1.0
1420,20260726,20,12,40,near_boundary,separable,1.9999999999317658e-07,1e-07,,9.999999999940612e-08,True,1e-08,0.4273000085959211,1.0
1421,20260726,20,12,41,near_boundary,separable,1.999999999925747e-07,1e-07,,9.999999999940612e-08,True,1e-08,0.4233999934513122,1.0
1422,20260726,20,12,42,near_boundary,separable,1.999999999991493e-07,1e-07,,9.999999999940612e-08,True,1e-08,0.415000002249144,1.0
1423,20260726,20,12,43,near_boundary,separable,2.0000000000302406e-07,1e-07,,9.999999999940612e-08,True,1e-08,0.40550000267103314,1.0
1424,20260726,20,12,44,near_boundary,separable,2.000000000027926e-07,1e-07,,9.999999999940612e-08,True,1e-08,0.4141999961575493,0.9999999999999999
1425,20260726,20,12,45,near_boundary,separable,1.9999999999949243e-07,1e-07,,9.999999999940612e-08,True,1e-08,0.4287000047042966,1.0
1426,20260726,20,12,46,near_boundary,separable,1.99999999993694e-07,1e-07,,9.999999999940612e-08,True,1e-08,0.4293999954825267,1.0
1427,20260726,20,12,47,near_boundary,separable,1.9999999987999284e-07,1e-07,,9.999999999940612e-08,True,1e-08,0.45140000293031335,1.0000000000000002
1428,20260726,20,12,48,near_boundary,separable,2.0000000001210557e-07,1e-07,,9.999999999940612e-08,True,1e-08,0.4487999976845458,1.0000000000000204
1429,20260726,20,12,49,near_boundary,separable,2.000000000116322e-07,1e-07,,9.999999999940612e-08,True,1e-08,0.4400999896461144,1.0
1430,20260726,20,12,50,near_boundary,separable,1.9999999999389797e-07,1e-07,,9.999999999940612e-08,True,1e-08,0.42919999395962805,1.0
1431,20260726,20,12,51,near_boundary,separable,2.0000000000298372e-07,1e-07,,9.999999999940612e-08,True,1e-08,0.414699999964796,1.0
1432,20260726,20,12,52,near_boundary,separable,2.0000000000624757e-07,1e-07,,9.999999999940612e-08,True,1e-08,0.41449999844189733,1.0000000000000002
1433,20260726,20,12,53,near_boundary,separable,2.0000000000166208e-07,1e-07,,9.999999999940612e-08,True,1e-08,0.43080000614281744,1.0
1434,20260726,20,12,54,near_boundary,separable,1.9999999999664733e-07,1e-07,,9.999999999940612e-08,True,1e-08,0.40940000326372683,1.0
1435,20260726,20,12,55,near_boundary,separable,2.0000000000845523e-07,1e-07,,9.999999999940612e-08,True,1e-08,0.4378000012366101,0.9999999999999999
1436,20260726,20,12,56,near_boundary,separable,1.999999999784564e-07,1e-07,,9.999999999940612e-08,True,1e-08,0.4661999992094934,1.0000000000000002
1437,20260726,20,12,57,near_boundary,separable,1.9999999999881224e-07,1e-07,,9.999999999940612e-08,True,1e-08,0.4253999941283837,1.0
1438,20260726,20,12,58,near_boundary,separable,2.0000000001475996e-07,1e-07,,9.999999999940612e-08,True,1e-08,0.43259999074507505,0.9999999999999994
1439,20260726,20,12,59,near_boundary,separable,2.0000000000829678e-07,1e-07,,9.999999999940612e-08,True,1e-08,0.40839999564923346,1.0
1440,20260727,3,4,0,replaceable,replaceable,0.0,0.0,0.0,,True,1e-08,0.29680000443477184,1.0
1441,20260727,3,4,1,replaceable,replaceable,0.0,0.0,0.0,,True,1e-08,0.2835999912349507,1.0
1442,20260727,3,4,2,replaceable,replaceable,0.0,0.0,0.0,,True,1e-08,0.29599999834317714,1.0
1443,20260727,3,4,3,replaceable,replaceable,0.0,0.0,0.0,,True,1e-08,0.3037999995285645,0.9999999999999999
1444,20260727,3,4,4,replaceable,replaceable,0.0,0.0,0.0,,True,1e-08,0.28140000358689576,0.9999999999999999
1445,20260727,3,4,5,replaceable,replaceable,0.0,0.0,0.0,,True,1e-08,0.2989000058732927,1.0000000000000002
1446,20260727,3,4,6,replaceable,replaceable,0.0,0.0,0.0,,True,1e-08,0.3040000010514632,0.9999999999999999
1447,20260727,3,4,7,replaceable,replaceable,0.0,0.0,0.0,,True,1e-08,0.2922999992733821,1.0
1448,20260727,3,4,8,replaceable,replaceable,0.0,0.0,0.0,,True,1e-08,0.3004000027431175,1.0
1449,20260727,3,4,9,replaceable,replaceable,0.0,0.0,0.0,,True,1e-08,0.31280000985134393,1.0
1450,20260727,3,4,10,replaceable,replaceable,0.0,0.0,0.0,,True,1e-08,0.2913999924203381,1.0
1451,20260727,3,4,11,replaceable,replaceable,0.0,0.0,0.0,,True,1e-08,0.28750000637955964,0.9999999999999999
1452,20260727,3,4,12,replaceable,replaceable,0.0,0.0,0.0,,True,1e-08,0.2849000011337921,1.0
1453,20260727,3,4,13,replaceable,replaceable,0.0,0.0,0.0,,True,1e-08,0.2834000042639673,0.9999999999999999
1454,20260727,3,4,14,replaceable,replaceable,0.0,0.0,0.0,,True,1e-08,0.28639999800361693,1.0
1455,20260727,3,4,15,replaceable,replaceable,0.0,0.0,0.0,,True,1e-08,0.28670000028796494,1.0
1456,20260727,3,4,16,replaceable,replaceable,0.0,0.0,0.0,,True,1e-08,0.2849000011337921,0.9999999999999999
1457,20260727,3,4,17,replaceable,replaceable,0.0,0.0,0.0,,True,1e-08,0.2798000059556216,1.0
1458,20260727,3,4,18,replaceable,replaceable,0.0,0.0,0.0,,True,1e-08,0.27469999622553587,1.0000000000000002
1459,20260727,3,4,19,replaceable,replaceable,0.0,0.0,0.0,,True,1e-08,0.2825999981723726,0.9999999999999998
1460,20260727,3,4,20,replaceable,replaceable,0.0,0.0,0.0,,True,1e-08,0.2817000058712438,0.9999999999999999
1461,20260727,3,4,21,replaceable,replaceable,0.0,0.0,0.0,,True,1e-08,0.2823000104399398,1.0
1462,20260727,3,4,22,replaceable,replaceable,0.0,0.0,0.0,,True,1e-08,0.2792000013869256,1.0
1463,20260727,3,4,23,replaceable,replaceable,0.0,0.0,0.0,,True,1e-08,0.26989998877979815,0.9999999999999999
1464,20260727,3,4,24,replaceable,replaceable,0.0,0.0,0.0,,True,1e-08,0.2673999988473952,1.0000000000000002
1465,20260727,3,4,25,replaceable,replaceable,0.0,0.0,0.0,,True,1e-08,0.265800001216121,0.9999999999999999
1466,20260727,3,4,26,replaceable,replaceable,0.0,0.0,0.0,,True,1e-08,0.268299991148524,1.0000000000000002
1467,20260727,3,4,27,replaceable,replaceable,0.0,0.0,0.0,,True,1e-08,0.2663000050233677,1.0
1468,20260727,3,4,28,replaceable,replaceable,0.0,0.0,0.0,,True,1e-08,0.2666000073077157,1.0000000000000002
1469,20260727,3,4,29,replaceable,replaceable,0.0,0.0,0.0,,True,1e-08,0.2817000058712438,1.0
1470,20260727,3,4,30,replaceable,replaceable,0.0,0.0,0.0,,True,1e-08,0.2812000020639971,0.9999999999999998
1471,20260727,3,4,31,replaceable,replaceable,0.0,0.0,0.0,,True,1e-08,0.27129999944008887,1.0
1472,20260727,3,4,32,replaceable,replaceable,0.0,0.0,0.0,,True,1e-08,0.27180000324733555,1.0
1473,20260727,3,4,33,replaceable,replaceable,0.0,0.0,0.0,,True,1e-08,0.2955000090878457,0.9999999999999998
1474,20260727,3,4,34,replaceable,replaceable,0.0,0.0,0.0,,True,1e-08,0.2776999899651855,1.0
1475,20260727,3,4,35,replaceable,replaceable,0.0,0.0,0.0,,True,1e-08,0.2888999879360199,1.0
1476,20260727,3,4,36,replaceable,replaceable,0.0,0.0,0.0,,True,1e-08,0.2773999876808375,1.0
1477,20260727,3,4,37,replaceable,replaceable,0.0,0.0,0.0,,True,1e-08,0.2707999956328422,1.0
1478,20260727,3,4,38,replaceable,replaceable,0.0,0.0,0.0,,True,1e-08,0.2657000004546717,1.0
1479,20260727,3,4,39,replaceable,replaceable,0.0,0.0,0.0,,True,1e-08,0.27040000713896006,1.0
1480,20260727,3,4,40,replaceable,replaceable,0.0,0.0,0.0,,True,1e-08,0.26870000874623656,1.0
1481,20260727,3,4,41,replaceable,replaceable,0.0,0.0,0.0,,True,1e-08,0.26679999427869916,0.9999999999999999
1482,20260727,3,4,42,replaceable,replaceable,0.0,0.0,0.0,,True,1e-08,0.2773000014713034,1.0
1483,20260727,3,4,43,replaceable,replaceable,0.0,0.0,0.0,,True,1e-08,0.2710999979171902,1.0
1484,20260727,3,4,44,replaceable,replaceable,0.0,0.0,0.0,,True,1e-08,0.26840000646188855,1.0
1485,20260727,3,4,45,replaceable,replaceable,0.0,0.0,0.0,,True,1e-08,0.28360000578686595,0.9999999999999999
1486,20260727,3,4,46,replaceable,replaceable,0.0,0.0,0.0,,True,1e-08,0.26960000104736537,1.0
1487,20260727,3,4,47,replaceable,replaceable,0.0,0.0,0.0,,True,1e-08,0.27979999140370637,1.0000000000000004
1488,20260727,3,4,48,replaceable,replaceable,0.0,0.0,0.0,,True,1e-08,0.28059999749530107,1.0000000000000002
1489,20260727,3,4,49,replaceable,replaceable,0.0,0.0,0.0,,True,1e-08,0.2884999994421378,1.0000000000000002
1490,20260727,3,4,50,replaceable,replaceable,0.0,0.0,0.0,,True,1e-08,0.27069999487139285,1.0
1491,20260727,3,4,51,replaceable,replaceable,0.0,0.0,0.0,,True,1e-08,0.26309999520890415,1.0
1492,20260727,3,4,52,replaceable,replaceable,0.0,0.0,0.0,,True,1e-08,0.26529999740887433,1.0
1493,20260727,3,4,53,replaceable,replaceable,0.0,0.0,0.0,,True,1e-08,0.265199996647425,1.0
1494,20260727,3,4,54,replaceable,replaceable,0.0,0.0,0.0,,True,1e-08,0.2677000011317432,1.0
1495,20260727,3,4,55,replaceable,replaceable,0.0,0.0,0.0,,True,1e-08,0.267999988864176,1.0
1496,20260727,3,4,56,replaceable,replaceable,0.0,0.0,0.0,,True,1e-08,0.2796000044327229,1.0
1497,20260727,3,4,57,replaceable,replaceable,0.0,0.0,0.0,,True,1e-08,0.27350000164005905,1.0
1498,20260727,3,4,58,replaceable,replaceable,0.0,0.0,0.0,,True,1e-08,0.2717999886954203,0.9999999999999999
1499,20260727,3,4,59,replaceable,replaceable,0.0,0.0,0.0,,True,1e-08,0.2683000057004392,1.0
1500,20260727,3,4,0,separable,separable,0.8606900034191068,0.0,,0.43034500170955337,True,1e-08,0.33320000511594117,1.0
1501,20260727,3,4,1,separable,separable,1.0908497599931823,0.0,,0.5454248799965911,True,1e-08,0.28950000705663115,1.0
1502,20260727,3,4,2,separable,separable,1.4128069804723495,0.0,,0.7064034902361749,True,1e-08,0.2987999905599281,1.0
1503,20260727,3,4,3,separable,separable,0.5033854839935805,0.0,,0.25169274199679026,True,1e-08,0.3360999980941415,1.0
1504,20260727,3,4,4,separable,separable,0.5027960483702356,0.0,,0.2513980241851178,True,1e-08,0.32559999090153724,1.0
1505,20260727,3,4,5,separable,separable,1.2319662313014115,0.0,,0.6159831156507058,True,1e-08,0.32500000088475645,1.0
1506,20260727,3,4,6,separable,separable,0.7934260144116703,0.0,,0.39671300720583513,True,1e-08,0.3237000055378303,1.0
1507,20260727,3,4,7,separable,separable,0.8053672713290314,0.0,,0.4026836356645157,True,1e-08,0.32130000181496143,1.0
1508,20260727,3,4,8,separable,separable,0.5383343886246922,0.0,,0.26916719431234604,True,1e-08,0.3311000036774203,1.0
1509,20260727,3,4,9,separable,separable,0.39263714040919795,0.0,,0.19631857020459897,True,1e-08,0.32419999479316175,1.0
1510,20260727,3,4,10,separable,separable,0.21151284089849667,0.0,,0.10575642044924838,True,1e-08,0.32079999800771475,1.0
1511,20260727,3,4,11,separable,separable,1.091335457884167,0.0,,0.5456677289420835,True,1e-08,0.31650000892113894,1.0
1512,20260727,3,4,12,separable,separable,0.5443167201400185,0.0,,0.27215836007000926,True,1e-08,0.3222999948775396,1.0
1513,20260727,3,4,13,separable,separable,0.6572579498124622,0.0,,0.3286289749062311,True,1e-08,0.36070001078769565,1.0
1514,20260727,3,4,14,separable,separable,0.934212480382592,0.0,,0.467106240191296,True,1e-08,0.3332999913254753,1.0
1515,20260727,3,4,15,separable,separable,1.235564358216421,0.0,,0.6177821791082105,True,1e-08,0.31820000731386244,1.0
1516,20260727,3,4,16,separable,separable,0.8808729476286805,0.0,,0.44043647381434026,True,1e-08,0.2733000001171604,1.0
1517,20260727,3,4,17,separable,separable,0.6370899270173067,0.0,,0.31854496350865336,True,1e-08,0.3415000101085752,1.0
1518,20260727,3,4,18,separable,separable,0.29021106886627523,0.0,,0.14510553443313756,True,1e-08,0.3237999917473644,1.0
1519,20260727,3,4,19,separable,separable,1.1900518887449831,0.0,,0.5950259443724915,True,1e-08,0.3277999931015074,1.0
1520,20260727,3,4,20,separable,separable,1.1820512875920275,0.0,,0.5910256437960137,True,1e-08,0.2756000030785799,1.0
1521,20260727,3,4,21,separable,separable,1.0557991463089844,0.0,,0.5278995731544921,True,1e-08,0.3129999968223274,1.0
1522,20260727,3,4,22,separable,separable,0.4400552174471441,0.0,,0.22002760872357208,True,1e-08,0.31269999453797936,1.0
1523,20260727,3,4,23,separable,separable,0.7193732603469819,0.0,,0.3596866301734909,True,1e-08,0.3127000090898946,1.0
1524,20260727,3,4,24,separable,separable,0.9142726547382399,0.0,,0.45713632736912,True,1e-08,0.31779998971614987,1.0
1525,20260727,3,4,25,separable,separable,0.6395906618703022,0.0,,0.3197953309351511,True,1e-08,0.33910000638570637,1.0
1526,20260727,3,4,26,separable,separable,0.48940307710862174,0.0,,0.24470153855431087,True,1e-08,0.3284999984316528,1.0
1527,20260727,3,4,27,separable,separable,1.6618045978939031,0.0,,0.8309022989469516,True,1e-08,0.2854999911505729,1.0
1528,20260727,3,4,28,separable,separable,0.3138793409272851,0.0,,0.15693967046364254,True,1e-08,0.32110000029206276,1.0
1529,20260727,3,4,29,separable,separable,0.48878819953937847,0.0,,0.2443940997696893,True,1e-08,0.32890000147745013,1.0
1530,20260727,3,4,30,separable,separable,0.7412636688040961,0.0,,0.37063183440204805,True,1e-08,0.31749998743180186,1.0
1531,20260727,3,4,31,separable,separable,0.3901149674069159,0.0,,0.195057483703458,True,1e-08,0.32950000604614615,1.0
1532,20260727,3,4,32,separable,separable,0.8793278070930977,0.0,,0.43966390354654883,True,1e-08,0.2716000017244369,1.0
1533,20260727,3,4,33,separable,separable,0.6951016228638772,0.0,,0.34755081143193856,True,1e-08,0.3122000052826479,1.0
1534,20260727,3,4,34,separable,separable,0.9836964050386348,0.0,,0.49184820251931727,True,1e-08,0.27269999554846436,1.0
1535,20260727,3,4,35,separable,separable,0.9935927228470948,0.0,,0.49679636142354733,True,1e-08,0.268599993432872,1.0
1536,20260727,3,4,36,separable,separable,1.2599200939627253,0.0,,0.6299600469813627,True,1e-08,0.26559999969322234,1.0
1537,20260727,3,4,37,separable,separable,0.15746069475024893,0.0,,0.07873034737512441,True,1e-08,0.3364000003784895,1.0
1538,20260727,3,4,38,separable,separable,1.1211115051324656,0.0,,0.5605557525662328,True,1e-08,0.3321999975014478,1.0
1539,20260727,3,4,39,separable,separable,0.6330741120421695,0.0,,0.31653705602108484,True,1e-08,0.33059999987017363,1.0
1540,20260727,3,4,40,separable,separable,0.6224831915359814,0.0,,0.3112415957679907,True,1e-08,0.33179999445565045,1.0
1541,20260727,3,4,41,separable,separable,0.9530703814635751,0.0,,0.4765351907317875,True,1e-08,0.2789999998640269,1.0
1542,20260727,3,4,42,separable,separable,1.4235265417539353,0.0,,0.7117632708769677,True,1e-08,0.31940000189933926,1.0
1543,20260727,3,4,43,separable,separable,1.132014214068145,0.0,,0.5660071070340726,True,1e-08,0.3308999876026064,1.0
1544,20260727,3,4,44,separable,separable,1.0359197620752343,0.0,,0.517959881037617,True,1e-08,0.3163999936077744,1.0
1545,20260727,3,4,45,separable,separable,0.43494750233579627,0.0,,0.21747375116789813,True,1e-08,0.315699988277629,1.0
1546,20260727,3,4,46,separable,separable,0.5090579919244955,0.0,,0.25452899596224776,True,1e-08,0.3141000051982701,1.0
1547,20260727,3,4,47,separable,separable,0.820429573162457,0.0,,0.41021478658122856,True,1e-08,0.31460000900551677,1.0
1548,20260727,3,4,48,separable,separable,0.47255309524717315,0.0,,0.23627654762358663,True,1e-08,0.31400000443682075,1.0
1549,20260727,3,4,49,separable,separable,1.2249630665756448,0.0,,0.6124815332878224,True,1e-08,0.3488000074867159,1.0
1550,20260727,3,4,50,separable,separable,0.15793489135631755,0.0,,0.07896744567815872,True,1e-08,0.3637999907368794,1.0
1551,20260727,3,4,51,separable,separable,1.1550237446462777,0.0,,0.5775118723231388,True,1e-08,0.32700000156182796,1.0
1552,20260727,3,4,52,separable,separable,0.2612684249001922,0.0,,0.1306342124500961,True,1e-08,0.32469999860040843,1.0
1553,20260727,3,4,53,separable,separable,0.9706323074197187,0.0,,0.4853161537098595,True,1e-08,0.3158000035909936,1.0
1554,20260727,3,4,54,separable,separable,0.646096384027805,0.0,,0.32304819201390245,True,1e-08,0.28410000959411263,1.0
1555,20260727,3,4,55,separable,separable,1.2979560760126188,0.0,,0.6489780380063094,True,1e-08,0.26760000037029386,1.0
1556,20260727,3,4,56,separable,separable,1.2722779551683407,0.0,,0.6361389775841704,True,1e-08,0.2840000088326633,1.0
1557,20260727,3,4,57,separable,separable,0.5502110344574984,0.0,,0.2751055172287492,True,1e-08,0.33710000570863485,1.0
1558,20260727,3,4,58,separable,separable,1.3898023241795885,0.0,,0.6949011620897942,True,1e-08,0.2860999957192689,1.0
1559,20260727,3,4,59,separable,separable,0.5611740124929779,0.0,,0.2805870062464889,True,1e-08,0.3249000001233071,1.0
1560,20260727,3,4,0,near_boundary,separable,2.0000000003087683e-07,1e-07,,9.999999999940612e-08,True,1e-08,0.2936000091722235,0.9999999999999998
1561,20260727,3,4,1,near_boundary,separable,2.0000000008566874e-07,1e-07,,1.0000000000287557e-07,True,1e-08,0.3181000065524131,0.9999999999999997
1562,20260727,3,4,2,near_boundary,separable,2.0000000000575108e-07,1e-07,,1.0000000000287557e-07,True,1e-08,0.3070999955525622,1.0
1563,20260727,3,4,3,near_boundary,separable,1.9999999976044706e-07,1e-07,,9.999999999940612e-08,True,1e-08,0.2891000040108338,1.0
1564,20260727,3,4,4,near_boundary,separable,2.0000000010847527e-07,1e-07,,1.0000000000287557e-07,True,1e-08,0.2857000072253868,1.0
1565,20260727,3,4,5,near_boundary,separable,1.999999999818542e-07,1e-07,,1.0000000000287557e-07,True,1e-08,0.2775000029942021,1.0000000000000002
1566,20260727,3,4,6,near_boundary,separable,1.9999999996772216e-07,1e-07,,1.0000000000287557e-07,True,1e-08,0.2865999995265156,1.0000000000000002
1567,20260727,3,4,7,near_boundary,separable,2.0000000009289097e-07,1e-07,,1.0000000000287557e-07,True,1e-08,0.2776999899651855,1.0
1568,20260727,3,4,8,near_boundary,separable,1.9999999983640598e-07,1e-07,,1.0000000000287557e-07,True,1e-08,0.29150000773370266,1.0000000000000002
1569,20260727,3,4,9,near_boundary,separable,1.9999999999187335e-07,1e-07,,1.0000000000287557e-07,True,1e-08,0.2736000024015084,1.0
1570,20260727,3,4,10,near_boundary,separable,1.9999999990025816e-07,1e-07,,9.999999999940612e-08,True,1e-08,0.28059999749530107,1.0
1571,20260727,3,4,11,near_boundary,separable,1.9999999989228175e-07,1e-07,,9.999999999940612e-08,True,1e-08,0.2803000097628683,1.0000000000000002
1572,20260727,3,4,12,near_boundary,separable,1.9999999996032836e-07,1e-07,,1.0000000000287557e-07,True,1e-08,0.27439999394118786,1.0
1573,20260727,3,4,13,near_boundary,separable,2.0000000009810107e-07,1e-07,,9.999999999940612e-08,True,1e-08,0.28639999800361693,1.0
1574,20260727,3,4,14,near_boundary,separable,2.0000000000575113e-07,1e-07,,1.0000000000287557e-07,True,1e-08,0.28809999639634043,1.0
1575,20260727,3,4,15,near_boundary,separable,1.9999999991736954e-07,1e-07,,1.0000000000287557e-07,True,1e-08,0.2830000012181699,1.0
1576,20260727,3,4,16,near_boundary,separable,2.0000000012864267e-07,1e-07,,1.0000000000287557e-07,True,1e-08,0.29290000384207815,1.000000000000001
1577,20260727,3,4,17,near_boundary,separable,1.9999999984463715e-07,1e-07,,1.0000000000287557e-07,True,1e-08,0.2789999998640269,1.0000000000000002
1578,20260727,3,4,18,near_boundary,separable,2.0000000000570703e-07,1e-07,,9.999999999940612e-08,True,1e-08,0.2739999908953905,1.0
1579,20260727,3,4,19,near_boundary,separable,1.9999999996208558e-07,1e-07,,1.0000000000287557e-07,True,1e-08,0.287900009425357,0.9999999999999999
1580,20260727,3,4,20,near_boundary,separable,1.9999999995962066e-07,1e-07,,1.0000000000287557e-07,True,1e-08,0.27770000451710075,1.0
1581,20260727,3,4,21,near_boundary,separable,1.999999999224639e-07,1e-07,,1.0000000000287557e-07,True,1e-08,0.27550000231713057,1.0
1582,20260727,3,4,22,near_boundary,separable,1.9999999989700907e-07,1e-07,,1.0000000000287557e-07,True,1e-08,0.2776000037556514,1.0
1583,20260727,3,4,23,near_boundary,separable,2.0000000004076e-07,1e-07,,9.999999999940612e-08,True,1e-08,0.27210000553168356,1.0
1584,20260727,3,4,24,near_boundary,separable,2.0000000010138062e-07,1e-07,,9.999999999940612e-08,True,1e-08,0.2707999956328422,1.0
1585,20260727,3,4,25,near_boundary,separable,2.0000000001941129e-07,1e-07,,9.999999999940612e-08,True,1e-08,0.2708999963942915,1.0
1586,20260727,3,4,26,near_boundary,separable,1.999999999535219e-07,1e-07,,1.0000000000287557e-07,True,1e-08,0.28729999030474573,1.0
1587,20260727,3,4,27,near_boundary,separable,1.99999999965158e-07,1e-07,,9.999999999940612e-08,True,1e-08,0.2784999960567802,1.0
1588,20260727,3,4,28,near_boundary,separable,2.0000000000441518e-07,1e-07,,9.999999999940612e-08,True,1e-08,0.2840999950421974,0.9999999999999999
1589,20260727,3,4,29,near_boundary,separable,2.0000000000161872e-07,1e-07,,1.0000000000287557e-07,True,1e-08,0.2823999966494739,0.9999999999999999
1590,20260727,3,4,30,near_boundary,separable,2.0000000003300823e-07,1e-07,,9.999999999940612e-08,True,1e-08,0.28330000350251794,1.0
1591,20260727,3,4,31,near_boundary,separable,1.9999999989199924e-07,1e-07,,1.0000000000287557e-07,True,1e-08,0.27319999935571104,1.0000000000000002
1592,20260727,3,4,32,near_boundary,separable,1.9999999992364855e-07,1e-07,,1.0000000000287557e-07,True,1e-08,0.28450001263991,1.0
1593,20260727,3,4,33,near_boundary,separable,2.000000000057511e-07,1e-07,,1.0000000000287557e-07,True,1e-08,0.27770000451710075,1.0
1594,20260727,3,4,34,near_boundary,separable,1.9999999993712362e-07,1e-07,,9.999999999940612e-08,True,1e-08,0.27489999774843454,1.0
1595,20260727,3,4,35,near_boundary,separable,1.9999999987393187e-07,1e-07,,1.0000000000287557e-07,True,1e-08,0.27099999715574086,1.0000000000000002
1596,20260727,3,4,36,near_boundary,separable,2.0000000000228169e-07,1e-07,,9.999999999940612e-08,True,1e-08,0.2756000030785799,1.0
1597,20260727,3,4,37,near_boundary,separable,2.0000000000120617e-07,1e-07,,9.999999999940612e-08,True,1e-08,0.2801999944495037,0.9999999999999999
1598,20260727,3,4,38,near_boundary,separable,2.000000000567577e-07,1e-07,,1.0000000000287557e-07,True,1e-08,0.27150000096298754,0.9999999999999999
1599,20260727,3,4,39,near_boundary,separable,1.9999999994677053e-07,1e-07,,9.999999999940612e-08,True,1e-08,0.27709999994840473,1.0
1600,20260727,3,4,40,near_boundary,separable,1.999999999468612e-07,1e-07,,9.999999999940612e-08,True,1e-08,0.2736000024015084,1.0000000000000002
1601,20260727,3,4,41,near_boundary,separable,2.0000000006631304e-07,1e-07,,9.999999999940612e-08,True,1e-08,0.28619999648071826,1.0
1602,20260727,3,4,42,near_boundary,separable,1.9999999992811294e-07,1e-07,,1.0000000000287557e-07,True,1e-08,0.2830000012181699,1.0
1603,20260727,3,4,43,near_boundary,separable,1.999999998911626e-07,1e-07,,9.999999999940612e-08,True,1e-08,0.2776999899651855,0.9999999999999998
1604,20260727,3,4,44,near_boundary,separable,1.9999999999745868e-07,1e-07,,1.0000000000287557e-07,True,1e-08,0.2835000050254166,1.0
1605,20260727,3,4,45,near_boundary,separable,2.0000000003262444e-07,1e-07,,9.999999999940612e-08,True,1e-08,0.27319999935571104,0.9999999999999999
1606,20260727,3,4,46,near_boundary,separable,2.0000000002698614e-07,1e-07,,1.0000000000287557e-07,True,1e-08,0.27150000096298754,0.9999999999999999
1607,20260727,3,4,47,near_boundary,separable,2.0000000005079846e-07,1e-07,,1.0000000000287557e-07,True,1e-08,0.26980000257026404,1.0
1608,20260727,3,4,48,near_boundary,separable,1.9999999997452606e-07,1e-07,,9.999999999940612e-08,True,1e-08,0.27290001162327826,1.0
1609,20260727,3,4,49,near_boundary,separable,2.0000000000440247e-07,1e-07,,1.0000000000287557e-07,True,1e-08,0.31010000384412706,1.0
1610,20260727,3,4,50,near_boundary,separable,1.9999999989669453e-07,1e-07,,9.999999999940612e-08,True,1e-08,0.2955000090878457,1.0
1611,20260727,3,4,51,near_boundary,separable,2.0000000009920634e-07,1e-07,,9.999999999940612e-08,True,1e-08,0.2916999947046861,1.0
1612,20260727,3,4,52,near_boundary,separable,2.0000000001956148e-07,1e-07,,9.999999999940612e-08,True,1e-08,0.27409999165683985,1.0
1613,20260727,3,4,53,near_boundary,separable,2.00000000000325e-07,1e-07,,9.999999999940612e-08,True,1e-08,0.2744000084931031,1.0
1614,20260727,3,4,54,near_boundary,separable,1.9999999998252062e-07,1e-07,,1.0000000000287557e-07,True,1e-08,0.2795000036712736,1.0000000000000002
1615,20260727,3,4,55,near_boundary,separable,1.999999999390518e-07,1e-07,,1.0000000000287557e-07,True,1e-08,0.28250001196283847,1.0
1616,20260727,3,4,56,near_boundary,separable,2.0000000003812764e-07,1e-07,,9.999999999940612e-08,True,1e-08,0.2888000017264858,0.9999999999999998
1617,20260727,3,4,57,near_boundary,separable,1.9999999999983053e-07,1e-07,,1.0000000000287557e-07,True,1e-08,0.2941999991890043,1.0
1618,20260727,3,4,58,near_boundary,separable,1.9999999989752197e-07,1e-07,,9.999999999940612e-08,True,1e-08,0.28369999199640006,1.0
1619,20260727,3,4,59,near_boundary,separable,1.999999999500404e-07,1e-07,,9.999999999940612e-08,True,1e-08,0.28249999741092324,1.0
1620,20260727,5,5,0,replaceable,replaceable,0.0,0.0,0.0,,True,1e-08,0.30860000697430223,1.0000000000000002
1621,20260727,5,5,1,replaceable,replaceable,0.0,0.0,0.0,,True,1e-08,0.3068000078201294,0.9999999999999998
1622,20260727,5,5,2,replaceable,replaceable,0.0,0.0,0.0,,True,1e-08,0.3068999940296635,1.0000000000000002
1623,20260727,5,5,3,replaceable,replaceable,0.0,0.0,0.0,,True,1e-08,0.3113999991910532,1.0
1624,20260727,5,5,4,replaceable,replaceable,0.0,0.0,0.0,,True,1e-08,0.302100001135841,1.0
1625,20260727,5,5,5,replaceable,replaceable,0.0,0.0,0.0,,True,1e-08,0.3032999957213178,1.0000000000000002
1626,20260727,5,5,6,replaceable,replaceable,0.0,0.0,0.0,,True,1e-08,0.30840000545140356,1.0
1627,20260727,5,5,7,replaceable,replaceable,0.0,0.0,0.0,,True,1e-08,0.30759999935980886,0.9999999999999998
1628,20260727,5,5,8,replaceable,replaceable,0.0,0.0,0.0,,True,1e-08,0.3020000003743917,0.9999999999999999
1629,20260727,5,5,9,replaceable,replaceable,0.0,0.0,0.0,,True,1e-08,0.32419999479316175,1.0
1630,20260727,5,5,10,replaceable,replaceable,0.0,0.0,0.0,,True,1e-08,0.3031999949598685,1.0
1631,20260727,5,5,11,replaceable,replaceable,0.0,0.0,0.0,,True,1e-08,0.2994999958900735,1.0000000000000002
1632,20260727,5,5,12,replaceable,replaceable,0.0,0.0,0.0,,True,1e-08,0.30139999580569565,1.0
1633,20260727,5,5,13,replaceable,replaceable,0.0,0.0,0.0,,True,1e-08,0.29460000223480165,1.0
1634,20260727,5,5,14,replaceable,replaceable,0.0,0.0,0.0,,True,1e-08,0.28480000037234277,1.0
1635,20260727,5,5,15,replaceable,replaceable,0.0,0.0,0.0,,True,1e-08,0.3073999978369102,1.0000000000000002
1636,20260727,5,5,16,replaceable,replaceable,0.0,0.0,0.0,,True,1e-08,0.30500000866595656,1.0
1637,20260727,5,5,17,replaceable,replaceable,0.0,0.0,0.0,,True,1e-08,0.30780000088270754,1.0000000000000002
1638,20260727,5,5,18,replaceable,replaceable,0.0,0.0,0.0,,True,1e-08,0.2825999981723726,1.0
1639,20260727,5,5,19,replaceable,replaceable,0.0,0.0,0.0,,True,1e-08,0.2970000059576705,1.0
1640,20260727,5,5,20,replaceable,replaceable,0.0,0.0,0.0,,True,1e-08,0.3046000056201592,1.0
1641,20260727,5,5,21,replaceable,replaceable,0.0,0.0,0.0,,True,1e-08,0.305800000205636,1.0
1642,20260727,5,5,22,replaceable,replaceable,0.0,0.0,0.0,,True,1e-08,0.29930000891909003,1.0
1643,20260727,5,5,23,replaceable,replaceable,0.0,0.0,0.0,,True,1e-08,0.2964000013889745,1.0
1644,20260727,5,5,24,replaceable,replaceable,0.0,0.0,0.0,,True,1e-08,0.28249999741092324,0.9999999999999999
1645,20260727,5,5,25,replaceable,replaceable,0.0,0.0,0.0,,True,1e-08,0.2812000020639971,1.0
1646,20260727,5,5,26,replaceable,replaceable,0.0,0.0,0.0,,True,1e-08,0.28279999969527125,1.0
1647,20260727,5,5,27,replaceable,replaceable,0.0,0.0,0.0,,True,1e-08,0.2889000024879351,1.0
1648,20260727,5,5,28,replaceable,replaceable,0.0,0.0,0.0,,True,1e-08,0.301499996567145,1.0000000000000002
1649,20260727,5,5,29,replaceable,replaceable,0.0,0.0,0.0,,True,1e-08,0.3032000095117837,1.0
1650,20260727,5,5,30,replaceable,replaceable,0.0,0.0,0.0,,True,1e-08,0.2965000021504238,0.9999999999999997
1651,20260727,5,5,31,replaceable,replaceable,0.0,0.0,0.0,,True,1e-08,0.2871999895432964,1.0
1652,20260727,5,5,32,replaceable,replaceable,0.0,0.0,0.0,,True,1e-08,0.2874999918276444,1.0
1653,20260727,5,5,33,replaceable,replaceable,0.0,0.0,0.0,,True,1e-08,0.3001000004587695,1.0
1654,20260727,5,5,34,replaceable,replaceable,0.0,0.0,0.0,,True,1e-08,0.3093999985139817,0.9999999999999998
1655,20260727,5,5,35,replaceable,replaceable,0.0,0.0,0.0,,True,1e-08,0.3007000050274655,1.0
1656,20260727,5,5,36,replaceable,replaceable,0.0,0.0,0.0,,True,1e-08,0.2871999895432964,1.0
1657,20260727,5,5,37,replaceable,replaceable,0.0,0.0,0.0,,True,1e-08,0.2969999914057553,1.0
1658,20260727,5,5,38,replaceable,replaceable,0.0,0.0,0.0,,True,1e-08,0.30359999800566584,1.0000000000000004
1659,20260727,5,5,39,replaceable,replaceable,0.0,0.0,0.0,,True,1e-08,0.291000003926456,0.9999999999999997
1660,20260727,5,5,40,replaceable,replaceable,0.0,0.0,0.0,,True,1e-08,0.29940000968053937,0.9999999999999996
1661,20260727,5,5,41,replaceable,replaceable,0.0,0.0,0.0,,True,1e-08,0.2936999953817576,1.0
1662,20260727,5,5,42,replaceable,replaceable,0.0,0.0,0.0,,True,1e-08,0.2919999969890341,1.0
1663,20260727,5,5,43,replaceable,replaceable,0.0,0.0,0.0,,True,1e-08,0.2978999982587993,1.0000000000000004
1664,20260727,5,5,44,replaceable,replaceable,0.0,0.0,0.0,,True,1e-08,0.2837000065483153,1.0
1665,20260727,5,5,45,replaceable,replaceable,0.0,0.0,0.0,,True,1e-08,0.28059999749530107,0.9999999999999998
1666,20260727,5,5,46,replaceable,replaceable,0.0,0.0,0.0,,True,1e-08,0.29399999766610563,0.9999999999999999
1667,20260727,5,5,47,replaceable,replaceable,0.0,0.0,0.0,,True,1e-08,0.29749999521300197,0.9999999999999998
1668,20260727,5,5,48,replaceable,replaceable,0.0,0.0,0.0,,True,1e-08,0.2955999952973798,0.9999999999999999
1669,20260727,5,5,49,replaceable,replaceable,0.0,0.0,0.0,,True,1e-08,0.2931000053649768,0.9999999999999999
1670,20260727,5,5,50,replaceable,replaceable,0.0,0.0,0.0,,True,1e-08,0.2882999979192391,0.9999999999999999
1671,20260727,5,5,51,replaceable,replaceable,0.0,0.0,0.0,,True,1e-08,0.28199999360367656,1.0
1672,20260727,5,5,52,replaceable,replaceable,0.0,0.0,0.0,,True,1e-08,0.2874000056181103,1.0
1673,20260727,5,5,53,replaceable,replaceable,0.0,0.0,0.0,,True,1e-08,0.30130000959616154,0.9999999999999998
1674,20260727,5,5,54,replaceable,replaceable,0.0,0.0,0.0,,True,1e-08,0.2876999933505431,1.0
1675,20260727,5,5,55,replaceable,replaceable,0.0,0.0,0.0,,True,1e-08,0.2905000001192093,1.0
1676,20260727,5,5,56,replaceable,replaceable,0.0,0.0,0.0,,True,1e-08,0.2970000059576705,1.0
1677,20260727,5,5,57,replaceable,replaceable,0.0,0.0,0.0,,True,1e-08,0.2913999924203381,1.0
1678,20260727,5,5,58,replaceable,replaceable,0.0,0.0,0.0,,True,1e-08,0.29510000604204834,1.0
1679,20260727,5,5,59,replaceable,replaceable,0.0,0.0,0.0,,True,1e-08,0.3125000075669959,0.9999999999999998
1680,20260727,5,5,0,separable,separable,1.6181643421461664,0.0,,0.8090821710730831,True,1e-08,0.3868999920086935,1.0
1681,20260727,5,5,1,separable,separable,1.3513230227938307,0.0,,0.6756615113969153,True,1e-08,0.2967999898828566,1.0
1682,20260727,5,5,2,separable,separable,0.8624593563576508,0.0,,0.4312296781788254,True,1e-08,0.33059999987017363,1.0
1683,20260727,5,5,3,separable,separable,1.5842260814871376,0.0,,0.7921130407435687,True,1e-08,0.28500000189524144,1.0
1684,20260727,5,5,4,separable,separable,1.3356246061606347,0.0,,0.6678123030803174,True,1e-08,0.2882999979192391,1.0
1685,20260727,5,5,5,separable,separable,1.200084284238836,0.0,,0.600042142119418,True,1e-08,0.3269000008003786,1.0
1686,20260727,5,5,6,separable,separable,0.748769299857902,0.0,,0.37438464992895093,True,1e-08,0.3281999961473048,1.0
1687,20260727,5,5,7,separable,separable,0.8913493948521856,0.0,,0.4456746974260928,True,1e-08,0.3456999984337017,1.0
1688,20260727,5,5,8,separable,separable,1.5610734836746394,0.0,,0.7805367418373197,True,1e-08,0.30250000418163836,1.0
1689,20260727,5,5,9,separable,separable,1.4761332249539902,0.0,,0.7380666124769951,True,1e-08,0.2829000004567206,1.0
1690,20260727,5,5,10,separable,separable,1.330013749074138,0.0,,0.665006874537069,True,1e-08,0.33409999741706997,1.0
1691,20260727,5,5,11,separable,separable,0.9937802895958832,0.0,,0.4968901447979416,True,1e-08,0.31749998743180186,1.0
1692,20260727,5,5,12,separable,separable,1.1942367570549024,0.0,,0.5971183785274512,True,1e-08,0.28509998810477555,1.0
1693,20260727,5,5,13,separable,separable,1.4526789846580481,0.0,,0.7263394923290241,True,1e-08,0.33260000054724514,1.0
1694,20260727,5,5,14,separable,separable,1.5624353439489123,0.0,,0.7812176719744561,True,1e-08,0.35090000892523676,1.0
1695,20260727,5,5,15,separable,separable,0.7963115792813896,0.0,,0.39815578964069476,True,1e-08,0.375000003259629,1.0
1696,20260727,5,5,16,separable,separable,1.3461877201214838,0.0,,0.6730938600607419,True,1e-08,0.3294000052846968,1.0
1697,20260727,5,5,17,separable,separable,1.389828094984873,0.0,,0.6949140474924365,True,1e-08,0.27889999910257757,1.0
1698,20260727,5,5,18,separable,separable,1.1193201888380735,0.0,,0.5596600944190366,True,1e-08,0.35089999437332153,1.0
1699,20260727,5,5,19,separable,separable,0.9505756753695315,0.0,,0.4752878376847658,True,1e-08,0.3080000024056062,1.0
1700,20260727,5,5,20,separable,separable,1.597367284424477,0.0,,0.7986836422122385,True,1e-08,0.2862999972421676,1.0
1701,20260727,5,5,21,separable,separable,1.0220024815028057,0.0,,0.5110012407514029,True,1e-08,0.334399999701418,1.0
1702,20260727,5,5,22,separable,separable,0.8859284958269189,0.0,,0.44296424791345945,True,1e-08,0.33009999606292695,1.0
1703,20260727,5,5,23,separable,separable,0.696612061331662,0.0,,0.348306030665831,True,1e-08,0.3462000022409484,1.0
1704,20260727,5,5,24,separable,separable,1.0206187968563336,0.0,,0.5103093984281668,True,1e-08,0.3618000046117231,1.0
1705,20260727,5,5,25,separable,separable,0.2881012878376145,0.0,,0.1440506439188073,True,1e-08,0.34830000367946923,1.0
1706,20260727,5,5,26,separable,separable,1.3770767469150558,0.0,,0.6885383734575279,True,1e-08,0.34250000317115337,1.0
1707,20260727,5,5,27,separable,separable,1.388527947281078,0.0,,0.694263973640539,True,1e-08,0.30699999479111284,1.0
1708,20260727,5,5,28,separable,separable,1.2511648737602266,0.0,,0.6255824368801133,True,1e-08,0.29159999394323677,1.0
1709,20260727,5,5,29,separable,separable,0.8959762616857085,0.0,,0.44798813084285416,True,1e-08,0.341799997841008,1.0
1710,20260727,5,5,30,separable,separable,1.093971732974655,0.0,,0.5469858664873275,True,1e-08,0.3453999961493537,1.0
1711,20260727,5,5,31,separable,separable,1.0978428538552087,0.0,,0.5489214269276044,True,1e-08,0.2960999991046265,1.0
1712,20260727,5,5,32,separable,separable,0.660669292736799,0.0,,0.3303346463683995,True,1e-08,0.34579999919515103,1.0
1713,20260727,5,5,33,separable,separable,1.4629093320934716,0.0,,0.7314546660467358,True,1e-08,0.29429999995045364,1.0
1714,20260727,5,5,34,separable,separable,1.0804354422117886,0.0,,0.5402177211058943,True,1e-08,0.33999999868683517,1.0
1715,20260727,5,5,35,separable,separable,1.2232433293652136,0.0,,0.6116216646826068,True,1e-08,0.2960999991046265,1.0
1716,20260727,5,5,36,separable,separable,1.7881019172890247,0.0,,0.8940509586445122,True,1e-08,0.33960001019295305,1.0
1717,20260727,5,5,37,separable,separable,1.3760898939745199,0.0,,0.6880449469872598,True,1e-08,0.34020000020973384,1.0
1718,20260727,5,5,38,separable,separable,1.5231260030610296,0.0,,0.7615630015305149,True,1e-08,0.30529999639838934,1.0
1719,20260727,5,5,39,separable,separable,1.4687628668176331,0.0,,0.7343814334088166,True,1e-08,0.29099998937454075,1.0
1720,20260727,5,5,40,separable,separable,1.3409086944448418,0.0,,0.6704543472224209,True,1e-08,0.2891999902203679,1.0
1721,20260727,5,5,41,separable,separable,1.0682024154481047,0.0,,0.5341012077240523,True,1e-08,0.33900000562425703,1.0
1722,20260727,5,5,42,separable,separable,1.173037714868424,0.0,,0.586518857434212,True,1e-08,0.33629999961704016,1.0
1723,20260727,5,5,43,separable,separable,1.359600521754839,0.0,,0.6798002608774195,True,1e-08,0.2972999936901033,1.0
1724,20260727,5,5,44,separable,separable,1.2562246811795004,0.0,,0.6281123405897502,True,1e-08,0.3470000083325431,1.0
1725,20260727,5,5,45,separable,separable,1.0281648701398984,0.0,,0.5140824350699492,True,1e-08,0.3369000041857362,1.0
1726,20260727,5,5,46,separable,separable,1.1614807000716167,0.0,,0.5807403500358083,True,1e-08,0.2948000037577003,1.0
1727,20260727,5,5,47,separable,separable,0.6231118905639824,0.0,,0.31155594528199115,True,1e-08,0.3429999924264848,1.0
1728,20260727,5,5,48,separable,separable,1.112309929386275,0.0,,0.5561549646931374,True,1e-08,0.35089999437332153,1.0
1729,20260727,5,5,49,separable,separable,1.5874785233535051,0.0,,0.7937392616767526,True,1e-08,0.30440000409726053,1.0
1730,20260727,5,5,50,separable,separable,1.0329602559777695,0.0,,0.5164801279888848,True,1e-08,0.3412000078242272,1.0
1731,20260727,5,5,51,separable,separable,0.9826832993022829,0.0,,0.49134164965114147,True,1e-08,0.33799999800976366,1.0
1732,20260727,5,5,52,separable,separable,1.1323200826834987,0.0,,0.5661600413417494,True,1e-08,0.33999999868683517,1.0
1733,20260727,5,5,53,separable,separable,1.3311092875572221,0.0,,0.6655546437786108,True,1e-08,0.2945000014733523,1.0
1734,20260727,5,5,54,separable,separable,1.394546742447843,0.0,,0.6972733712239216,True,1e-08,0.3392999933566898,1.0
1735,20260727,5,5,55,separable,separable,0.9932207232522734,0.0,,0.4966103616261368,True,1e-08,0.3370000049471855,1.0
1736,20260727,5,5,56,separable,separable,1.7375606117420475,0.0,,0.8687803058710237,True,1e-08,0.3251000016462058,1.0
1737,20260727,5,5,57,separable,separable,0.8290312063782875,0.0,,0.4145156031891437,True,1e-08,0.327600006130524,1.0
1738,20260727,5,5,58,separable,separable,1.1949347025291666,0.0,,0.5974673512645833,True,1e-08,0.33769999572541565,1.0
1739,20260727,5,5,59,separable,separable,0.6130721485157162,0.0,,0.3065360742578582,True,1e-08,0.34100000630132854,1.0
1740,20260727,5,5,0,near_boundary,separable,1.9999999993699276e-07,1e-07,,9.999999999940612e-08,True,1e-08,0.30929999775253236,1.0
1741,20260727,5,5,1,near_boundary,separable,2.000000000871168e-07,1e-07,,9.999999999940612e-08,True,1e-08,0.32639999699313194,1.0
1742,20260727,5,5,2,near_boundary,separable,1.9999999995247371e-07,1e-07,,9.999999999940612e-08,True,1e-08,0.3068999940296635,1.0
1743,20260727,5,5,3,near_boundary,separable,2.00000000023929e-07,1e-07,,9.999999999940612e-08,True,1e-08,0.29919999360572547,1.0
1744,20260727,5,5,4,near_boundary,separable,2.0000000011606473e-07,1e-07,,9.999999999940612e-08,True,1e-08,0.3215000033378601,1.0
1745,20260727,5,5,5,near_boundary,separable,1.9999999999881224e-07,1e-07,,9.999999999940612e-08,True,1e-08,0.3454000107012689,1.0
1746,20260727,5,5,6,near_boundary,separable,1.9999999997835367e-07,1e-07,,9.999999999940612e-08,True,1e-08,0.31380000291392207,1.0
1747,20260727,5,5,7,near_boundary,separable,2.0000000000228163e-07,1e-07,,9.999999999940612e-08,True,1e-08,0.29070000164210796,1.0
1748,20260727,5,5,8,near_boundary,separable,1.9999999999271535e-07,1e-07,,9.999999999940612e-08,True,1e-08,0.2869000018108636,1.0
1749,20260727,5,5,9,near_boundary,separable,2.000000000219635e-07,1e-07,,1.0000000000287557e-07,True,1e-08,0.3032999957213178,1.0
1750,20260727,5,5,10,near_boundary,separable,2.0000000026577458e-07,1e-07,,9.999999999940612e-08,True,1e-08,0.3073999978369102,1.0
1751,20260727,5,5,11,near_boundary,separable,1.999999999846094e-07,1e-07,,9.999999999940612e-08,True,1e-08,0.30050000350456685,1.0
1752,20260727,5,5,12,near_boundary,separable,2.00000000056818e-07,1e-07,,9.999999999940612e-08,True,1e-08,0.3129999968223274,1.0
1753,20260727,5,5,13,near_boundary,separable,2.0000000000228163e-07,1e-07,,9.999999999940612e-08,True,1e-08,0.30519999563694,1.0
1754,20260727,5,5,14,near_boundary,separable,2.0000000000710768e-07,1e-07,,9.999999999940612e-08,True,1e-08,0.301499996567145,1.0
1755,20260727,5,5,15,near_boundary,separable,1.999999999676831e-07,1e-07,,9.999999999940612e-08,True,1e-08,0.3214999887859449,1.0
1756,20260727,5,5,16,near_boundary,separable,1.999999999364675e-07,1e-07,,9.999999999940612e-08,True,1e-08,0.28399999428074807,1.0
1757,20260727,5,5,17,near_boundary,separable,2.0000000000228169e-07,1e-07,,9.999999999940612e-08,True,1e-08,0.2869000018108636,1.0
1758,20260727,5,5,18,near_boundary,separable,2.0000000000579698e-07,1e-07,,9.999999999940612e-08,True,1e-08,0.3071999963140115,1.0
1759,20260727,5,5,19,near_boundary,separable,2.0000000000085946e-07,1e-07,,9.999999999940612e-08,True,1e-08,0.2891000040108338,1.0
1760,20260727,5,5,20,near_boundary,separable,1.9999999987281408e-07,1e-07,,9.999999999940612e-08,True,1e-08,0.2849999873433262,1.0000000000000002
1761,20260727,5,5,21,near_boundary,separable,1.9999999985114584e-07,1e-07,,9.999999999940612e-08,True,1e-08,0.2896999940276146,1.0000000000000013
1762,20260727,5,5,22,near_boundary,separable,1.999999999891767e-07,1e-07,,9.999999999940612e-08,True,1e-08,0.298099999781698,1.0
1763,20260727,5,5,23,near_boundary,separable,1.9999999967348613e-07,1e-07,,9.999999999940612e-08,True,1e-08,0.3085000062128529,0.9999999999999997
1764,20260727,5,5,24,near_boundary,separable,1.9999999998480263e-07,1e-07,,9.999999999940612e-08,True,1e-08,0.30670000705868006,1.0000000000000002
1765,20260727,5,5,25,near_boundary,separable,2.0000000005434536e-07,1e-07,,9.999999999940612e-08,True,1e-08,0.30100000731181353,0.9999999999999999
1766,20260727,5,5,26,near_boundary,separable,1.999999999893028e-07,1e-07,,9.999999999940612e-08,True,1e-08,0.30559999868273735,1.0
1767,20260727,5,5,27,near_boundary,separable,1.9999999989408284e-07,1e-07,,9.999999999940612e-08,True,1e-08,0.3041000018129125,1.0
1768,20260727,5,5,28,near_boundary,separable,2.0000000006942482e-07,1e-07,,9.999999999940612e-08,True,1e-08,0.2992000081576407,1.0
1769,20260727,5,5,29,near_boundary,separable,1.9999999996289526e-07,1e-07,,9.999999999940612e-08,True,1e-08,0.31380000291392207,1.0000000000000002
1770,20260727,5,5,30,near_boundary,separable,2.0000000006317197e-07,1e-07,,9.999999999940612e-08,True,1e-08,0.3099000023212284,1.0
1771,20260727,5,5,31,near_boundary,separable,2.0000000000228169e-07,1e-07,,9.999999999940612e-08,True,1e-08,0.2941999991890043,1.0
1772,20260727,5,5,32,near_boundary,separable,1.999999999917295e-07,1e-07,,9.999999999940612e-08,True,1e-08,0.30810000316705555,1.0000000000000002
1773,20260727,5,5,33,near_boundary,separable,1.9999999997619514e-07,1e-07,,9.999999999940612e-08,True,1e-08,0.30189999961294234,1.0
1774,20260727,5,5,34,near_boundary,separable,2.0000000002779845e-07,1e-07,,9.999999999940612e-08,True,1e-08,0.29760001052636653,1.0
1775,20260727,5,5,35,near_boundary,separable,2.0000000002305927e-07,1e-07,,9.999999999940612e-08,True,1e-08,0.302400003420189,1.0
1776,20260727,5,5,36,near_boundary,separable,2.000000000264013e-07,1e-07,,1.0000000000287557e-07,True,1e-08,0.30429998878389597,1.0000000000000002
1777,20260727,5,5,37,near_boundary,separable,2.000000000336686e-07,1e-07,,9.999999999940612e-08,True,1e-08,0.2958999975817278,0.9999999999999998
1778,20260727,5,5,38,near_boundary,separable,1.9999999998316037e-07,1e-07,,9.999999999940612e-08,True,1e-08,0.2918999962275848,1.0
1779,20260727,5,5,39,near_boundary,separable,1.9999999999881224e-07,1e-07,,9.999999999940612e-08,True,1e-08,0.29240000003483146,1.0
1780,20260727,5,5,40,near_boundary,separable,1.9999999998674625e-07,1e-07,,9.999999999940612e-08,True,1e-08,0.2902999985963106,1.0000000000000002
1781,20260727,5,5,41,near_boundary,separable,1.9999999999881242e-07,1e-07,,9.999999999940612e-08,True,1e-08,0.299000006634742,1.0
1782,20260727,5,5,42,near_boundary,separable,2.0000000000979524e-07,1e-07,,9.999999999940612e-08,True,1e-08,0.2948000037577003,1.0
1783,20260727,5,5,43,near_boundary,separable,2.0000000013788774e-07,1e-07,,9.999999999940612e-08,True,1e-08,0.2989000058732927,1.0
1784,20260727,5,5,44,near_boundary,separable,1.9999999981127846e-07,1e-07,,9.999999999940612e-08,True,1e-08,0.29429999995045364,1.0000000000000018
1785,20260727,5,5,45,near_boundary,separable,2.0000000000091855e-07,1e-07,,9.999999999940612e-08,True,1e-08,0.2830000012181699,1.0
1786,20260727,5,5,46,near_boundary,separable,2.0000000004843725e-07,1e-07,,9.999999999940612e-08,True,1e-08,0.2879999956348911,1.0
1787,20260727,5,5,47,near_boundary,separable,1.9999999996414795e-07,1e-07,,1.0000000000287557e-07,True,1e-08,0.3209999995306134,1.0
1788,20260727,5,5,48,near_boundary,separable,2.0000000000053484e-07,1e-07,,9.999999999940612e-08,True,1e-08,0.3004000027431175,1.0
1789,20260727,5,5,49,near_boundary,separable,1.9999999994901054e-07,1e-07,,9.999999999940612e-08,True,1e-08,0.2994999958900735,1.0
1790,20260727,5,5,50,near_boundary,separable,1.9999999993192461e-07,1e-07,,1.0000000000287557e-07,True,1e-08,0.29689999064430594,1.0
1791,20260727,5,5,51,near_boundary,separable,1.9999999996103542e-07,1e-07,,9.999999999940612e-08,True,1e-08,0.29409999842755497,1.0
1792,20260727,5,5,52,near_boundary,separable,1.9999999999204715e-07,1e-07,,9.999999999940612e-08,True,1e-08,0.2941000129794702,1.0
1793,20260727,5,5,53,near_boundary,separable,1.9999999998085816e-07,1e-07,,9.999999999940612e-08,True,1e-08,0.31200000375974923,1.0
1794,20260727,5,5,54,near_boundary,separable,1.9999999989672243e-07,1e-07,,9.999999999940612e-08,True,1e-08,0.2970000059576705,1.0000000000000002
1795,20260727,5,5,55,near_boundary,separable,1.9999999999306774e-07,1e-07,,9.999999999940612e-08,True,1e-08,0.2982000005431473,1.0
1796,20260727,5,5,56,near_boundary,separable,2.0000000000228169e-07,1e-07,,9.999999999940612e-08,True,1e-08,0.2941999991890043,1.0
1797,20260727,5,5,57,near_boundary,separable,2.000000000068563e-07,1e-07,,9.999999999940612e-08,True,1e-08,0.29489998996723443,1.0
1798,20260727,5,5,58,near_boundary,separable,1.9999999999041775e-07,1e-07,,9.999999999940612e-08,True,1e-08,0.29749999521300197,1.0
1799,20260727,5,5,59,near_boundary,separable,2.000000000386466e-07,1e-07,,9.999999999940612e-08,True,1e-08,0.3991999983554706,1.0
1800,20260727,10,8,0,replaceable,replaceable,0.0,0.0,0.0,,True,1e-08,0.40440000884700567,1.0
1801,20260727,10,8,1,replaceable,replaceable,0.0,0.0,0.0,,True,1e-08,0.35650000791065395,1.0000000000000009
1802,20260727,10,8,2,replaceable,replaceable,0.0,0.0,0.0,,True,1e-08,0.3496999997878447,1.0
1803,20260727,10,8,3,replaceable,replaceable,0.0,0.0,0.0,,True,1e-08,0.3640999930212274,0.9999999999999998
1804,20260727,10,8,4,replaceable,replaceable,0.0,0.0,0.0,,True,1e-08,0.3625000099418685,1.0000000000000002
1805,20260727,10,8,5,replaceable,replaceable,0.0,0.0,0.0,,True,1e-08,0.3524999920045957,1.0
1806,20260727,10,8,6,replaceable,replaceable,0.0,0.0,0.0,,True,1e-08,0.35770000249613076,1.0000000000000002
1807,20260727,10,8,7,replaceable,replaceable,0.0,0.0,0.0,,True,1e-08,0.35370000114198774,1.0000000000000002
1808,20260727,10,8,8,replaceable,replaceable,0.0,0.0,0.0,,True,1e-08,0.3640999930212274,1.0
1809,20260727,10,8,9,replaceable,replaceable,0.0,0.0,0.0,,True,1e-08,0.3760999970836565,0.9999999999999999
1810,20260727,10,8,10,replaceable,replaceable,0.0,0.0,0.0,,True,1e-08,0.35260000731796026,0.9999999999999998
1811,20260727,10,8,11,replaceable,replaceable,0.0,0.0,0.0,,True,1e-08,0.3535000141710043,0.9999999999999999
1812,20260727,10,8,12,replaceable,replaceable,0.0,0.0,0.0,,True,1e-08,0.34750001213978976,1.0
1813,20260727,10,8,13,replaceable,replaceable,0.0,0.0,0.0,,True,1e-08,0.348599991411902,1.0
1814,20260727,10,8,14,replaceable,replaceable,0.0,0.0,0.0,,True,1e-08,0.363900006050244,1.0000000000000002
1815,20260727,10,8,15,replaceable,replaceable,0.0,0.0,0.0,,True,1e-08,0.35230000503361225,1.0
1816,20260727,10,8,16,replaceable,replaceable,0.0,0.0,0.0,,True,1e-08,0.35879999632015824,1.0
1817,20260727,10,8,17,replaceable,replaceable,0.0,0.0,0.0,,True,1e-08,0.35180000122636557,0.9999999999999998
1818,20260727,10,8,18,replaceable,replaceable,0.0,0.0,0.0,,True,1e-08,0.3510000096866861,1.0
1819,20260727,10,8,19,replaceable,replaceable,0.0,0.0,0.0,,True,1e-08,0.34410000080242753,0.9999999999999998
1820,20260727,10,8,20,replaceable,replaceable,0.0,0.0,0.0,,True,1e-08,0.34279999090358615,1.0
1821,20260727,10,8,21,replaceable,replaceable,0.0,0.0,0.0,,True,1e-08,0.3569000109564513,0.9999999999999998
1822,20260727,10,8,22,replaceable,replaceable,0.0,0.0,0.0,,True,1e-08,0.34899999445769936,1.0
1823,20260727,10,8,23,replaceable,replaceable,0.0,0.0,0.0,,True,1e-08,0.35010000283364207,1.0000000000000002
1824,20260727,10,8,24,replaceable,replaceable,0.0,0.0,0.0,,True,1e-08,0.3471999953035265,1.0
1825,20260727,10,8,25,replaceable,replaceable,0.0,0.0,0.0,,True,1e-08,0.34500000765547156,1.0
1826,20260727,10,8,26,replaceable,replaceable,0.0,0.0,0.0,,True,1e-08,0.34559999767225236,0.9999999999999998
1827,20260727,10,8,27,replaceable,replaceable,0.0,0.0,0.0,,True,1e-08,0.34830000367946923,1.0000000000000004
1828,20260727,10,8,28,replaceable,replaceable,0.0,0.0,0.0,,True,1e-08,0.36920000275131315,1.0
1829,20260727,10,8,29,replaceable,replaceable,0.0,0.0,0.0,,True,1e-08,0.3581000055419281,1.0
1830,20260727,10,8,30,replaceable,replaceable,0.0,0.0,0.0,,True,1e-08,0.34070000401698053,1.0
1831,20260727,10,8,31,replaceable,replaceable,0.0,0.0,0.0,,True,1e-08,0.34359999699518085,1.0
1832,20260727,10,8,32,replaceable,replaceable,0.0,0.0,0.0,,True,1e-08,0.35510001180227846,1.0000000000000004
1833,20260727,10,8,33,replaceable,replaceable,0.0,0.0,0.0,,True,1e-08,0.34840000444091856,1.0
1834,20260727,10,8,34,replaceable,replaceable,0.0,0.0,0.0,,True,1e-08,0.37059999885968864,1.0000000000000002
1835,20260727,10,8,35,replaceable,replaceable,0.0,0.0,0.0,,True,1e-08,0.3601000062189996,1.0
1836,20260727,10,8,36,replaceable,replaceable,0.0,0.0,0.0,,True,1e-08,0.34169999707955867,1.0000000000000002
1837,20260727,10,8,37,replaceable,replaceable,0.0,0.0,0.0,,True,1e-08,0.34159999631810933,0.9999999999999996
1838,20260727,10,8,38,replaceable,replaceable,0.0,0.0,0.0,,True,1e-08,0.34559999767225236,0.9999999999999999
1839,20260727,10,8,39,replaceable,replaceable,0.0,0.0,0.0,,True,1e-08,0.34440000308677554,0.9999999999999997
1840,20260727,10,8,40,replaceable,replaceable,0.0,0.0,0.0,,True,1e-08,0.35429999115876853,1.0000000000000004
1841,20260727,10,8,41,replaceable,replaceable,0.0,0.0,0.0,,True,1e-08,0.33460000122431666,0.9999999999999999
1842,20260727,10,8,42,replaceable,replaceable,0.0,0.0,0.0,,True,1e-08,0.3355999942868948,1.0
1843,20260727,10,8,43,replaceable,replaceable,0.0,0.0,0.0,,True,1e-08,0.3456999984337017,0.9999999999999999
1844,20260727,10,8,44,replaceable,replaceable,0.0,0.0,0.0,,True,1e-08,0.3507000074023381,0.9999999999999998
1845,20260727,10,8,45,replaceable,replaceable,0.0,0.0,0.0,,True,1e-08,0.3601000062189996,0.9999999999999998
1846,20260727,10,8,46,replaceable,replaceable,0.0,0.0,0.0,,True,1e-08,0.36269999691285193,0.9999999999999999
1847,20260727,10,8,47,replaceable,replaceable,0.0,0.0,0.0,,True,1e-08,0.34779999987222254,0.9999999999999999
1848,20260727,10,8,48,replaceable,replaceable,0.0,0.0,0.0,,True,1e-08,0.3550000110408291,1.0
1849,20260727,10,8,49,replaceable,replaceable,0.0,0.0,0.0,,True,1e-08,0.3521000035107136,1.0000000000000002
1850,20260727,10,8,50,replaceable,replaceable,0.0,0.0,0.0,,True,1e-08,0.3583999932743609,0.9999999999999999
1851,20260727,10,8,51,replaceable,replaceable,0.0,0.0,0.0,,True,1e-08,0.3394999948795885,1.0
1852,20260727,10,8,52,replaceable,replaceable,0.0,0.0,0.0,,True,1e-08,0.3369000041857362,1.0000000000000004
1853,20260727,10,8,53,replaceable,replaceable,0.0,0.0,0.0,,True,1e-08,0.3439000138314441,1.0000000000000004
1854,20260727,10,8,54,replaceable,replaceable,0.0,0.0,0.0,,True,1e-08,0.3505999920889735,0.9999999999999998
1855,20260727,10,8,55,replaceable,replaceable,0.0,0.0,0.0,,True,1e-08,0.35239999124314636,1.0
1856,20260727,10,8,56,replaceable,replaceable,0.0,0.0,0.0,,True,1e-08,0.35679999564308673,0.9999999999999999
1857,20260727,10,8,57,replaceable,replaceable,0.0,0.0,0.0,,True,1e-08,0.34980000054929405,1.0
1858,20260727,10,8,58,replaceable,replaceable,0.0,0.0,0.0,,True,1e-08,0.35000000207219273,1.0
1859,20260727,10,8,59,replaceable,replaceable,0.0,0.0,0.0,,True,1e-08,0.34330000926274806,0.9999999999999998
1860,20260727,10,8,0,separable,separable,1.6719016654402956,0.0,,0.8359508327201478,True,1e-08,0.34759999834932387,1.0
1861,20260727,10,8,1,separable,separable,1.6634461010119286,0.0,,0.8317230505059643,True,1e-08,0.3429999924264848,1.0
1862,20260727,10,8,2,separable,separable,1.1942716070020505,0.0,,0.5971358035010254,True,1e-08,0.38189999759197235,1.0
1863,20260727,10,8,3,separable,separable,1.3546581838231158,0.0,,0.6773290919115579,True,1e-08,0.3704000118887052,1.0
1864,20260727,10,8,4,separable,separable,1.5305075364696341,0.0,,0.7652537682348171,True,1e-08,0.3648999991128221,1.0
1865,20260727,10,8,5,separable,separable,1.5711842492593047,0.0,,0.7855921246296523,True,1e-08,0.3949999954784289,1.0
1866,20260727,10,8,6,separable,separable,1.8011481101358278,0.0,,0.900574055067914,True,1e-08,0.3952999977627769,1.0
1867,20260727,10,8,7,separable,separable,1.34908700634279,0.0,,0.6745435031713952,True,1e-08,0.38350000977516174,1.0
1868,20260727,10,8,8,separable,separable,1.6573804506534708,0.0,,0.8286902253267354,True,1e-08,0.3332999913254753,1.0
1869,20260727,10,8,9,separable,separable,1.1085376410320062,0.0,,0.5542688205160031,True,1e-08,0.3811000060522929,1.0
1870,20260727,10,8,10,separable,separable,1.3609924511002607,0.0,,0.6804962255501305,True,1e-08,0.38189999759197235,1.0
1871,20260727,10,8,11,separable,separable,1.6395771773793542,0.0,,0.8197885886896771,True,1e-08,0.3878999996231869,1.0
1872,20260727,10,8,12,separable,separable,1.5729937565445329,0.0,,0.7864968782722666,True,1e-08,0.33560000883881,1.0
1873,20260727,10,8,13,separable,separable,1.4165908437206178,0.0,,0.7082954218603088,True,1e-08,0.36530000215861946,1.0
1874,20260727,10,8,14,separable,separable,1.6353232057087328,0.0,,0.8176616028543662,True,1e-08,0.3159000043524429,1.0
1875,20260727,10,8,15,separable,separable,1.445413730553638,0.0,,0.7227068652768192,True,1e-08,0.3252000024076551,1.0
1876,20260727,10,8,16,separable,separable,1.7415240270620354,0.0,,0.8707620135310178,True,1e-08,0.3833999944617972,1.0
1877,20260727,10,8,17,separable,separable,1.351449294000913,0.0,,0.6757246470004565,True,1e-08,0.3333999920869246,1.0
1878,20260727,10,8,18,separable,separable,1.3306452666705435,0.0,,0.6653226333352718,True,1e-08,0.3738000086741522,1.0
1879,20260727,10,8,19,separable,separable,1.2762061723303104,0.0,,0.6381030861651551,True,1e-08,0.37969999539200217,1.0
1880,20260727,10,8,20,separable,separable,1.3986796518627949,0.0,,0.6993398259313973,True,1e-08,0.327900008414872,1.0
1881,20260727,10,8,21,separable,separable,1.2666542213338083,0.0,,0.6333271106669041,True,1e-08,0.3206999972462654,1.0
1882,20260727,10,8,22,separable,separable,1.3580931755368106,0.0,,0.6790465877684051,True,1e-08,0.32709998777136207,1.0
1883,20260727,10,8,23,separable,separable,1.602227831266816,0.0,,0.801113915633408,True,1e-08,0.367900007404387,1.0
1884,20260727,10,8,24,separable,separable,1.7204341204851201,0.0,,0.8602170602425601,True,1e-08,0.3600999916670844,1.0
1885,20260727,10,8,25,separable,separable,1.3790228763054384,0.0,,0.6895114381527191,True,1e-08,0.35879999632015824,1.0
1886,20260727,10,8,26,separable,separable,1.6938389627621977,0.0,,0.8469194813810987,True,1e-08,0.37009999505244195,1.0
1887,20260727,10,8,27,separable,separable,1.4789252777990352,0.0,,0.7394626388995177,True,1e-08,0.39119999564718455,1.0
1888,20260727,10,8,28,separable,separable,1.458687370740957,0.0,,0.7293436853704784,True,1e-08,0.3333000058773905,1.0
1889,20260727,10,8,29,separable,separable,1.648704938134137,0.0,,0.8243524690670684,True,1e-08,0.3766000008909032,1.0
1890,20260727,10,8,30,separable,separable,1.5096161283930845,0.0,,0.7548080641965423,True,1e-08,0.3760999970836565,1.0
1891,20260727,10,8,31,separable,separable,1.3494796120444985,0.0,,0.6747398060222494,True,1e-08,0.37489998794626445,1.0
1892,20260727,10,8,32,separable,separable,1.6863103797786887,0.0,,0.8431551898893442,True,1e-08,0.38579999818466604,1.0
1893,20260727,10,8,33,separable,separable,1.5659081217164805,0.0,,0.7829540608582402,True,1e-08,0.37900000461377203,1.0
1894,20260727,10,8,34,separable,separable,1.4599245109860257,0.0,,0.7299622554930131,True,1e-08,0.374700000975281,1.0
1895,20260727,10,8,35,separable,separable,1.6379989426178139,0.0,,0.8189994713089068,True,1e-08,0.3769000031752512,1.0
1896,20260727,10,8,36,separable,separable,1.6210097682040219,0.0,,0.8105048841020108,True,1e-08,0.3775999939534813,1.0
1897,20260727,10,8,37,separable,separable,1.2621307884281285,0.0,,0.6310653942140642,True,1e-08,0.33650000113993883,1.0
1898,20260727,10,8,38,separable,separable,1.6694885682323986,0.0,,0.8347442841161993,True,1e-08,0.38059998769313097,1.0
1899,20260727,10,8,39,separable,separable,1.2933701837041136,0.0,,0.6466850918520568,True,1e-08,0.33059999987017363,1.0
1900,20260727,10,8,40,separable,separable,1.2068782736142234,0.0,,0.6034391368071117,True,1e-08,0.31960000342223793,1.0
1901,20260727,10,8,41,separable,separable,1.4220328810507326,0.0,,0.7110164405253664,True,1e-08,0.3127999952994287,1.0
1902,20260727,10,8,42,separable,separable,1.1800782390328395,0.0,,0.5900391195164197,True,1e-08,0.3684000112116337,1.0
1903,20260727,10,8,43,separable,separable,1.7019668765510905,0.0,,0.850983438275545,True,1e-08,0.36439999530557543,1.0
1904,20260727,10,8,44,separable,separable,1.491639192250792,0.0,,0.7458195961253958,True,1e-08,0.32440001086797565,1.0
1905,20260727,10,8,45,separable,separable,1.1968122144697935,0.0,,0.5984061072348967,True,1e-08,0.304899993352592,1.0
1906,20260727,10,8,46,separable,separable,1.6125393064458236,0.0,,0.8062696532229118,True,1e-08,0.3544000064721331,1.0
1907,20260727,10,8,47,separable,separable,1.7336611906655104,0.0,,0.8668305953327553,True,1e-08,0.3718999942066148,1.0
1908,20260727,10,8,48,separable,separable,1.612395929740135,0.0,,0.8061979648700675,True,1e-08,0.3763999993680045,1.0
1909,20260727,10,8,49,separable,separable,1.461907977233597,0.0,,0.7309539886167984,True,1e-08,0.3288000007160008,1.0
1910,20260727,10,8,50,separable,separable,1.6629151541718596,0.0,,0.8314575770859297,True,1e-08,0.3169999981764704,1.0
1911,20260727,10,8,51,separable,separable,1.5394649931940254,0.0,,0.7697324965970126,True,1e-08,0.36189999082125723,1.0
1912,20260727,10,8,52,separable,separable,1.7159917692928908,0.0,,0.8579958846464453,True,1e-08,0.38270000368356705,1.0
1913,20260727,10,8,53,separable,separable,1.5371562596275437,0.0,,0.7685781298137718,True,1e-08,0.3308000013930723,1.0
1914,20260727,10,8,54,separable,separable,1.5589205936070385,0.0,,0.7794602968035192,True,1e-08,0.3679999936139211,1.0
1915,20260727,10,8,55,separable,separable,1.6451345422012718,0.0,,0.822567271100636,True,1e-08,0.3243999963160604,1.0
1916,20260727,10,8,56,separable,separable,1.4363622715842146,0.0,,0.7181811357921074,True,1e-08,0.3569000109564513,1.0
1917,20260727,10,8,57,separable,separable,0.9518538457082661,0.0,,0.47592692285413307,True,1e-08,0.36099999852012843,1.0
1918,20260727,10,8,58,separable,separable,1.2191654986986378,0.0,,0.6095827493493189,True,1e-08,0.3863000019919127,1.0
1919,20260727,10,8,59,separable,separable,1.5268348825942197,0.0,,0.76341744129711,True,1e-08,0.3304999991087243,1.0
1920,20260727,10,8,0,near_boundary,separable,2.0000000000517187e-07,1e-07,,9.999999999940612e-08,True,1e-08,0.3597000031732023,0.9999999999999998
1921,20260727,10,8,1,near_boundary,separable,1.9999999997811938e-07,1e-07,,9.999999999940612e-08,True,1e-08,0.36290001298766583,0.9999999999999998
1922,20260727,10,8,2,near_boundary,separable,2.000000000543203e-07,1e-07,,9.999999999940612e-08,True,1e-08,0.3617999900598079,1.0
1923,20260727,10,8,3,near_boundary,separable,2.00000000029012e-07,1e-07,,9.999999999940612e-08,True,1e-08,0.370699999621138,0.9999999999999996
1924,20260727,10,8,4,near_boundary,separable,1.9999999994096156e-07,1e-07,,9.999999999940612e-08,True,1e-08,0.35069999285042286,1.0000000000000016
1925,20260727,10,8,5,near_boundary,separable,2.0000000000131443e-07,1e-07,,9.999999999940612e-08,True,1e-08,0.34869999217335135,1.0000000000000002
1926,20260727,10,8,6,near_boundary,separable,2.000000000130085e-07,1e-07,,9.999999999940612e-08,True,1e-08,0.33999999868683517,1.0
1927,20260727,10,8,7,near_boundary,separable,1.999999999785554e-07,1e-07,,9.999999999940612e-08,True,1e-08,0.33989999792538583,1.0000000000000002
1928,20260727,10,8,8,near_boundary,separable,2.0000000000228174e-07,1e-07,,9.999999999940612e-08,True,1e-08,0.3546999942045659,1.0
1929,20260727,10,8,9,near_boundary,separable,1.9999999999881224e-07,1e-07,,9.999999999940612e-08,True,1e-08,0.3431999939493835,1.0
1930,20260727,10,8,10,near_boundary,separable,1.9999999999186104e-07,1e-07,,9.999999999940612e-08,True,1e-08,0.34759999834932387,1.0
1931,20260727,10,8,11,near_boundary,separable,1.999999999904022e-07,1e-07,,9.999999999940612e-08,True,1e-08,0.34989998675882816,1.0000000000000002
1932,20260727,10,8,12,near_boundary,separable,2.000000000044944e-07,1e-07,,9.999999999940612e-08,True,1e-08,0.3434999962337315,0.9999999999999998
1933,20260727,10,8,13,near_boundary,separable,2.0000000002234753e-07,1e-07,,9.999999999940612e-08,True,1e-08,0.35259999276604503,1.0
1934,20260727,10,8,14,near_boundary,separable,1.9999999997836335e-07,1e-07,,9.999999999940612e-08,True,1e-08,0.3701999958138913,1.0
1935,20260727,10,8,15,near_boundary,separable,2.0000000000362442e-07,1e-07,,9.999999999940612e-08,True,1e-08,0.3456999984337017,1.0
1936,20260727,10,8,16,near_boundary,separable,1.9999999999881224e-07,1e-07,,9.999999999940612e-08,True,1e-08,0.35400000342633575,1.0
1937,20260727,10,8,17,near_boundary,separable,2.000000000015368e-07,1e-07,,9.999999999940612e-08,True,1e-08,0.332200012053363,1.0
1938,20260727,10,8,18,near_boundary,separable,1.9999999997359692e-07,1e-07,,9.999999999940612e-08,True,1e-08,0.3195000026607886,1.0000000000000002
1939,20260727,10,8,19,near_boundary,separable,1.999999999696705e-07,1e-07,,9.999999999940612e-08,True,1e-08,0.3538000019034371,1.0000000000000002
1940,20260727,10,8,20,near_boundary,separable,1.999999999827856e-07,1e-07,,9.999999999940612e-08,True,1e-08,0.34779999987222254,1.0000000000000002
1941,20260727,10,8,21,near_boundary,separable,2.0000000000595344e-07,1e-07,,9.999999999940612e-08,True,1e-08,0.4549000004772097,1.0
1942,20260727,10,8,22,near_boundary,separable,2.0000000001187095e-07,1e-07,,9.999999999940612e-08,True,1e-08,0.3617000038502738,1.0
1943,20260727,10,8,23,near_boundary,separable,2.000000000088319e-07,1e-07,,9.999999999940612e-08,True,1e-08,0.345499996910803,1.0
1944,20260727,10,8,24,near_boundary,separable,2.0000000000436544e-07,1e-07,,9.999999999940612e-08,True,1e-08,0.3471000090939924,0.9999999999999999
1945,20260727,10,8,25,near_boundary,separable,1.9999999998782053e-07,1e-07,,9.999999999940612e-08,True,1e-08,0.3411000070627779,1.0
1946,20260727,10,8,26,near_boundary,separable,1.999999999988122e-07,1e-07,,9.999999999940612e-08,True,1e-08,0.34750001213978976,1.0
1947,20260727,10,8,27,near_boundary,separable,1.9999999997789405e-07,1e-07,,9.999999999940612e-08,True,1e-08,0.33510000503156334,1.0000000000000002
1948,20260727,10,8,28,near_boundary,separable,1.9999999998516469e-07,1e-07,,9.999999999940612e-08,True,1e-08,0.3446999908192083,1.0000000000000002
1949,20260727,10,8,29,near_boundary,separable,1.9999999998540188e-07,1e-07,,9.999999999940612e-08,True,1e-08,0.36019999242853373,1.0000000000000002
1950,20260727,10,8,30,near_boundary,separable,2.0000000000228166e-07,1e-07,,9.999999999940612e-08,True,1e-08,0.3463000030023977,1.0
1951,20260727,10,8,31,near_boundary,separable,1.999999999785583e-07,1e-07,,9.999999999940612e-08,True,1e-08,0.3381000133231282,1.0
1952,20260727,10,8,32,near_boundary,separable,2.0000000001781767e-07,1e-07,,9.999999999940612e-08,True,1e-08,0.341199993272312,1.0
1953,20260727,10,8,33,near_boundary,separable,1.9999999995846102e-07,1e-07,,9.999999999940612e-08,True,1e-08,0.35010000283364207,0.9999999999999998
1954,20260727,10,8,34,near_boundary,separable,1.9999999998171138e-07,1e-07,,9.999999999940612e-08,True,1e-08,0.36619999445974827,1.0000000000000002
1955,20260727,10,8,35,near_boundary,separable,2.0000000001175723e-07,1e-07,,9.999999999940612e-08,True,1e-08,0.3456000122241676,1.0
1956,20260727,10,8,36,near_boundary,separable,2.0000000000290603e-07,1e-07,,9.999999999940612e-08,True,1e-08,0.3273999900557101,1.0
1957,20260727,10,8,37,near_boundary,separable,2.0000000000179014e-07,1e-07,,9.999999999940612e-08,True,1e-08,0.3296000068075955,0.9999999999999999
1958,20260727,10,8,38,near_boundary,separable,2.0000000000445374e-07,1e-07,,9.999999999940612e-08,True,1e-08,0.3370000049471855,1.0
1959,20260727,10,8,39,near_boundary,separable,2.0000000000228169e-07,1e-07,,9.999999999940612e-08,True,1e-08,0.32730000384617597,1.0
1960,20260727,10,8,40,near_boundary,separable,1.999999999993867e-07,1e-07,,9.999999999940612e-08,True,1e-08,0.335000004270114,0.9999999999999998
1961,20260727,10,8,41,near_boundary,separable,1.9999999997139092e-07,1e-07,,9.999999999940612e-08,True,1e-08,0.3389000048628077,1.0000000000000009
1962,20260727,10,8,42,near_boundary,separable,1.9999999998498421e-07,1e-07,,9.999999999940612e-08,True,1e-08,0.3623000084189698,1.0
1963,20260727,10,8,43,near_boundary,separable,2.000000000214177e-07,1e-07,,9.999999999940612e-08,True,1e-08,0.3404999879421666,1.0
1964,20260727,10,8,44,near_boundary,separable,2.0000000000995337e-07,1e-07,,9.999999999940612e-08,True,1e-08,0.34380001306999475,1.0000000000000002
1965,20260727,10,8,45,near_boundary,separable,1.9999999997514132e-07,1e-07,,9.999999999940612e-08,True,1e-08,0.3580000047804788,1.0000000000000002
1966,20260727,10,8,46,near_boundary,separable,2.0000000001573236e-07,1e-07,,9.999999999940612e-08,True,1e-08,0.34070000401698053,0.9999999999999998
1967,20260727,10,8,47,near_boundary,separable,2.0000000000228169e-07,1e-07,,9.999999999940612e-08,True,1e-08,0.3197999903932214,1.0
1968,20260727,10,8,48,near_boundary,separable,2.0000000001615947e-07,1e-07,,9.999999999940612e-08,True,1e-08,0.3252000024076551,1.0
1969,20260727,10,8,49,near_boundary,separable,2.0000000001352089e-07,1e-07,,9.999999999940612e-08,True,1e-08,0.32789999386295676,1.0
1970,20260727,10,8,50,near_boundary,separable,1.999999999966034e-07,1e-07,,9.999999999940612e-08,True,1e-08,0.33819999953266233,1.0000000000000002
1971,20260727,10,8,51,near_boundary,separable,2.0000000000089832e-07,1e-07,,9.999999999940612e-08,True,1e-08,0.33799999800976366,1.0
1972,20260727,10,8,52,near_boundary,separable,1.9999999999881224e-07,1e-07,,9.999999999940612e-08,True,1e-08,0.3274000046076253,1.0
1973,20260727,10,8,53,near_boundary,separable,1.999999999988123e-07,1e-07,,9.999999999940612e-08,True,1e-08,0.3412000078242272,1.0
1974,20260727,10,8,54,near_boundary,separable,2.000000000359433e-07,1e-07,,9.999999999940612e-08,True,1e-08,0.35119999665766954,1.0000000000000002
1975,20260727,10,8,55,near_boundary,separable,2.0000000000309963e-07,1e-07,,9.999999999940612e-08,True,1e-08,0.3637999907368794,1.0
1976,20260727,10,8,56,near_boundary,separable,1.9999999999790374e-07,1e-07,,9.999999999940612e-08,True,1e-08,0.3525000065565109,1.0
1977,20260727,10,8,57,near_boundary,separable,1.9999999996556254e-07,1e-07,,9.999999999940612e-08,True,1e-08,0.3443000023253262,1.0
1978,20260727,10,8,58,near_boundary,separable,1.9999999991122448e-07,1e-07,,9.999999999940612e-08,True,1e-08,0.3499999875202775,0.9999999999999999
1979,20260727,10,8,59,near_boundary,separable,2.0000000000228169e-07,1e-07,,9.999999999940612e-08,True,1e-08,0.3370000049471855,1.0
1980,20260727,20,12,0,replaceable,replaceable,0.0,0.0,0.0,,True,1e-08,0.47650000487919897,1.0000000000000004
1981,20260727,20,12,1,replaceable,replaceable,0.0,0.0,0.0,,True,1e-08,0.4513999883783981,0.9999999999999998
1982,20260727,20,12,2,replaceable,replaceable,0.0,0.0,0.0,,True,1e-08,0.4765999910887331,1.0
1983,20260727,20,12,3,replaceable,replaceable,0.0,0.0,0.0,,True,1e-08,0.46579999616369605,1.0000000000000002
1984,20260727,20,12,4,replaceable,replaceable,0.0,0.0,0.0,,True,1e-08,0.47089999134186655,1.0
1985,20260727,20,12,5,replaceable,replaceable,0.0,0.0,0.0,,True,1e-08,0.47879999328870326,1.0000000000000002
1986,20260727,20,12,6,replaceable,replaceable,0.0,0.0,0.0,,True,1e-08,0.4718000127468258,0.9999999999999993
1987,20260727,20,12,7,replaceable,replaceable,0.0,0.0,0.0,,True,1e-08,0.47289999201893806,1.0
1988,20260727,20,12,8,replaceable,replaceable,0.0,0.0,0.0,,True,1e-08,0.4656000091927126,1.0
1989,20260727,20,12,9,replaceable,replaceable,0.0,0.0,0.0,,True,1e-08,0.49530000251252204,1.0000000000000004
1990,20260727,20,12,10,replaceable,replaceable,0.0,0.0,0.0,,True,1e-08,0.48010000318754464,1.0000000000000002
1991,20260727,20,12,11,replaceable,replaceable,0.0,0.0,0.0,,True,1e-08,0.4687000036938116,1.0000000000000004
1992,20260727,20,12,12,replaceable,replaceable,0.0,0.0,0.0,,True,1e-08,0.4670999915106222,0.9999999999999998
1993,20260727,20,12,13,replaceable,replaceable,0.0,0.0,0.0,,True,1e-08,0.4656999954022467,0.9999999999999998
1994,20260727,20,12,14,replaceable,replaceable,0.0,0.0,0.0,,True,1e-08,0.4592000041157007,1.0000000000000004
1995,20260727,20,12,15,replaceable,replaceable,0.0,0.0,0.0,,True,1e-08,0.45610000961460173,1.0
1996,20260727,20,12,16,replaceable,replaceable,0.0,0.0,0.0,,True,1e-08,0.43670000741258264,0.9999999999999999
1997,20260727,20,12,17,replaceable,replaceable,0.0,0.0,0.0,,True,1e-08,0.47840000479482114,0.9999999999999999
1998,20260727,20,12,18,replaceable,replaceable,0.0,0.0,0.0,,True,1e-08,0.4506000113906339,0.9999999999999999
1999,20260727,20,12,19,replaceable,replaceable,0.0,0.0,0.0,,True,1e-08,0.45449999743141234,0.9999999999999997
2000,20260727,20,12,20,replaceable,replaceable,0.0,0.0,0.0,,True,1e-08,0.46990001283120364,1.0
2001,20260727,20,12,21,replaceable,replaceable,0.0,0.0,0.0,,True,1e-08,0.4817000008188188,1.0000000000000002
2002,20260727,20,12,22,replaceable,replaceable,0.0,0.0,0.0,,True,1e-08,0.4735999973490834,1.0
2003,20260727,20,12,23,replaceable,replaceable,0.0,0.0,0.0,,True,1e-08,0.4659999976865947,1.0000000000000002
2004,20260727,20,12,24,replaceable,replaceable,0.0,0.0,0.0,,True,1e-08,0.4678999976022169,0.9999999999999999
2005,20260727,20,12,25,replaceable,replaceable,0.0,0.0,0.0,,True,1e-08,0.48060000699479133,0.9999999999999976
2006,20260727,20,12,26,replaceable,replaceable,0.0,0.0,0.0,,True,1e-08,0.4428999964147806,1.0000000000000002
2007,20260727,20,12,27,replaceable,replaceable,0.0,0.0,0.0,,True,1e-08,0.44920000073034316,1.0000000000000004
2008,20260727,20,12,28,replaceable,replaceable,0.0,0.0,0.0,,True,1e-08,0.4626000009011477,1.0000000000000004
2009,20260727,20,12,29,replaceable,replaceable,0.0,0.0,0.0,,True,1e-08,0.5020000098738819,0.9999999999999999
2010,20260727,20,12,30,replaceable,replaceable,0.0,0.0,0.0,,True,1e-08,0.4712999943876639,1.000000000000002
2011,20260727,20,12,31,replaceable,replaceable,0.0,0.0,0.0,,True,1e-08,0.47420000191777945,0.9999999999999996
2012,20260727,20,12,32,replaceable,replaceable,0.0,0.0,0.0,,True,1e-08,0.46460000157821923,1.0000000000000002
2013,20260727,20,12,33,replaceable,replaceable,0.0,0.0,0.0,,True,1e-08,0.47369999811053276,1.0000000000000002
2014,20260727,20,12,34,replaceable,replaceable,0.0,0.0,0.0,,True,1e-08,0.46919999294914305,1.0000000000000007
2015,20260727,20,12,35,replaceable,replaceable,0.0,0.0,0.0,,True,1e-08,0.47849999100435525,0.9999999999999989
2016,20260727,20,12,36,replaceable,replaceable,0.0,0.0,0.0,,True,1e-08,0.46860000293236226,1.0000000000000002
2017,20260727,20,12,37,replaceable,replaceable,0.0,0.0,0.0,,True,1e-08,0.4852999991271645,0.9999999999999998
2018,20260727,20,12,38,replaceable,replaceable,0.0,0.0,0.0,,True,1e-08,0.47280000580940396,1.0000000000000004
2019,20260727,20,12,39,replaceable,replaceable,0.0,0.0,0.0,,True,1e-08,0.4901999927824363,0.9999999999999981
2020,20260727,20,12,40,replaceable,replaceable,0.0,0.0,0.0,,True,1e-08,0.47310000809375197,1.0000000000000004
2021,20260727,20,12,41,replaceable,replaceable,0.0,0.0,0.0,,True,1e-08,0.47810000251047313,0.9999999999999999
2022,20260727,20,12,42,replaceable,replaceable,0.0,0.0,0.0,,True,1e-08,0.45599999430123717,1.0000000000000002
2023,20260727,20,12,43,replaceable,replaceable,0.0,0.0,0.0,,True,1e-08,0.4633999924408272,1.0000000000000002
2024,20260727,20,12,44,replaceable,replaceable,0.0,0.0,0.0,,True,1e-08,0.4664999869419262,1.0
2025,20260727,20,12,45,replaceable,replaceable,0.0,0.0,0.0,,True,1e-08,0.4678000113926828,1.0
2026,20260727,20,12,46,replaceable,replaceable,0.0,0.0,0.0,,True,1e-08,0.4773999971803278,1.0
2027,20260727,20,12,47,replaceable,replaceable,0.0,0.0,0.0,,True,1e-08,0.45199999294709414,0.9999999999999998
2028,20260727,20,12,48,replaceable,replaceable,0.0,0.0,0.0,,True,1e-08,0.44270000944379717,1.0
2029,20260727,20,12,49,replaceable,replaceable,0.0,0.0,0.0,,True,1e-08,0.4594000056385994,0.9999999999999997
2030,20260727,20,12,50,replaceable,replaceable,0.0,0.0,0.0,,True,1e-08,0.45390000741463155,0.9999999999999996
2031,20260727,20,12,51,replaceable,replaceable,0.0,0.0,0.0,,True,1e-08,0.44889999844599515,1.0
2032,20260727,20,12,52,replaceable,replaceable,0.0,0.0,0.0,,True,1e-08,0.4717999981949106,1.0
2033,20260727,20,12,53,replaceable,replaceable,0.0,0.0,0.0,,True,1e-08,0.46880000445526093,1.0000000000000002
2034,20260727,20,12,54,replaceable,replaceable,0.0,0.0,0.0,,True,1e-08,0.47539999650325626,1.0
2035,20260727,20,12,55,replaceable,replaceable,0.0,0.0,0.0,,True,1e-08,0.46889999066479504,1.0
2036,20260727,20,12,56,replaceable,replaceable,0.0,0.0,0.0,,True,1e-08,0.4616999940481037,1.0
2037,20260727,20,12,57,replaceable,replaceable,0.0,0.0,0.0,,True,1e-08,0.4774999979417771,0.9999999999999997
2038,20260727,20,12,58,replaceable,replaceable,0.0,0.0,0.0,,True,1e-08,0.4712999943876639,1.0000000000000002
2039,20260727,20,12,59,replaceable,replaceable,0.0,0.0,0.0,,True,1e-08,0.46629999997094274,0.9999999999999988
2040,20260727,20,12,0,separable,separable,1.6684998330879277,0.0,,0.8342499165439639,True,1e-08,0.4653000069083646,1.0
2041,20260727,20,12,1,separable,separable,1.8556548539972113,0.0,,0.9278274269986057,True,1e-08,0.47190001350827515,1.0
2042,20260727,20,12,2,separable,separable,1.8437839309619024,0.0,,0.9218919654809511,True,1e-08,0.45739999040961266,1.0
2043,20260727,20,12,3,separable,separable,1.730242067963939,0.0,,0.8651210339819695,True,1e-08,0.4169000021647662,1.0
2044,20260727,20,12,4,separable,separable,1.8517003519893895,0.0,,0.9258501759946948,True,1e-08,0.44410000555217266,1.0
2045,20260727,20,12,5,separable,separable,1.7477212307417684,0.0,,0.8738606153708841,True,1e-08,0.4633000062312931,1.0
2046,20260727,20,12,6,separable,separable,1.7365388358916285,0.0,,0.8682694179458146,True,1e-08,0.41280000004917383,1.0
2047,20260727,20,12,7,separable,separable,1.6393125645551299,0.0,,0.819656282277565,True,1e-08,0.44659999548457563,1.0
2048,20260727,20,12,8,separable,separable,1.6080377349646018,0.0,,0.8040188674823008,True,1e-08,0.39709999691694975,1.0
2049,20260727,20,12,9,separable,separable,1.698438818297151,0.0,,0.8492194091485754,True,1e-08,0.39770000148564577,1.0
2050,20260727,20,12,10,separable,separable,1.7693778549403443,0.0,,0.8846889274701721,True,1e-08,0.4558000073302537,1.0
2051,20260727,20,12,11,separable,separable,1.6373353950075575,0.0,,0.8186676975037788,True,1e-08,0.39989998913370073,1.0
2052,20260727,20,12,12,separable,separable,1.7100234769986695,0.0,,0.8550117384993349,True,1e-08,0.4413000133354217,1.0
2053,20260727,20,12,13,separable,separable,1.9072267746907166,0.0,,0.9536133873453584,True,1e-08,0.4467999970074743,1.0
2054,20260727,20,12,14,separable,separable,1.651744182131556,0.0,,0.825872091065778,True,1e-08,0.43840000580530614,1.0
2055,20260727,20,12,15,separable,separable,1.8608470898833298,0.0,,0.930423544941665,True,1e-08,0.43000000005122274,1.0
2056,20260727,20,12,16,separable,separable,1.7086940687987922,0.0,,0.8543470343993961,True,1e-08,0.39960000140126795,1.0
2057,20260727,20,12,17,separable,separable,1.8253311247970145,0.0,,0.9126655623985074,True,1e-08,0.4346999921835959,1.0
2058,20260727,20,12,18,separable,separable,1.669070169338207,0.0,,0.8345350846691036,True,1e-08,0.39010000182315707,1.0
2059,20260727,20,12,19,separable,separable,1.7978940654180466,0.0,,0.8989470327090235,True,1e-08,0.4461999924387783,1.0
2060,20260727,20,12,20,separable,separable,1.6617299167023858,0.0,,0.8308649583511929,True,1e-08,0.39760000072419643,1.0
2061,20260727,20,12,21,separable,separable,1.8597883610578436,0.0,,0.929894180528922,True,1e-08,0.43960000039078295,1.0
2062,20260727,20,12,22,separable,separable,1.691140271358418,0.0,,0.845570135679209,True,1e-08,0.4456000024219975,1.0
2063,20260727,20,12,23,separable,separable,1.5758733176103625,0.0,,0.7879366588051812,True,1e-08,0.45730000420007855,1.0
2064,20260727,20,12,24,separable,separable,1.7583638329561904,0.0,,0.8791819164780953,True,1e-08,0.4428999964147806,1.0
2065,20260727,20,12,25,separable,separable,1.7555413698194926,0.0,,0.8777706849097464,True,1e-08,0.4400999896461144,1.0
2066,20260727,20,12,26,separable,separable,1.8392906970081093,0.0,,0.9196453485040548,True,1e-08,0.44019999040756375,1.0
2067,20260727,20,12,27,separable,separable,1.6778147326902246,0.0,,0.8389073663451122,True,1e-08,0.451600004453212,1.0
2068,20260727,20,12,28,separable,separable,1.7021614466569555,0.0,,0.8510807233284778,True,1e-08,0.44219999108463526,1.0
2069,20260727,20,12,29,separable,separable,1.7116121388182917,0.0,,0.8558060694091458,True,1e-08,0.4150999884586781,1.0
2070,20260727,20,12,30,separable,separable,1.6909361767485052,0.0,,0.8454680883742524,True,1e-08,0.4524999967543408,1.0
2071,20260727,20,12,31,separable,separable,1.7566856413789023,0.0,,0.8783428206894511,True,1e-08,0.44920000073034316,1.0
2072,20260727,20,12,32,separable,separable,1.7750727791365255,0.0,,0.8875363895682629,True,1e-08,0.38240000139921904,1.0
2073,20260727,20,12,33,separable,separable,1.6424239623867278,0.0,,0.8212119811933639,True,1e-08,0.4298000130802393,1.0
2074,20260727,20,12,34,separable,separable,1.8240255753385874,0.0,,0.9120127876692936,True,1e-08,0.4380000027595088,1.0
2075,20260727,20,12,35,separable,separable,1.7861285811983434,0.0,,0.8930642905991716,True,1e-08,0.4212000058032572,1.0
2076,20260727,20,12,36,separable,separable,1.7465423626918424,0.0,,0.8732711813459209,True,1e-08,0.43700000969693065,1.0
2077,20260727,20,12,37,separable,separable,1.8349882373742745,0.0,,0.9174941186871373,True,1e-08,0.44380000326782465,1.0
2078,20260727,20,12,38,separable,separable,1.709528523453164,0.0,,0.854764261726582,True,1e-08,0.44010000419802964,1.0
2079,20260727,20,12,39,separable,separable,1.795717120338773,0.0,,0.8978585601693864,True,1e-08,0.43909999658353627,1.0
2080,20260727,20,12,40,separable,separable,1.8582989195374386,0.0,,0.9291494597687192,True,1e-08,0.45119998685549945,1.0
2081,20260727,20,12,41,separable,separable,1.828713294713608,0.0,,0.9143566473568041,True,1e-08,0.40240000816993415,1.0
2082,20260727,20,12,42,separable,separable,1.837131891666954,0.0,,0.918565945833477,True,1e-08,0.440500007243827,1.0
2083,20260727,20,12,43,separable,separable,1.8549624952646233,0.0,,0.9274812476323119,True,1e-08,0.4400000034365803,1.0
2084,20260727,20,12,44,separable,separable,1.779569204133524,0.0,,0.8897846020667621,True,1e-08,0.43929999810643494,1.0
2085,20260727,20,12,45,separable,separable,1.797755767266142,0.0,,0.8988778836330714,True,1e-08,0.43060000461991876,1.0
2086,20260727,20,12,46,separable,separable,1.790251446350627,0.0,,0.8951257231753134,True,1e-08,0.4512000014074147,1.0
2087,20260727,20,12,47,separable,separable,1.723430044711723,0.0,,0.8617150223558614,True,1e-08,0.3943999909097329,1.0
2088,20260727,20,12,48,separable,separable,1.7280026069770438,0.0,,0.8640013034885217,True,1e-08,0.39990000368561596,1.0
2089,20260727,20,12,49,separable,separable,1.8156195712039565,0.0,,0.9078097856019781,True,1e-08,0.44550000166054815,1.0
2090,20260727,20,12,50,separable,separable,1.8135876371980268,0.0,,0.9067938185990136,True,1e-08,0.4408999957377091,1.0
2091,20260727,20,12,51,separable,separable,1.6611602012037356,0.0,,0.8305801006018678,True,1e-08,0.43729999742936343,1.0
2092,20260727,20,12,52,separable,separable,1.7069498058687793,0.0,,0.8534749029343895,True,1e-08,0.3873999958159402,1.0
2093,20260727,20,12,53,separable,separable,1.8147000245267504,0.0,,0.9073500122633753,True,1e-08,0.4332000098656863,1.0
2094,20260727,20,12,54,separable,separable,1.8941446212986484,0.0,,0.9470723106493241,True,1e-08,0.43309999455232173,1.0
2095,20260727,20,12,55,separable,separable,1.6764450835850835,0.0,,0.8382225417925417,True,1e-08,0.4374999989522621,1.0
2096,20260727,20,12,56,separable,separable,1.8303790359754792,0.0,,0.9151895179877395,True,1e-08,0.4385000065667555,1.0
2097,20260727,20,12,57,separable,separable,1.778227183076066,0.0,,0.889113591538033,True,1e-08,0.4495000030146912,1.0
2098,20260727,20,12,58,separable,separable,1.8619672047088587,0.0,,0.9309836023544293,True,1e-08,0.42559999565128237,1.0
2099,20260727,20,12,59,separable,separable,1.6424232605905238,0.0,,0.8212116302952616,True,1e-08,0.4275000101188198,1.0
2100,20260727,20,12,0,near_boundary,separable,1.999999999986019e-07,1e-07,,9.999999999940612e-08,True,1e-08,0.4301000008126721,1.0
2101,20260727,20,12,1,near_boundary,separable,1.9999999999848285e-07,1e-07,,9.999999999940612e-08,True,1e-08,0.42979999852832407,1.0000000000000007
2102,20260727,20,12,2,near_boundary,separable,2.0000000000996798e-07,1e-07,,9.999999999940612e-08,True,1e-08,0.42129999201279134,0.9999999999999997
2103,20260727,20,12,3,near_boundary,separable,1.9999999999881213e-07,1e-07,,9.999999999940612e-08,True,1e-08,0.41870000131893903,1.0
2104,20260727,20,12,4,near_boundary,separable,2.000000000057903e-07,1e-07,,9.999999999940612e-08,True,1e-08,0.44600000546779484,1.0
2105,20260727,20,12,5,near_boundary,separable,1.999999998459067e-07,1e-07,,9.999999999940612e-08,True,1e-08,0.44809999235440046,1.0000000000000002
2106,20260727,20,12,6,near_boundary,separable,2.0000000000027173e-07,1e-07,,9.999999999940612e-08,True,1e-08,0.4476999893086031,1.000000000000001
2107,20260727,20,12,7,near_boundary,separable,1.9999999999294632e-07,1e-07,,9.999999999940612e-08,True,1e-08,0.4292999947210774,1.0000000000000004
2108,20260727,20,12,8,near_boundary,separable,2.0000000001268913e-07,1e-07,,9.999999999940612e-08,True,1e-08,0.40530000114813447,1.0
2109,20260727,20,12,9,near_boundary,separable,2.0000000000264363e-07,1e-07,,9.999999999940612e-08,True,1e-08,0.43289999302942306,1.0
2110,20260727,20,12,10,near_boundary,separable,2.000000000229233e-07,1e-07,,9.999999999940612e-08,True,1e-08,0.4486999969230965,1.0000000000000002
2111,20260727,20,12,11,near_boundary,separable,2.0000000000282201e-07,1e-07,,9.999999999940612e-08,True,1e-08,0.4307999915909022,1.0
2112,20260727,20,12,12,near_boundary,separable,2.000000000006468e-07,1e-07,,9.999999999940612e-08,True,1e-08,0.4106000124011189,1.0
2113,20260727,20,12,13,near_boundary,separable,2.0000000000093032e-07,1e-07,,9.999999999940612e-08,True,1e-08,0.44829999387729913,1.0
2114,20260727,20,12,14,near_boundary,separable,1.9999999999881224e-07,1e-07,,9.999999999940612e-08,True,1e-08,0.45199999294709414,1.0
2115,20260727,20,12,15,near_boundary,separable,1.999999999786082e-07,1e-07,,9.999999999940612e-08,True,1e-08,0.4437000025063753,1.0000000000000002
2116,20260727,20,12,16,near_boundary,separable,2.000000000177837e-07,1e-07,,9.999999999940612e-08,True,1e-08,0.42159999429713935,0.9999999999999997
2117,20260727,20,12,17,near_boundary,separable,2.0000000006678939e-07,1e-07,,9.999999999940612e-08,True,1e-08,0.4335999983595684,0.9999999999999998
2118,20260727,20,12,18,near_boundary,separable,1.999999999936407e-07,1e-07,,9.999999999940612e-08,True,1e-08,0.4453000001376495,1.0000000000000004
2119,20260727,20,12,19,near_boundary,separable,1.999999999988122e-07,1e-07,,9.999999999940612e-08,True,1e-08,0.4402999911690131,1.0
2120,20260727,20,12,20,near_boundary,separable,1.9999999998804137e-07,1e-07,,9.999999999940612e-08,True,1e-08,0.4200000112177804,1.0
2121,20260727,20,12,21,near_boundary,separable,1.9999999999954813e-07,1e-07,,9.999999999940612e-08,True,1e-08,0.4354999982751906,1.0000000000000002
2122,20260727,20,12,22,near_boundary,separable,2.0000000000072198e-07,1e-07,,9.999999999940612e-08,True,1e-08,0.44079999497625977,0.9999999999999998
2123,20260727,20,12,23,near_boundary,separable,2.0000000000382943e-07,1e-07,,9.999999999940612e-08,True,1e-08,0.4408999957377091,1.0
2124,20260727,20,12,24,near_boundary,separable,2.0000000004819124e-07,1e-07,,9.999999999940612e-08,True,1e-08,0.4565999988699332,0.9999999999999986
2125,20260727,20,12,25,near_boundary,separable,2.0000000000677265e-07,1e-07,,9.999999999940612e-08,True,1e-08,0.4084999964106828,1.0
2126,20260727,20,12,26,near_boundary,separable,2.0000000000944586e-07,1e-07,,9.999999999940612e-08,True,1e-08,0.42350000876467675,1.0000000000000002
2127,20260727,20,12,27,near_boundary,separable,1.999999999962009e-07,1e-07,,9.999999999940612e-08,True,1e-08,0.4470999992918223,1.0
2128,20260727,20,12,28,near_boundary,separable,1.999999999974358e-07,1e-07,,9.999999999940612e-08,True,1e-08,0.4214000073261559,0.9999999999999994
2129,20260727,20,12,29,near_boundary,separable,1.999999999964856e-07,1e-07,,9.999999999940612e-08,True,1e-08,0.4104999970877543,1.0
2130,20260727,20,12,30,near_boundary,separable,1.9999999999881224e-07,1e-07,,9.999999999940612e-08,True,1e-08,0.42270000267308205,1.0
2131,20260727,20,12,31,near_boundary,separable,1.9999999998667693e-07,1e-07,,9.999999999940612e-08,True,1e-08,0.4721000004792586,1.0000000000000002
2132,20260727,20,12,32,near_boundary,separable,2.00000000028971e-07,1e-07,,9.999999999940612e-08,True,1e-08,0.4484000091906637,1.0
2133,20260727,20,12,33,near_boundary,separable,1.999999999996541e-07,1e-07,,9.999999999940612e-08,True,1e-08,0.4749000072479248,1.0
2134,20260727,20,12,34,near_boundary,separable,1.9999999999767314e-07,1e-07,,9.999999999940612e-08,True,1e-08,0.43960000039078295,1.0
2135,20260727,20,12,35,near_boundary,separable,2.0000000000511062e-07,1e-07,,9.999999999940612e-08,True,1e-08,0.4979999939678237,1.0
2136,20260727,20,12,36,near_boundary,separable,2.0000000002608164e-07,1e-07,,9.999999999940612e-08,True,1e-08,0.45080001291353256,1.0000000000000007
2137,20260727,20,12,37,near_boundary,separable,1.9999999999389958e-07,1e-07,,9.999999999940612e-08,True,1e-08,0.4327999922679737,0.9999999999999998
2138,20260727,20,12,38,near_boundary,separable,2.0000000024973463e-07,1e-07,,9.999999999940612e-08,True,1e-08,0.46109998947940767,0.9999999999999976
2139,20260727,20,12,39,near_boundary,separable,2.0000000000209674e-07,1e-07,,9.999999999940612e-08,True,1e-08,0.4393999988678843,1.0000000000000002
2140,20260727,20,12,40,near_boundary,separable,1.9999999999748764e-07,1e-07,,9.999999999940612e-08,True,1e-08,0.4360000020824373,0.9999999999999998
2141,20260727,20,12,41,near_boundary,separable,1.9999999999667989e-07,1e-07,,9.999999999940612e-08,True,1e-08,0.4199999966658652,1.0000000000000002
2142,20260727,20,12,42,near_boundary,separable,1.9999999999084653e-07,1e-07,,9.999999999940612e-08,True,1e-08,0.4329000075813383,1.0000000000000002
2143,20260727,20,12,43,near_boundary,separable,2.0000000001443478e-07,1e-07,,9.999999999940612e-08,True,1e-08,0.4287999909138307,1.0
2144,20260727,20,12,44,near_boundary,separable,1.9999999999670297e-07,1e-07,,9.999999999940612e-08,True,1e-08,0.4394999996293336,1.0
2145,20260727,20,12,45,near_boundary,separable,1.9999999996916812e-07,1e-07,,9.999999999940612e-08,True,1e-08,0.44600000546779484,0.9999999999999999
2146,20260727,20,12,46,near_boundary,separable,1.9999999997870998e-07,1e-07,,9.999999999940612e-08,True,1e-08,0.4160999960731715,1.0000000000000002
2147,20260727,20,12,47,near_boundary,separable,1.9999999999492213e-07,1e-07,,9.999999999940612e-08,True,1e-08,0.4254000086802989,1.0
2148,20260727,20,12,48,near_boundary,separable,2.0000000000760883e-07,1e-07,,9.999999999940612e-08,True,1e-08,0.44350000098347664,1.0
2149,20260727,20,12,49,near_boundary,separable,2.0000000000228166e-07,1e-07,,9.999999999940612e-08,True,1e-08,0.4239999980200082,1.0
2150,20260727,20,12,50,near_boundary,separable,2.0000000002510414e-07,1e-07,,9.999999999940612e-08,True,1e-08,0.4219999973429367,1.0
2151,20260727,20,12,51,near_boundary,separable,2.0000000001334388e-07,1e-07,,9.999999999940612e-08,True,1e-08,0.41640001290943474,1.0000000000000002
2152,20260727,20,12,52,near_boundary,separable,2.0000000003961869e-07,1e-07,,9.999999999940612e-08,True,1e-08,0.4474000015761703,1.0000000000000002
2153,20260727,20,12,53,near_boundary,separable,1.9999999997523227e-07,1e-07,,9.999999999940612e-08,True,1e-08,0.4853999998886138,0.9999999999999996
2154,20260727,20,12,54,near_boundary,separable,1.9999999999185588e-07,1e-07,,9.999999999940612e-08,True,1e-08,0.44129999878350645,0.9999999999999999
2155,20260727,20,12,55,near_boundary,separable,1.999999999932539e-07,1e-07,,9.999999999940612e-08,True,1e-08,0.4341999883763492,0.9999999999999998
2156,20260727,20,12,56,near_boundary,separable,2.0000000000198507e-07,1e-07,,9.999999999940612e-08,True,1e-08,0.4329000075813383,0.9999999999999999
2157,20260727,20,12,57,near_boundary,separable,2.000000000144089e-07,1e-07,,9.999999999940612e-08,True,1e-08,0.4290000069886446,1.0000000000000002
2158,20260727,20,12,58,near_boundary,separable,1.9999999999325554e-07,1e-07,,9.999999999940612e-08,True,1e-08,0.4250000056345016,1.0
2159,20260727,20,12,59,near_boundary,separable,2.0000000000228169e-07,1e-07,,9.999999999940612e-08,True,1e-08,0.4341999883763492,1.0
2160,20260728,3,4,0,replaceable,replaceable,0.0,0.0,0.0,,True,1e-08,0.3173000004608184,1.0000000000000002
2161,20260728,3,4,1,replaceable,replaceable,0.0,0.0,0.0,,True,1e-08,0.3082000039285049,1.0000000000000002
2162,20260728,3,4,2,replaceable,replaceable,0.0,0.0,0.0,,True,1e-08,0.3245999978389591,1.0
2163,20260728,3,4,3,replaceable,replaceable,0.0,0.0,0.0,,True,1e-08,0.30309999419841915,0.9999999999999999
2164,20260728,3,4,4,replaceable,replaceable,0.0,0.0,0.0,,True,1e-08,0.2871999895432964,1.0
2165,20260728,3,4,5,replaceable,replaceable,0.0,0.0,0.0,,True,1e-08,0.2725000085774809,0.9999999999999999
2166,20260728,3,4,6,replaceable,replaceable,0.0,0.0,0.0,,True,1e-08,0.27299999783281237,0.9999999999999997
2167,20260728,3,4,7,replaceable,replaceable,0.0,0.0,0.0,,True,1e-08,0.29269998776726425,0.9999999999999999
2168,20260728,3,4,8,replaceable,replaceable,0.0,0.0,0.0,,True,1e-08,0.2891999902203679,1.0
2169,20260728,3,4,9,replaceable,replaceable,0.0,0.0,0.0,,True,1e-08,0.2871000033337623,0.9999999999999998
2170,20260728,3,4,10,replaceable,replaceable,0.0,0.0,0.0,,True,1e-08,0.2830000012181699,1.0
2171,20260728,3,4,11,replaceable,replaceable,0.0,0.0,0.0,,True,1e-08,0.2810000005410984,1.0000000000000002
2172,20260728,3,4,12,replaceable,replaceable,0.0,0.0,0.0,,True,1e-08,0.2825999981723726,1.0
2173,20260728,3,4,13,replaceable,replaceable,0.0,0.0,0.0,,True,1e-08,0.28110000130254775,0.9999999999999998
2174,20260728,3,4,14,replaceable,replaceable,0.0,0.0,0.0,,True,1e-08,0.2936999953817576,0.9999999999999999
2175,20260728,3,4,15,replaceable,replaceable,0.0,0.0,0.0,,True,1e-08,0.28449999808799475,1.0
2176,20260728,3,4,16,replaceable,replaceable,0.0,0.0,0.0,,True,1e-08,0.28140000358689576,1.0000000000000002
2177,20260728,3,4,17,replaceable,replaceable,0.0,0.0,0.0,,True,1e-08,0.2792000013869256,1.0
2178,20260728,3,4,18,replaceable,replaceable,0.0,0.0,0.0,,True,1e-08,0.27889999910257757,1.0
2179,20260728,3,4,19,replaceable,replaceable,0.0,0.0,0.0,,True,1e-08,0.2829000004567206,1.0
2180,20260728,3,4,20,replaceable,replaceable,0.0,0.0,0.0,,True,1e-08,0.2889000024879351,1.0
2181,20260728,3,4,21,replaceable,replaceable,0.0,0.0,0.0,,True,1e-08,0.28389999351929873,0.9999999999999999
2182,20260728,3,4,22,replaceable,replaceable,0.0,0.0,0.0,,True,1e-08,0.2818999928422272,1.0
2183,20260728,3,4,23,replaceable,replaceable,0.0,0.0,0.0,,True,1e-08,0.2826999989338219,1.0
2184,20260728,3,4,24,replaceable,replaceable,0.0,0.0,0.0,,True,1e-08,0.28249999741092324,0.9999999999999999
2185,20260728,3,4,25,replaceable,replaceable,0.0,0.0,0.0,,True,1e-08,0.2814999897964299,1.0
2186,20260728,3,4,26,replaceable,replaceable,0.0,0.0,0.0,,True,1e-08,0.2769999991869554,1.0
2187,20260728,3,4,27,replaceable,replaceable,0.0,0.0,0.0,,True,1e-08,0.2965000021504238,0.9999999999999998
2188,20260728,3,4,28,replaceable,replaceable,0.0,0.0,0.0,,True,1e-08,0.2700999903026968,0.9999999999999998
2189,20260728,3,4,29,replaceable,replaceable,0.0,0.0,0.0,,True,1e-08,0.2733000001171604,1.0
2190,20260728,3,4,30,replaceable,replaceable,0.0,0.0,0.0,,True,1e-08,0.2826999989338219,1.0
2191,20260728,3,4,31,replaceable,replaceable,0.0,0.0,0.0,,True,1e-08,0.272599994787015,1.0
2192,20260728,3,4,32,replaceable,replaceable,0.0,0.0,0.0,,True,1e-08,0.269199998001568,1.0
2193,20260728,3,4,33,replaceable,replaceable,0.0,0.0,0.0,,True,1e-08,0.26709999656304717,1.0
2194,20260728,3,4,34,replaceable,replaceable,0.0,0.0,0.0,,True,1e-08,0.275699989288114,1.0
2195,20260728,3,4,35,replaceable,replaceable,0.0,0.0,0.0,,True,1e-08,0.2795999898808077,0.9999999999999999
2196,20260728,3,4,36,replaceable,replaceable,0.0,0.0,0.0,,True,1e-08,0.2871000033337623,0.9999999999999999
2197,20260728,3,4,37,replaceable,replaceable,0.0,0.0,0.0,,True,1e-08,0.2857999934349209,1.0
2198,20260728,3,4,38,replaceable,replaceable,0.0,0.0,0.0,,True,1e-08,0.2820000081555918,0.9999999999999998
2199,20260728,3,4,39,replaceable,replaceable,0.0,0.0,0.0,,True,1e-08,0.28240001120138913,0.9999999999999999
2200,20260728,3,4,40,replaceable,replaceable,0.0,0.0,0.0,,True,1e-08,0.3060000017285347,1.0000000000000004
2201,20260728,3,4,41,replaceable,replaceable,0.0,0.0,0.0,,True,1e-08,0.28080001357011497,1.0
2202,20260728,3,4,42,replaceable,replaceable,0.0,0.0,0.0,,True,1e-08,0.26950000028591603,1.0
2203,20260728,3,4,43,replaceable,replaceable,0.0,0.0,0.0,,True,1e-08,0.28020000900141895,0.9999999999999994
2204,20260728,3,4,44,replaceable,replaceable,0.0,0.0,0.0,,True,1e-08,0.2767999976640567,0.9999999999999999
2205,20260728,3,4,45,replaceable,replaceable,0.0,0.0,0.0,,True,1e-08,0.2671000111149624,1.0
2206,20260728,3,4,46,replaceable,replaceable,0.0,0.0,0.0,,True,1e-08,0.26840000646188855,1.0
2207,20260728,3,4,47,replaceable,replaceable,0.0,0.0,0.0,,True,1e-08,0.27770000451710075,1.0
2208,20260728,3,4,48,replaceable,replaceable,0.0,0.0,0.0,,True,1e-08,0.27529998624231666,1.0
2209,20260728,3,4,49,replaceable,replaceable,0.0,0.0,0.0,,True,1e-08,0.2860999957192689,0.9999999999999998
2210,20260728,3,4,50,replaceable,replaceable,0.0,0.0,0.0,,True,1e-08,0.31259999377653,1.0
2211,20260728,3,4,51,replaceable,replaceable,0.0,0.0,0.0,,True,1e-08,0.28500000189524144,1.0000000000000009
2212,20260728,3,4,52,replaceable,replaceable,0.0,0.0,0.0,,True,1e-08,0.2899999963119626,1.0
2213,20260728,3,4,53,replaceable,replaceable,0.0,0.0,0.0,,True,1e-08,0.2795999898808077,1.0
2214,20260728,3,4,54,replaceable,replaceable,0.0,0.0,0.0,,True,1e-08,0.27550000231713057,1.0000000000000002
2215,20260728,3,4,55,replaceable,replaceable,0.0,0.0,0.0,,True,1e-08,0.2758000046014786,0.9999999999999999
2216,20260728,3,4,56,replaceable,replaceable,0.0,0.0,0.0,,True,1e-08,0.28059999749530107,1.0
2217,20260728,3,4,57,replaceable,replaceable,0.0,0.0,0.0,,True,1e-08,0.2767999976640567,1.0
2218,20260728,3,4,58,replaceable,replaceable,0.0,0.0,0.0,,True,1e-08,0.2806000120472163,1.0
2219,20260728,3,4,59,replaceable,replaceable,0.0,0.0,0.0,,True,1e-08,0.29039999935775995,1.0
2220,20260728,3,4,0,separable,separable,0.9679296397192805,0.0,,0.48396481985964024,True,1e-08,0.338700003339909,1.0
2221,20260728,3,4,1,separable,separable,0.6371379999150897,0.0,,0.31856899995754484,True,1e-08,0.3325999859953299,1.0
2222,20260728,3,4,2,separable,separable,0.5974292622262904,0.0,,0.2987146311131452,True,1e-08,0.3330000035930425,1.0
2223,20260728,3,4,3,separable,separable,0.7787550423080638,0.0,,0.3893775211540318,True,1e-08,0.34810000215657055,1.0
2224,20260728,3,4,4,separable,separable,0.5965581843459461,0.0,,0.298279092172973,True,1e-08,0.33999999868683517,1.0
2225,20260728,3,4,5,separable,separable,1.507390934319647,0.0,,0.7536954671598235,True,1e-08,0.3345000004628673,1.0
2226,20260728,3,4,6,separable,separable,0.900948078283391,0.0,,0.45047403914169537,True,1e-08,0.2886000002035871,1.0
2227,20260728,3,4,7,separable,separable,0.383061010186126,0.0,,0.19153050509306302,True,1e-08,0.31659999513067305,1.0
2228,20260728,3,4,8,separable,separable,1.2439661033109048,0.0,,0.6219830516554524,True,1e-08,0.27689999842550606,1.0
2229,20260728,3,4,9,separable,separable,0.4206653865227201,0.0,,0.21033269326136006,True,1e-08,0.3335000074002892,1.0
2230,20260728,3,4,10,separable,separable,0.23861881029372745,0.0,,0.11930940514686372,True,1e-08,0.331600007484667,1.0
2231,20260728,3,4,11,separable,separable,1.387780223207408,0.0,,0.693890111603704,True,1e-08,0.3201999934390187,1.0
2232,20260728,3,4,12,separable,separable,0.993318828563905,0.0,,0.4966594142819526,True,1e-08,0.3361000126460567,1.0
2233,20260728,3,4,13,separable,separable,0.5051812843393478,0.0,,0.25259064216967386,True,1e-08,0.32809999538585544,1.0
2234,20260728,3,4,14,separable,separable,1.0481093512358761,0.0,,0.5240546756179381,True,1e-08,0.338400001055561,1.0
2235,20260728,3,4,15,separable,separable,0.8343106917592371,0.0,,0.41715534587961856,True,1e-08,0.31409999064635485,1.0
2236,20260728,3,4,16,separable,separable,0.6473336023795503,0.0,,0.3236668011897752,True,1e-08,0.3370999911567196,1.0
2237,20260728,3,4,17,separable,separable,0.8897674181323747,0.0,,0.44488370906618735,True,1e-08,0.3281999961473048,1.0
2238,20260728,3,4,18,separable,separable,1.1904455296496421,0.0,,0.5952227648248211,True,1e-08,0.32669999927747995,1.0
2239,20260728,3,4,19,separable,separable,1.2555081801964105,0.0,,0.6277540900982053,True,1e-08,0.28639999800361693,1.0
2240,20260728,3,4,20,separable,separable,0.910314984203963,0.0,,0.4551574921019814,True,1e-08,0.3294000052846968,1.0
2241,20260728,3,4,21,separable,separable,0.6589992228990382,0.0,,0.3294996114495191,True,1e-08,0.3378999972483143,1.0
2242,20260728,3,4,22,separable,separable,1.0630701688979547,0.0,,0.5315350844489772,True,1e-08,0.33260000054724514,1.0
2243,20260728,3,4,23,separable,separable,0.43768498831089553,0.0,,0.21884249415544776,True,1e-08,0.3277000068919733,1.0
2244,20260728,3,4,24,separable,separable,0.47719600735260054,0.0,,0.23859800367630024,True,1e-08,0.32869999995455146,1.0
2245,20260728,3,4,25,separable,separable,0.5910051838677981,0.0,,0.29550259193389905,True,1e-08,0.28310000197961926,1.0
2246,20260728,3,4,26,separable,separable,1.1142801630470425,0.0,,0.5571400815235212,True,1e-08,0.3277000068919733,1.0
2247,20260728,3,4,27,separable,separable,1.2959808624723737,0.0,,0.6479904312361869,True,1e-08,0.2936999953817576,1.0
2248,20260728,3,4,28,separable,separable,0.482146524858997,0.0,,0.24107326242949856,True,1e-08,0.3304999991087243,1.0
2249,20260728,3,4,29,separable,separable,1.0588947798019008,0.0,,0.5294473899009504,True,1e-08,0.331300005200319,1.0
2250,20260728,3,4,30,separable,separable,0.6702435519700277,0.0,,0.3351217759850139,True,1e-08,0.32730000384617597,1.0
2251,20260728,3,4,31,separable,separable,0.6527841301228267,0.0,,0.3263920650614134,True,1e-08,0.32560000545345247,1.0
2252,20260728,3,4,32,separable,separable,0.7727031942327991,0.0,,0.38635159711639955,True,1e-08,0.342100000125356,1.0
2253,20260728,3,4,33,separable,separable,1.683699998394036,0.0,,0.841849999197018,True,1e-08,0.30509999487549067,1.0
2254,20260728,3,4,34,separable,separable,1.015714261850892,0.0,,0.507857130925446,True,1e-08,0.3299000090919435,1.0
2255,20260728,3,4,35,separable,separable,0.49108957629509714,0.0,,0.24554478814754854,True,1e-08,0.3271000023232773,1.0
2256,20260728,3,4,36,separable,separable,1.1639237844223458,0.0,,0.5819618922111728,True,1e-08,0.2823999966494739,1.0
2257,20260728,3,4,37,separable,separable,1.3729980772278645,0.0,,0.6864990386139322,True,1e-08,0.2766999969026074,1.0
2258,20260728,3,4,38,separable,separable,0.18185846137784467,0.0,,0.09092923068892234,True,1e-08,0.3360000118846074,1.0
2259,20260728,3,4,39,separable,separable,0.5075311591344936,0.0,,0.2537655795672469,True,1e-08,0.3738000086741522,1.0
2260,20260728,3,4,40,separable,separable,0.8833753536030124,0.0,,0.4416876768015062,True,1e-08,0.3243999963160604,1.0
2261,20260728,3,4,41,separable,separable,1.3789421933950012,0.0,,0.6894710966975006,True,1e-08,0.27979999140370637,1.0
2262,20260728,3,4,42,separable,separable,1.0244095322013465,0.0,,0.5122047661006731,True,1e-08,0.271999990218319,1.0
2263,20260728,3,4,43,separable,separable,0.441328757602464,0.0,,0.22066437880123202,True,1e-08,0.30819998937658966,1.0
2264,20260728,3,4,44,separable,separable,0.21354806209186392,0.0,,0.10677403104593197,True,1e-08,0.31630000739824027,1.0
2265,20260728,3,4,45,separable,separable,0.8394182395731182,0.0,,0.4197091197865591,True,1e-08,0.31770000350661576,1.0
2266,20260728,3,4,46,separable,separable,0.9514099791238921,0.0,,0.47570498956194607,True,1e-08,0.31239999225363135,1.0
2267,20260728,3,4,47,separable,separable,1.0755406068673907,0.0,,0.5377703034336954,True,1e-08,0.31459999445360154,1.0
2268,20260728,3,4,48,separable,separable,0.9317644590073286,0.0,,0.4658822295036643,True,1e-08,0.31450000824406743,1.0
2269,20260728,3,4,49,separable,separable,1.3758590714766639,0.0,,0.6879295357383319,True,1e-08,0.32759999157860875,1.0
2270,20260728,3,4,50,separable,separable,1.0458903027051707,0.0,,0.5229451513525853,True,1e-08,0.341199993272312,1.0
2271,20260728,3,4,51,separable,separable,0.5258870764264937,0.0,,0.2629435382132469,True,1e-08,0.3254999901400879,1.0
2272,20260728,3,4,52,separable,separable,0.977259246369099,0.0,,0.4886296231845495,True,1e-08,0.3139000036753714,1.0
2273,20260728,3,4,53,separable,separable,0.6500892824846618,0.0,,0.3250446412423308,True,1e-08,0.26509999588597566,1.0
2274,20260728,3,4,54,separable,separable,0.6476179576198724,0.0,,0.3238089788099362,True,1e-08,0.3097000007983297,1.0
2275,20260728,3,4,55,separable,separable,0.27816736511119916,0.0,,0.13908368255559955,True,1e-08,0.3113999991910532,1.0
2276,20260728,3,4,56,separable,separable,0.4946879354654334,0.0,,0.24734396773271672,True,1e-08,0.3206999972462654,1.0
2277,20260728,3,4,57,separable,separable,0.16829603963499956,0.0,,0.08414801981749975,True,1e-08,0.3132999991066754,1.0
2278,20260728,3,4,58,separable,separable,0.6295223472488645,0.0,,0.31476117362443223,True,1e-08,0.26699999580159783,1.0
2279,20260728,3,4,59,separable,separable,1.3344388755367467,0.0,,0.6672194377683733,True,1e-08,0.30929999775253236,1.0
2280,20260728,3,4,0,near_boundary,separable,1.9999999989974814e-07,1e-07,,1.0000000000287557e-07,True,1e-08,0.28279999969527125,0.9999999999999997
2281,20260728,3,4,1,near_boundary,separable,1.999999999349574e-07,1e-07,,1.0000000000287557e-07,True,1e-08,0.29549999453593045,1.0000000000000004
2282,20260728,3,4,2,near_boundary,separable,2.0000000000575116e-07,1e-07,,1.0000000000287557e-07,True,1e-08,0.30359999800566584,1.0
2283,20260728,3,4,3,near_boundary,separable,1.9999999999848756e-07,1e-07,,1.0000000000287557e-07,True,1e-08,0.29599999834317714,1.0
2284,20260728,3,4,4,near_boundary,separable,1.9999999992491746e-07,1e-07,,1.0000000000287557e-07,True,1e-08,0.2899999963119626,1.0
2285,20260728,3,4,5,near_boundary,separable,2.0000000003143672e-07,1e-07,,9.999999999940612e-08,True,1e-08,0.2832999889506027,0.9999999999999999
2286,20260728,3,4,6,near_boundary,separable,2.0000000000575113e-07,1e-07,,1.0000000000287557e-07,True,1e-08,0.2753000007942319,1.0
2287,20260728,3,4,7,near_boundary,separable,1.9999999993374619e-07,1e-07,,9.999999999940612e-08,True,1e-08,0.27099999715574086,1.0
2288,20260728,3,4,8,near_boundary,separable,2.0000000002030004e-07,1e-07,,1.0000000000287557e-07,True,1e-08,0.27409999165683985,0.9999999999999999
2289,20260728,3,4,9,near_boundary,separable,2.0000000002471583e-07,1e-07,,1.0000000000287557e-07,True,1e-08,0.29769999673590064,0.9999999999999999
2290,20260728,3,4,10,near_boundary,separable,2.0000000000228169e-07,1e-07,,9.999999999940612e-08,True,1e-08,0.2817000058712438,1.0
2291,20260728,3,4,11,near_boundary,separable,1.9999999988906642e-07,1e-07,,1.0000000000287557e-07,True,1e-08,0.26720001187641174,1.0000000000000002
2292,20260728,3,4,12,near_boundary,separable,2.000000001144459e-07,1e-07,,1.0000000000287557e-07,True,1e-08,0.27609999233391136,0.9999999999999999
2293,20260728,3,4,13,near_boundary,separable,1.999999999897718e-07,1e-07,,9.999999999940612e-08,True,1e-08,0.2693999995244667,1.0
2294,20260728,3,4,14,near_boundary,separable,1.9999999966836327e-07,1e-07,,9.999999999940612e-08,True,1e-08,0.2837999927578494,1.0
2295,20260728,3,4,15,near_boundary,separable,2.0000000013214105e-07,1e-07,,1.0000000000287557e-07,True,1e-08,0.29719999292865396,1.0
2296,20260728,3,4,16,near_boundary,separable,1.9999999997856858e-07,1e-07,,9.999999999940612e-08,True,1e-08,0.37090000114403665,1.0
2297,20260728,3,4,17,near_boundary,separable,1.9999999997933488e-07,1e-07,,1.0000000000287557e-07,True,1e-08,0.2982000005431473,0.9999999999999999
2298,20260728,3,4,18,near_boundary,separable,2.0000000015663105e-07,1e-07,,1.0000000000287557e-07,True,1e-08,0.2871999895432964,1.0000000000000004
2299,20260728,3,4,19,near_boundary,separable,2.0000000002755392e-07,1e-07,,9.999999999940612e-08,True,1e-08,0.28310000197961926,1.0
2300,20260728,3,4,20,near_boundary,separable,2.0000000028312245e-07,1e-07,,1.0000000000287557e-07,True,1e-08,0.2719000040087849,1.0
2301,20260728,3,4,21,near_boundary,separable,2.0000000002050968e-07,1e-07,,1.0000000000287557e-07,True,1e-08,0.2800999936880544,0.9999999999999999
2302,20260728,3,4,22,near_boundary,separable,1.9999999996139038e-07,1e-07,,1.0000000000287557e-07,True,1e-08,0.2820999943651259,1.0
2303,20260728,3,4,23,near_boundary,separable,2.000000000006242e-07,1e-07,,1.0000000000287557e-07,True,1e-08,0.27859999681822956,1.0000000000000002
2304,20260728,3,4,24,near_boundary,separable,1.999999996204898e-07,1e-07,,9.999999999940612e-08,True,1e-08,0.2795000036712736,1.0000000000000002
2305,20260728,3,4,25,near_boundary,separable,1.9999999999862658e-07,1e-07,,9.999999999940612e-08,True,1e-08,0.27319999935571104,1.0
2306,20260728,3,4,26,near_boundary,separable,2.0000000000196463e-07,1e-07,,9.999999999940612e-08,True,1e-08,0.27380000392440706,1.0
2307,20260728,3,4,27,near_boundary,separable,1.9999999997795329e-07,1e-07,,9.999999999940612e-08,True,1e-08,0.27289999707136303,1.0
2308,20260728,3,4,28,near_boundary,separable,1.9999999993833827e-07,1e-07,,9.999999999940612e-08,True,1e-08,0.2876999933505431,1.0
2309,20260728,3,4,29,near_boundary,separable,1.99999999947918e-07,1e-07,,9.999999999940612e-08,True,1e-08,0.30020000122021884,1.0000000000000002
2310,20260728,3,4,30,near_boundary,separable,1.9999999998402267e-07,1e-07,,9.999999999940612e-08,True,1e-08,0.28909998945891857,1.0000000000000002
2311,20260728,3,4,31,near_boundary,separable,2.0000000005397468e-07,1e-07,,9.999999999940612e-08,True,1e-08,0.2813000028254464,0.9999999999999999
2312,20260728,3,4,32,near_boundary,separable,2.0000000014481396e-07,1e-07,,9.999999999940612e-08,True,1e-08,0.28389999351929873,1.0
2313,20260728,3,4,33,near_boundary,separable,1.999999999983035e-07,1e-07,,9.999999999940612e-08,True,1e-08,0.30780000088270754,1.0000000000000002
2314,20260728,3,4,34,near_boundary,separable,1.9999999998290575e-07,1e-07,,1.0000000000287557e-07,True,1e-08,0.2781999937724322,1.0
2315,20260728,3,4,35,near_boundary,separable,1.99999999957544e-07,1e-07,,1.0000000000287557e-07,True,1e-08,0.28480000037234277,1.0000000000000002
2316,20260728,3,4,36,near_boundary,separable,1.9999999999896868e-07,1e-07,,1.0000000000287557e-07,True,1e-08,0.28670000028796494,1.0
2317,20260728,3,4,37,near_boundary,separable,2.0000000000575113e-07,1e-07,,1.0000000000287557e-07,True,1e-08,0.2801999944495037,1.0
2318,20260728,3,4,38,near_boundary,separable,2.000000000100754e-07,1e-07,,1.0000000000287557e-07,True,1e-08,0.2808999997796491,0.9999999999999999
2319,20260728,3,4,39,near_boundary,separable,1.9999999998940673e-07,1e-07,,9.999999999940612e-08,True,1e-08,0.2913999924203381,1.0
2320,20260728,3,4,40,near_boundary,separable,1.999999999684335e-07,1e-07,,9.999999999940612e-08,True,1e-08,0.3129999968223274,1.0
2321,20260728,3,4,41,near_boundary,separable,1.999999999797449e-07,1e-07,,9.999999999940612e-08,True,1e-08,0.2724999940255657,1.0
2322,20260728,3,4,42,near_boundary,separable,2.000000000428043e-07,1e-07,,9.999999999940612e-08,True,1e-08,0.28229999588802457,1.0
2323,20260728,3,4,43,near_boundary,separable,2.0000000008694353e-07,1e-07,,1.0000000000287557e-07,True,1e-08,0.28389999351929873,1.0
2324,20260728,3,4,44,near_boundary,separable,1.9999999999120048e-07,1e-07,,9.999999999940612e-08,True,1e-08,0.2767999976640567,1.0
2325,20260728,3,4,45,near_boundary,separable,2.0000000000531687e-07,1e-07,,1.0000000000287557e-07,True,1e-08,0.26450000586919487,1.0
2326,20260728,3,4,46,near_boundary,separable,1.9999999995023998e-07,1e-07,,1.0000000000287557e-07,True,1e-08,0.2707999956328422,1.0
2327,20260728,3,4,47,near_boundary,separable,1.9999999988404902e-07,1e-07,,1.0000000000287557e-07,True,1e-08,0.27119999867863953,1.0
2328,20260728,3,4,48,near_boundary,separable,1.9999999992315748e-07,1e-07,,1.0000000000287557e-07,True,1e-08,0.2693999995244667,1.0
2329,20260728,3,4,49,near_boundary,separable,2.0000000008336222e-07,1e-07,,1.0000000000287557e-07,True,1e-08,0.272599994787015,1.0
2330,20260728,3,4,50,near_boundary,separable,1.9999999995665207e-07,1e-07,,1.0000000000287557e-07,True,1e-08,0.2727999963099137,0.9999999999999998
2331,20260728,3,4,51,near_boundary,separable,2.0000000000575113e-07,1e-07,,1.0000000000287557e-07,True,1e-08,0.2660999889485538,1.0
2332,20260728,3,4,52,near_boundary,separable,1.9999999995078478e-07,1e-07,,1.0000000000287557e-07,True,1e-08,0.2756000030785799,1.0
2333,20260728,3,4,53,near_boundary,separable,2.0000000001509383e-07,1e-07,,1.0000000000287557e-07,True,1e-08,0.27180000324733555,0.9999999999999999
2334,20260728,3,4,54,near_boundary,separable,2.000000000050319e-07,1e-07,,1.0000000000287557e-07,True,1e-08,0.28639999800361693,0.9999999999999999
2335,20260728,3,4,55,near_boundary,separable,2.0000000003281754e-07,1e-07,,1.0000000000287557e-07,True,1e-08,0.2845999988494441,0.9999999999999999
2336,20260728,3,4,56,near_boundary,separable,2.0000000023135156e-07,1e-07,,9.999999999940612e-08,True,1e-08,0.28670000028796494,1.0
2337,20260728,3,4,57,near_boundary,separable,1.9999999984803175e-07,1e-07,,1.0000000000287557e-07,True,1e-08,0.2800999936880544,1.0000000000000002
2338,20260728,3,4,58,near_boundary,separable,1.9999999999784959e-07,1e-07,,9.999999999940612e-08,True,1e-08,0.26590000197757035,1.0
2339,20260728,3,4,59,near_boundary,separable,2.000000000044178e-07,1e-07,,1.0000000000287557e-07,True,1e-08,0.2868999872589484,1.0
2340,20260728,5,5,0,replaceable,replaceable,0.0,0.0,0.0,,True,1e-08,0.3237999917473644,0.9999999999999996
2341,20260728,5,5,1,replaceable,replaceable,0.0,0.0,0.0,,True,1e-08,0.29320000612642616,1.0
2342,20260728,5,5,2,replaceable,replaceable,0.0,0.0,0.0,,True,1e-08,0.298099999781698,1.0000000000000002
2343,20260728,5,5,3,replaceable,replaceable,0.0,0.0,0.0,,True,1e-08,0.29349999385885894,1.0000000000000002
2344,20260728,5,5,4,replaceable,replaceable,0.0,0.0,0.0,,True,1e-08,0.2877000079024583,0.9999999999999997
2345,20260728,5,5,5,replaceable,replaceable,0.0,0.0,0.0,,True,1e-08,0.2997999981744215,1.0000000000000002
2346,20260728,5,5,6,replaceable,replaceable,0.0,0.0,0.0,,True,1e-08,0.30189999961294234,1.0000000000000002
2347,20260728,5,5,7,replaceable,replaceable,0.0,0.0,0.0,,True,1e-08,0.3032000095117837,1.0
2348,20260728,5,5,8,replaceable,replaceable,0.0,0.0,0.0,,True,1e-08,0.2896999940276146,1.0000000000000002
2349,20260728,5,5,9,replaceable,replaceable,0.0,0.0,0.0,,True,1e-08,0.29919999360572547,0.9999999999999999
2350,20260728,5,5,10,replaceable,replaceable,0.0,0.0,0.0,,True,1e-08,0.29569999605882913,1.0000000000000002
2351,20260728,5,5,11,replaceable,replaceable,0.0,0.0,0.0,,True,1e-08,0.29940000968053937,1.0000000000000002
2352,20260728,5,5,12,replaceable,replaceable,0.0,0.0,0.0,,True,1e-08,0.2854000049410388,1.0
2353,20260728,5,5,13,replaceable,replaceable,0.0,0.0,0.0,,True,1e-08,0.28639999800361693,1.0
2354,20260728,5,5,14,replaceable,replaceable,0.0,0.0,0.0,,True,1e-08,0.2869000018108636,0.9999999999999999
2355,20260728,5,5,15,replaceable,replaceable,0.0,0.0,0.0,,True,1e-08,0.2930000046035275,1.0
2356,20260728,5,5,16,replaceable,replaceable,0.0,0.0,0.0,,True,1e-08,0.2832000027410686,0.9999999999999999
2357,20260728,5,5,17,replaceable,replaceable,0.0,0.0,0.0,,True,1e-08,0.2789999998640269,1.0
2358,20260728,5,5,18,replaceable,replaceable,0.0,0.0,0.0,,True,1e-08,0.29010001162532717,1.0
2359,20260728,5,5,19,replaceable,replaceable,0.0,0.0,0.0,,True,1e-08,0.2918999962275848,1.0
2360,20260728,5,5,20,replaceable,replaceable,0.0,0.0,0.0,,True,1e-08,0.30530001095030457,1.0
2361,20260728,5,5,21,replaceable,replaceable,0.0,0.0,0.0,,True,1e-08,0.302100001135841,1.0
2362,20260728,5,5,22,replaceable,replaceable,0.0,0.0,0.0,,True,1e-08,0.305800000205636,1.0
2363,20260728,5,5,23,replaceable,replaceable,0.0,0.0,0.0,,True,1e-08,0.2978999982587993,1.0
2364,20260728,5,5,24,replaceable,replaceable,0.0,0.0,0.0,,True,1e-08,0.30250000418163836,1.0000000000000002
2365,20260728,5,5,25,replaceable,replaceable,0.0,0.0,0.0,,True,1e-08,0.28610001027118415,0.9999999999999998
2366,20260728,5,5,26,replaceable,replaceable,0.0,0.0,0.0,,True,1e-08,0.28989999555051327,1.0
2367,20260728,5,5,27,replaceable,replaceable,0.0,0.0,0.0,,True,1e-08,0.28700000257231295,1.0000000000000002
2368,20260728,5,5,28,replaceable,replaceable,0.0,0.0,0.0,,True,1e-08,0.2862999972421676,0.9999999999999998
2369,20260728,5,5,29,replaceable,replaceable,0.0,0.0,0.0,,True,1e-08,0.28839999868068844,0.9999999999999998
2370,20260728,5,5,30,replaceable,replaceable,0.0,0.0,0.0,,True,1e-08,0.29290000384207815,0.9999999999999998
2371,20260728,5,5,31,replaceable,replaceable,0.0,0.0,0.0,,True,1e-08,0.2859999949578196,0.9999999999999999
2372,20260728,5,5,32,replaceable,replaceable,0.0,0.0,0.0,,True,1e-08,0.2834999904735014,1.0000000000000002
2373,20260728,5,5,33,replaceable,replaceable,0.0,0.0,0.0,,True,1e-08,0.2928000030806288,1.0000000000000002
2374,20260728,5,5,34,replaceable,replaceable,0.0,0.0,0.0,,True,1e-08,0.295300007564947,0.9999999999999999
2375,20260728,5,5,35,replaceable,replaceable,0.0,0.0,0.0,,True,1e-08,0.2960999991046265,0.9999999999999999
2376,20260728,5,5,36,replaceable,replaceable,0.0,0.0,0.0,,True,1e-08,0.29779999749735,1.0
2377,20260728,5,5,37,replaceable,replaceable,0.0,0.0,0.0,,True,1e-08,0.2817000058712438,1.0
2378,20260728,5,5,38,replaceable,replaceable,0.0,0.0,0.0,,True,1e-08,0.28469999961089343,1.0
2379,20260728,5,5,39,replaceable,replaceable,0.0,0.0,0.0,,True,1e-08,0.2908000024035573,0.9999999999999997
2380,20260728,5,5,40,replaceable,replaceable,0.0,0.0,0.0,,True,1e-08,0.28639999800361693,1.0
2381,20260728,5,5,41,replaceable,replaceable,0.0,0.0,0.0,,True,1e-08,0.28750000637955964,1.0
2382,20260728,5,5,42,replaceable,replaceable,0.0,0.0,0.0,,True,1e-08,0.2852000034181401,0.9999999999999998
2383,20260728,5,5,43,replaceable,replaceable,0.0,0.0,0.0,,True,1e-08,0.29919999360572547,1.0000000000000002
2384,20260728,5,5,44,replaceable,replaceable,0.0,0.0,0.0,,True,1e-08,0.28420001035556197,0.9999999999999998
2385,20260728,5,5,45,replaceable,replaceable,0.0,0.0,0.0,,True,1e-08,0.287600007141009,0.9999999999999999
2386,20260728,5,5,46,replaceable,replaceable,0.0,0.0,0.0,,True,1e-08,0.31790000502951443,1.0
2387,20260728,5,5,47,replaceable,replaceable,0.0,0.0,0.0,,True,1e-08,0.29799999902024865,1.0000000000000004
2388,20260728,5,5,48,replaceable,replaceable,0.0,0.0,0.0,,True,1e-08,0.30169999809004366,0.9999999999999999
2389,20260728,5,5,49,replaceable,replaceable,0.0,0.0,0.0,,True,1e-08,0.31149999995250255,1.0
2390,20260728,5,5,50,replaceable,replaceable,0.0,0.0,0.0,,True,1e-08,0.2851999888662249,0.9999999999999999
2391,20260728,5,5,51,replaceable,replaceable,0.0,0.0,0.0,,True,1e-08,0.2849000011337921,1.0000000000000002
2392,20260728,5,5,52,replaceable,replaceable,0.0,0.0,0.0,,True,1e-08,0.27889999910257757,1.0
2393,20260728,5,5,53,replaceable,replaceable,0.0,0.0,0.0,,True,1e-08,0.27659999614115804,1.0
2394,20260728,5,5,54,replaceable,replaceable,0.0,0.0,0.0,,True,1e-08,0.2843999973265454,0.9999999999999998
2395,20260728,5,5,55,replaceable,replaceable,0.0,0.0,0.0,,True,1e-08,0.28079999901819974,1.0000000000000002
2396,20260728,5,5,56,replaceable,replaceable,0.0,0.0,0.0,,True,1e-08,0.2840999950421974,1.0
2397,20260728,5,5,57,replaceable,replaceable,0.0,0.0,0.0,,True,1e-08,0.28310000197961926,1.0
2398,20260728,5,5,58,replaceable,replaceable,0.0,0.0,0.0,,True,1e-08,0.27850001060869545,1.0
2399,20260728,5,5,59,replaceable,replaceable,0.0,0.0,0.0,,True,1e-08,0.29999999969732016,1.0
2400,20260728,5,5,0,separable,separable,0.7328543530929359,0.0,,0.36642717654646795,True,1e-08,0.36279999767430127,1.0
2401,20260728,5,5,1,separable,separable,1.719283737340457,0.0,,0.8596418686702286,True,1e-08,0.36550000368151814,1.0
2402,20260728,5,5,2,separable,separable,1.1716463478741823,0.0,,0.5858231739370912,True,1e-08,0.35039999056607485,1.0
2403,20260728,5,5,3,separable,separable,1.55439507998967,0.0,,0.7771975399948349,True,1e-08,0.3319999959785491,1.0
2404,20260728,5,5,4,separable,separable,1.367354230111012,0.0,,0.683677115055506,True,1e-08,0.2891000040108338,1.0
2405,20260728,5,5,5,separable,separable,1.2224273485543058,0.0,,0.6112136742771529,True,1e-08,0.27689999842550606,1.0
2406,20260728,5,5,6,separable,separable,1.473137900649559,0.0,,0.7365689503247795,True,1e-08,0.29969999741297215,1.0
2407,20260728,5,5,7,separable,separable,1.6400497541447312,0.0,,0.8200248770723655,True,1e-08,0.33320000511594117,1.0
2408,20260728,5,5,8,separable,separable,1.1989889585252178,0.0,,0.5994944792626089,True,1e-08,0.2855000057024881,1.0
2409,20260728,5,5,9,separable,separable,1.4338690701154637,0.0,,0.716934535057732,True,1e-08,0.28229999588802457,1.0
2410,20260728,5,5,10,separable,separable,0.4732177123594843,0.0,,0.23660885617974214,True,1e-08,0.3651000006357208,1.0
2411,20260728,5,5,11,separable,separable,1.590398686259731,0.0,,0.7951993431298655,True,1e-08,0.29569999605882913,1.0
2412,20260728,5,5,12,separable,separable,1.5507620813080614,0.0,,0.7753810406540307,True,1e-08,0.4121000092709437,1.0
2413,20260728,5,5,13,separable,separable,1.2019807400209492,0.0,,0.6009903700104746,True,1e-08,0.44750000233761966,1.0
2414,20260728,5,5,14,separable,separable,1.3039907812881133,0.0,,0.6519953906440565,True,1e-08,0.41619999683462083,1.0
2415,20260728,5,5,15,separable,separable,0.35852171776046626,0.0,,0.17926085888023313,True,1e-08,0.39760000072419643,1.0
2416,20260728,5,5,16,separable,separable,0.5998850953403654,0.0,,0.2999425476701827,True,1e-08,0.39149999793153256,1.0
2417,20260728,5,5,17,separable,separable,0.2594786072614442,0.0,,0.12973930363072217,True,1e-08,0.3837999975075945,1.0
2418,20260728,5,5,18,separable,separable,1.2147561308640116,0.0,,0.6073780654320058,True,1e-08,0.36759999056812376,1.0
2419,20260728,5,5,19,separable,separable,0.7161205501454445,0.0,,0.3580602750727222,True,1e-08,0.3652000013971701,1.0
2420,20260728,5,5,20,separable,separable,1.4934610656227374,0.0,,0.7467305328113686,True,1e-08,0.3681999951368198,1.0
2421,20260728,5,5,21,separable,separable,1.330998048254453,0.0,,0.6654990241272265,True,1e-08,0.32500000088475645,1.0
2422,20260728,5,5,22,separable,separable,1.0612271808769402,0.0,,0.5306135904384701,True,1e-08,0.3041000018129125,1.0
2423,20260728,5,5,23,separable,separable,0.7696347194325461,0.0,,0.38481735971627307,True,1e-08,0.3704999980982393,1.0
2424,20260728,5,5,24,separable,separable,1.592830937071835,0.0,,0.7964154685359174,True,1e-08,0.37569999403785914,1.0
2425,20260728,5,5,25,separable,separable,0.8832864638014274,0.0,,0.44164323190071364,True,1e-08,0.38670000503771007,1.0
2426,20260728,5,5,26,separable,separable,0.725334596471657,0.0,,0.36266729823582844,True,1e-08,0.3693999897222966,1.0
2427,20260728,5,5,27,separable,separable,1.2830020450906863,0.0,,0.6415010225453431,True,1e-08,0.3404000017326325,1.0
2428,20260728,5,5,28,separable,separable,0.9235162219282865,0.0,,0.4617581109641433,True,1e-08,0.3536000003805384,1.0
2429,20260728,5,5,29,separable,separable,1.4689433900813906,0.0,,0.7344716950406953,True,1e-08,0.3015999973285943,1.0
2430,20260728,5,5,30,separable,separable,1.5873437800947716,0.0,,0.7936718900473859,True,1e-08,0.331600007484667,1.0
2431,20260728,5,5,31,separable,separable,1.4942195775861982,0.0,,0.7471097887930991,True,1e-08,0.33239999902434647,1.0
2432,20260728,5,5,32,separable,separable,1.6504794573954704,0.0,,0.8252397286977352,True,1e-08,0.35770000249613076,1.0
2433,20260728,5,5,33,separable,separable,1.3014866190461751,0.0,,0.6507433095230875,True,1e-08,0.32759999157860875,1.0
2434,20260728,5,5,34,separable,separable,1.0688198042135284,0.0,,0.5344099021067642,True,1e-08,0.35820000630337745,1.0
2435,20260728,5,5,35,separable,separable,1.2647251704598952,0.0,,0.6323625852299475,True,1e-08,0.2969999914057553,1.0
2436,20260728,5,5,36,separable,separable,0.7243223454148444,0.0,,0.3621611727074222,True,1e-08,0.3400999994482845,1.0
2437,20260728,5,5,37,separable,separable,1.2348732552539547,0.0,,0.6174366276269773,True,1e-08,0.3419999993639067,1.0
2438,20260728,5,5,38,separable,separable,1.2355909202486295,0.0,,0.6177954601243147,True,1e-08,0.2913999924203381,1.0
2439,20260728,5,5,39,separable,separable,1.2228337383262555,0.0,,0.6114168691631277,True,1e-08,0.3536000003805384,1.0
2440,20260728,5,5,40,separable,separable,1.2006806257633553,0.0,,0.6003403128816777,True,1e-08,0.3395999956410378,1.0
2441,20260728,5,5,41,separable,separable,1.4730285334009803,0.0,,0.7365142667004902,True,1e-08,0.33099998836405575,1.0
2442,20260728,5,5,42,separable,separable,1.464831027524681,0.0,,0.7324155137623405,True,1e-08,0.35030000435654074,1.0
2443,20260728,5,5,43,separable,separable,0.9749814426278636,0.0,,0.4874907213139317,True,1e-08,0.34869999217335135,1.0
2444,20260728,5,5,44,separable,separable,1.2836089428728406,0.0,,0.6418044714364203,True,1e-08,0.34779999987222254,1.0
2445,20260728,5,5,45,separable,separable,1.6189820835137578,0.0,,0.8094910417568788,True,1e-08,0.3496999997878447,1.0
2446,20260728,5,5,46,separable,separable,1.6504814739993923,0.0,,0.825240736999696,True,1e-08,0.2978000120492652,1.0
2447,20260728,5,5,47,separable,separable,1.2069148699408865,0.0,,0.6034574349704434,True,1e-08,0.28250001196283847,1.0
2448,20260728,5,5,48,separable,separable,1.193461633972294,0.0,,0.596730816986147,True,1e-08,0.2931000053649768,1.0
2449,20260728,5,5,49,separable,separable,1.0049997855237498,0.0,,0.5024998927618749,True,1e-08,0.3294000052846968,1.0
2450,20260728,5,5,50,separable,separable,1.6931859745853348,0.0,,0.8465929872926674,True,1e-08,0.34169999707955867,1.0
2451,20260728,5,5,51,separable,separable,1.3941952159341222,0.0,,0.6970976079670612,True,1e-08,0.34229998709633946,1.0
2452,20260728,5,5,52,separable,separable,0.8115079003279491,0.0,,0.4057539501639744,True,1e-08,0.3276999923400581,1.0
2453,20260728,5,5,53,separable,separable,1.4473577049119113,0.0,,0.7236788524559555,True,1e-08,0.2894999925047159,1.0
2454,20260728,5,5,54,separable,separable,1.394963939126408,0.0,,0.697481969563204,True,1e-08,0.27940000290982425,1.0
2455,20260728,5,5,55,separable,separable,1.3336978885268373,0.0,,0.6668489442634187,True,1e-08,0.3369000041857362,1.0
2456,20260728,5,5,56,separable,separable,0.8394379740986941,0.0,,0.4197189870493472,True,1e-08,0.3710999881150201,1.0
2457,20260728,5,5,57,separable,separable,1.1831634173104737,0.0,,0.5915817086552368,True,1e-08,0.39280000783037394,1.0
2458,20260728,5,5,58,separable,separable,1.151301634398084,0.0,,0.575650817199042,True,1e-08,0.3723999980138615,1.0
2459,20260728,5,5,59,separable,separable,1.6232121806924233,0.0,,0.8116060903462116,True,1e-08,0.32130000181496143,1.0
2460,20260728,5,5,0,near_boundary,separable,1.9999999997293332e-07,1e-07,,9.999999999940612e-08,True,1e-08,0.32139998802449554,1.0
2461,20260728,5,5,1,near_boundary,separable,1.9999999991099859e-07,1e-07,,9.999999999940612e-08,True,1e-08,0.30980000155977905,1.0
2462,20260728,5,5,2,near_boundary,separable,2.0000000003806888e-07,1e-07,,9.999999999940612e-08,True,1e-08,0.30860000697430223,1.0
2463,20260728,5,5,3,near_boundary,separable,1.9999999997889204e-07,1e-07,,9.999999999940612e-08,True,1e-08,0.2938000106951222,1.0000000000000002
2464,20260728,5,5,4,near_boundary,separable,2.000000000040164e-07,1e-07,,9.999999999940612e-08,True,1e-08,0.30339999648276716,1.0
2465,20260728,5,5,5,near_boundary,separable,2.0000000046234123e-07,1e-07,,9.999999999940612e-08,True,1e-08,0.2978000120492652,1.0
2466,20260728,5,5,6,near_boundary,separable,2.0000000005165307e-07,1e-07,,9.999999999940612e-08,True,1e-08,0.31540000054519624,1.0
2467,20260728,5,5,7,near_boundary,separable,2.0000000009151602e-07,1e-07,,9.999999999940612e-08,True,1e-08,0.3056999994441867,1.0000000000000002
2468,20260728,5,5,8,near_boundary,separable,1.9999999997932423e-07,1e-07,,9.999999999940612e-08,True,1e-08,0.2997999981744215,1.0
2469,20260728,5,5,9,near_boundary,separable,1.999999999854191e-07,1e-07,,9.999999999940612e-08,True,1e-08,0.37850000080652535,1.0
2470,20260728,5,5,10,near_boundary,separable,1.9999999995327792e-07,1e-07,,9.999999999940612e-08,True,1e-08,0.32560000545345247,1.0000000000000002
2471,20260728,5,5,11,near_boundary,separable,1.999999999804286e-07,1e-07,,9.999999999940612e-08,True,1e-08,0.3127999952994287,1.0
2472,20260728,5,5,12,near_boundary,separable,1.9999999999881224e-07,1e-07,,9.999999999940612e-08,True,1e-08,0.3037999995285645,1.0
2473,20260728,5,5,13,near_boundary,separable,1.999999999978506e-07,1e-07,,9.999999999940612e-08,True,1e-08,0.30949999927543104,1.0
2474,20260728,5,5,14,near_boundary,separable,2.000000000661566e-07,1e-07,,9.999999999940612e-08,True,1e-08,0.302100001135841,0.9999999999999998
2475,20260728,5,5,15,near_boundary,separable,2.0000000001118458e-07,1e-07,,9.999999999940612e-08,True,1e-08,0.294700002996251,1.0
2476,20260728,5,5,16,near_boundary,separable,2.0000000021865096e-07,1e-07,,9.999999999940612e-08,True,1e-08,0.30080000578891486,1.0
2477,20260728,5,5,17,near_boundary,separable,1.9999999996567054e-07,1e-07,,9.999999999940612e-08,True,1e-08,0.28819999715778977,1.0000000000000002
2478,20260728,5,5,18,near_boundary,separable,1.9999999992358002e-07,1e-07,,9.999999999940612e-08,True,1e-08,0.2947999892057851,1.0
2479,20260728,5,5,19,near_boundary,separable,2.0000000000228169e-07,1e-07,,9.999999999940612e-08,True,1e-08,0.3129999968223274,1.0
2480,20260728,5,5,20,near_boundary,separable,1.9999999999095352e-07,1e-07,,9.999999999940612e-08,True,1e-08,0.3085000062128529,1.0000000000000002
2481,20260728,5,5,21,near_boundary,separable,2.0000000000228169e-07,1e-07,,9.999999999940612e-08,True,1e-08,0.32139998802449554,1.0
2482,20260728,5,5,22,near_boundary,separable,2.0000000000692623e-07,1e-07,,9.999999999940612e-08,True,1e-08,0.30840000545140356,1.0000000000000002
2483,20260728,5,5,23,near_boundary,separable,2.0000000000336388e-07,1e-07,,9.999999999940612e-08,True,1e-08,0.3068999940296635,1.0
2484,20260728,5,5,24,near_boundary,separable,2.0000000003910634e-07,1e-07,,9.999999999940612e-08,True,1e-08,0.3164000081596896,1.0
2485,20260728,5,5,25,near_boundary,separable,2.0000000001424513e-07,1e-07,,1.0000000000287557e-07,True,1e-08,0.29839998751413077,1.0
2486,20260728,5,5,26,near_boundary,separable,2.000000001538361e-07,1e-07,,9.999999999940612e-08,True,1e-08,0.3130999975837767,0.9999999999999994
2487,20260728,5,5,27,near_boundary,separable,2.000000000270224e-07,1e-07,,9.999999999940612e-08,True,1e-08,0.31400000443682075,1.0
2488,20260728,5,5,28,near_boundary,separable,2.0000000000772755e-07,1e-07,,9.999999999940612e-08,True,1e-08,0.3023999888682738,1.0
2489,20260728,5,5,29,near_boundary,separable,2.0000000000177447e-07,1e-07,,9.999999999940612e-08,True,1e-08,0.2967999898828566,1.0
2490,20260728,5,5,30,near_boundary,separable,1.9999999996393703e-07,1e-07,,9.999999999940612e-08,True,1e-08,0.29570001061074436,1.0000000000000002
2491,20260728,5,5,31,near_boundary,separable,2.0000000002556593e-07,1e-07,,9.999999999940612e-08,True,1e-08,0.29999999969732016,1.0
2492,20260728,5,5,32,near_boundary,separable,1.9999999994344577e-07,1e-07,,9.999999999940612e-08,True,1e-08,0.2997999981744215,1.0
2493,20260728,5,5,33,near_boundary,separable,1.9999999990160436e-07,1e-07,,9.999999999940612e-08,True,1e-08,0.3173000004608184,1.0
2494,20260728,5,5,34,near_boundary,separable,1.9999999996602103e-07,1e-07,,9.999999999940612e-08,True,1e-08,0.2995000104419887,1.0000000000000002
2495,20260728,5,5,35,near_boundary,separable,2.0000000006134556e-07,1e-07,,9.999999999940612e-08,True,1e-08,0.2922999992733821,0.9999999999999999
2496,20260728,5,5,36,near_boundary,separable,2.0000000004171965e-07,1e-07,,9.999999999940612e-08,True,1e-08,0.29919999360572547,1.0
2497,20260728,5,5,37,near_boundary,separable,2.000000000410919e-07,1e-07,,9.999999999940612e-08,True,1e-08,0.29179999546613544,0.9999999999999999
2498,20260728,5,5,38,near_boundary,separable,2.0000000001955507e-07,1e-07,,1.0000000000287557e-07,True,1e-08,0.29399999766610563,1.0
2499,20260728,5,5,39,near_boundary,separable,1.9999999988888759e-07,1e-07,,9.999999999940612e-08,True,1e-08,0.3147000097669661,1.0000000000000009
2500,20260728,5,5,40,near_boundary,separable,2.0000000000228169e-07,1e-07,,9.999999999940612e-08,True,1e-08,0.2995000104419887,1.0
2501,20260728,5,5,41,near_boundary,separable,1.9999999997965198e-07,1e-07,,9.999999999940612e-08,True,1e-08,0.29630000062752515,0.9999999999999999
2502,20260728,5,5,42,near_boundary,separable,1.9999999996142386e-07,1e-07,,9.999999999940612e-08,True,1e-08,0.2961999998660758,1.0
2503,20260728,5,5,43,near_boundary,separable,2.0000000000726145e-07,1e-07,,9.999999999940612e-08,True,1e-08,0.30300000798888505,1.0
2504,20260728,5,5,44,near_boundary,separable,1.9999999990152098e-07,1e-07,,9.999999999940612e-08,True,1e-08,0.2978999982587993,1.0
2505,20260728,5,5,45,near_boundary,separable,1.9999999994695614e-07,1e-07,,9.999999999940612e-08,True,1e-08,0.36299999919719994,1.0000000000000002
2506,20260728,5,5,46,near_boundary,separable,2.0000000013636232e-07,1e-07,,9.999999999940612e-08,True,1e-08,0.3161999920848757,1.0
2507,20260728,5,5,47,near_boundary,separable,1.9999999986148882e-07,1e-07,,9.999999999940612e-08,True,1e-08,0.3108000091742724,1.0000000000000002
2508,20260728,5,5,48,near_boundary,separable,2.0000000000072775e-07,1e-07,,9.999999999940612e-08,True,1e-08,0.29889999132137746,1.0
2509,20260728,5,5,49,near_boundary,separable,2.0000000000228169e-07,1e-07,,9.999999999940612e-08,True,1e-08,0.30259999039117247,1.0
2510,20260728,5,5,50,near_boundary,separable,2.00000000322365e-07,1e-07,,9.999999999940612e-08,True,1e-08,0.30860000697430223,1.0
2511,20260728,5,5,51,near_boundary,separable,1.9999999994751177e-07,1e-07,,9.999999999940612e-08,True,1e-08,0.31909999961499125,1.0
2512,20260728,5,5,52,near_boundary,separable,2.000000000020137e-07,1e-07,,9.999999999940612e-08,True,1e-08,0.30559999868273735,1.0
2513,20260728,5,5,53,near_boundary,separable,2.0000000000382982e-07,1e-07,,9.999999999940612e-08,True,1e-08,0.308599992422387,1.0
2514,20260728,5,5,54,near_boundary,separable,2.0000000004347888e-07,1e-07,,9.999999999940612e-08,True,1e-08,0.2944999869214371,0.9999999999999999
2515,20260728,5,5,55,near_boundary,separable,2.000000000130308e-07,1e-07,,9.999999999940612e-08,True,1e-08,0.3034000110346824,0.9999999999999998
2516,20260728,5,5,56,near_boundary,separable,1.9999999998191928e-07,1e-07,,9.999999999940612e-08,True,1e-08,0.2933000068878755,1.0
2517,20260728,5,5,57,near_boundary,separable,1.9999999996356746e-07,1e-07,,9.999999999940612e-08,True,1e-08,0.304899993352592,0.9999999999999999
2518,20260728,5,5,58,near_boundary,separable,2.0000000001396735e-07,1e-07,,9.999999999940612e-08,True,1e-08,0.29710000671911985,1.0
2519,20260728,5,5,59,near_boundary,separable,1.99999999930043e-07,1e-07,,9.999999999940612e-08,True,1e-08,0.2960999991046265,1.0
2520,20260728,10,8,0,replaceable,replaceable,0.0,0.0,0.0,,True,1e-08,0.3635000030044466,0.9999999999999998
2521,20260728,10,8,1,replaceable,replaceable,0.0,0.0,0.0,,True,1e-08,0.35009998828172684,1.0
2522,20260728,10,8,2,replaceable,replaceable,0.0,0.0,0.0,,True,1e-08,0.3691000019898638,0.9999999999999999
2523,20260728,10,8,3,replaceable,replaceable,0.0,0.0,0.0,,True,1e-08,0.35930000012740493,1.0
2524,20260728,10,8,4,replaceable,replaceable,0.0,0.0,0.0,,True,1e-08,0.335300006554462,1.0000000000000004
2525,20260728,10,8,5,replaceable,replaceable,0.0,0.0,0.0,,True,1e-08,0.3400999994482845,1.0
2526,20260728,10,8,6,replaceable,replaceable,0.0,0.0,0.0,,True,1e-08,0.33059999987017363,1.0000000000000002
2527,20260728,10,8,7,replaceable,replaceable,0.0,0.0,0.0,,True,1e-08,0.3532000118866563,1.0000000000000004
2528,20260728,10,8,8,replaceable,replaceable,0.0,0.0,0.0,,True,1e-08,0.3772000054595992,1.0000000000000007
2529,20260728,10,8,9,replaceable,replaceable,0.0,0.0,0.0,,True,1e-08,0.36890000046696514,1.0
2530,20260728,10,8,10,replaceable,replaceable,0.0,0.0,0.0,,True,1e-08,0.35709999792743474,1.0000000000000002
2531,20260728,10,8,11,replaceable,replaceable,0.0,0.0,0.0,,True,1e-08,0.3527000080794096,1.0
2532,20260728,10,8,12,replaceable,replaceable,0.0,0.0,0.0,,True,1e-08,0.3600000054575503,1.0
2533,20260728,10,8,13,replaceable,replaceable,0.0,0.0,0.0,,True,1e-08,0.36299999919719994,1.0000000000000002
2534,20260728,10,8,14,replaceable,replaceable,0.0,0.0,0.0,,True,1e-08,0.3555000002961606,0.9999999999999998
2535,20260728,10,8,15,replaceable,replaceable,0.0,0.0,0.0,,True,1e-08,0.360800011549145,1.0000000000000002
2536,20260728,10,8,16,replaceable,replaceable,0.0,0.0,0.0,,True,1e-08,0.3479000006336719,1.0
2537,20260728,10,8,17,replaceable,replaceable,0.0,0.0,0.0,,True,1e-08,0.35170000046491623,1.0000000000000002
2538,20260728,10,8,18,replaceable,replaceable,0.0,0.0,0.0,,True,1e-08,0.36640001053456217,1.0
2539,20260728,10,8,19,replaceable,replaceable,0.0,0.0,0.0,,True,1e-08,0.3708000003825873,0.9999999999999999
2540,20260728,10,8,20,replaceable,replaceable,0.0,0.0,0.0,,True,1e-08,0.35379998735152185,1.0
2541,20260728,10,8,21,replaceable,replaceable,0.0,0.0,0.0,,True,1e-08,0.35400000342633575,1.0000000000000004
2542,20260728,10,8,22,replaceable,replaceable,0.0,0.0,0.0,,True,1e-08,0.3580999909900129,1.0
2543,20260728,10,8,23,replaceable,replaceable,0.0,0.0,0.0,,True,1e-08,0.3622999938670546,1.0000000000000002
2544,20260728,10,8,24,replaceable,replaceable,0.0,0.0,0.0,,True,1e-08,0.3581000055419281,1.0
2545,20260728,10,8,25,replaceable,replaceable,0.0,0.0,0.0,,True,1e-08,0.34640000376384705,0.9999999999999997
2546,20260728,10,8,26,replaceable,replaceable,0.0,0.0,0.0,,True,1e-08,0.34860000596381724,0.9999999999999996
2547,20260728,10,8,27,replaceable,replaceable,0.0,0.0,0.0,,True,1e-08,0.3527000080794096,1.0
2548,20260728,10,8,28,replaceable,replaceable,0.0,0.0,0.0,,True,1e-08,0.35509999725036323,1.0000000000000002
2549,20260728,10,8,29,replaceable,replaceable,0.0,0.0,0.0,,True,1e-08,0.36800000816583633,0.9999999999999998
2550,20260728,10,8,30,replaceable,replaceable,0.0,0.0,0.0,,True,1e-08,0.3507999936118722,1.0
2551,20260728,10,8,31,replaceable,replaceable,0.0,0.0,0.0,,True,1e-08,0.3482000029180199,1.0
2552,20260728,10,8,32,replaceable,replaceable,0.0,0.0,0.0,,True,1e-08,0.34410000080242753,1.0
2553,20260728,10,8,33,replaceable,replaceable,0.0,0.0,0.0,,True,1e-08,0.3431000077398494,1.0
2554,20260728,10,8,34,replaceable,replaceable,0.0,0.0,0.0,,True,1e-08,0.3426999901421368,0.9999999999999998
2555,20260728,10,8,35,replaceable,replaceable,0.0,0.0,0.0,,True,1e-08,0.35400000342633575,1.0
2556,20260728,10,8,36,replaceable,replaceable,0.0,0.0,0.0,,True,1e-08,0.3367000026628375,0.9999999999999999
2557,20260728,10,8,37,replaceable,replaceable,0.0,0.0,0.0,,True,1e-08,0.33480000274721533,1.0
2558,20260728,10,8,38,replaceable,replaceable,0.0,0.0,0.0,,True,1e-08,0.34050000249408185,0.9999999999999993
2559,20260728,10,8,39,replaceable,replaceable,0.0,0.0,0.0,,True,1e-08,0.35740000021178275,1.0000000000000002
2560,20260728,10,8,40,replaceable,replaceable,0.0,0.0,0.0,,True,1e-08,0.3564999933587387,1.0
2561,20260728,10,8,41,replaceable,replaceable,0.0,0.0,0.0,,True,1e-08,0.34449998929630965,0.9999999999999999
2562,20260728,10,8,42,replaceable,replaceable,0.0,0.0,0.0,,True,1e-08,0.35090000892523676,1.0000000000000002
2563,20260728,10,8,43,replaceable,replaceable,0.0,0.0,0.0,,True,1e-08,0.3392000071471557,1.0
2564,20260728,10,8,44,replaceable,replaceable,0.0,0.0,0.0,,True,1e-08,0.3507000074023381,1.0000000000000002
2565,20260728,10,8,45,replaceable,replaceable,0.0,0.0,0.0,,True,1e-08,0.34890000824816525,1.0
2566,20260728,10,8,46,replaceable,replaceable,0.0,0.0,0.0,,True,1e-08,0.3466000052867457,1.0000000000000004
2567,20260728,10,8,47,replaceable,replaceable,0.0,0.0,0.0,,True,1e-08,0.34610000147949904,1.0
2568,20260728,10,8,48,replaceable,replaceable,0.0,0.0,0.0,,True,1e-08,0.3400999994482845,1.0000000000000002
2569,20260728,10,8,49,replaceable,replaceable,0.0,0.0,0.0,,True,1e-08,0.5593999958364293,1.0
2570,20260728,10,8,50,replaceable,replaceable,0.0,0.0,0.0,,True,1e-08,0.5462999979499727,1.0
2571,20260728,10,8,51,replaceable,replaceable,0.0,0.0,0.0,,True,1e-08,0.3868000057991594,1.0000000000000002
2572,20260728,10,8,52,replaceable,replaceable,0.0,0.0,0.0,,True,1e-08,0.37480000173673034,1.0000000000000002
2573,20260728,10,8,53,replaceable,replaceable,0.0,0.0,0.0,,True,1e-08,0.3941000031773001,1.0000000000000002
2574,20260728,10,8,54,replaceable,replaceable,0.0,0.0,0.0,,True,1e-08,0.36249999538995326,0.9999999999999999
2575,20260728,10,8,55,replaceable,replaceable,0.0,0.0,0.0,,True,1e-08,0.35289999505039304,0.9999999999999999
2576,20260728,10,8,56,replaceable,replaceable,0.0,0.0,0.0,,True,1e-08,0.35339999885763973,1.0
2577,20260728,10,8,57,replaceable,replaceable,0.0,0.0,0.0,,True,1e-08,0.3443000023253262,0.9999999999999996
2578,20260728,10,8,58,replaceable,replaceable,0.0,0.0,0.0,,True,1e-08,0.3618000046117231,0.9999999999999997
2579,20260728,10,8,59,replaceable,replaceable,0.0,0.0,0.0,,True,1e-08,0.3476999991107732,1.0
2580,20260728,10,8,0,separable,separable,1.60267444701193,0.0,,0.8013372235059648,True,1e-08,0.42579999717418104,1.0
2581,20260728,10,8,1,separable,separable,1.5970799719851612,0.0,,0.7985399859925807,True,1e-08,0.342100000125356,1.0
2582,20260728,10,8,2,separable,separable,1.3438485549531693,0.0,,0.6719242774765847,True,1e-08,0.3355999942868948,1.0
2583,20260728,10,8,3,separable,separable,1.710873401061956,0.0,,0.855436700530978,True,1e-08,0.40010000520851463,1.0
2584,20260728,10,8,4,separable,separable,1.596682867937066,0.0,,0.7983414339685329,True,1e-08,0.38729999505449086,1.0
2585,20260728,10,8,5,separable,separable,1.153005600742405,0.0,,0.5765028003712025,True,1e-08,0.37819999852217734,1.0
2586,20260728,10,8,6,separable,separable,1.4508918938608957,0.0,,0.7254459469304478,True,1e-08,0.3419999993639067,1.0
2587,20260728,10,8,7,separable,separable,1.5430841384342706,0.0,,0.7715420692171353,True,1e-08,0.37039999733678997,1.0
2588,20260728,10,8,8,separable,separable,1.6626590929133884,0.0,,0.831329546456694,True,1e-08,0.33260000054724514,1.0
2589,20260728,10,8,9,separable,separable,1.5523133920205896,0.0,,0.776156696010295,True,1e-08,0.3673999890452251,1.0
2590,20260728,10,8,10,separable,separable,1.3134182623506003,0.0,,0.6567091311753002,True,1e-08,0.33719999191816896,1.0
2591,20260728,10,8,11,separable,separable,1.4898931017838994,0.0,,0.7449465508919497,True,1e-08,0.3259999939473346,1.0
2592,20260728,10,8,12,separable,separable,1.1946877317074858,0.0,,0.5973438658537428,True,1e-08,0.36530000215861946,1.0
2593,20260728,10,8,13,separable,separable,1.6543777694027277,0.0,,0.8271888847013639,True,1e-08,0.3868000057991594,1.0
2594,20260728,10,8,14,separable,separable,1.1184059500641437,0.0,,0.5592029750320718,True,1e-08,0.3772999916691333,1.0
2595,20260728,10,8,15,separable,separable,1.560068082240904,0.0,,0.780034041120452,True,1e-08,0.31769998895470053,1.0
2596,20260728,10,8,16,separable,separable,1.2929499512529563,0.0,,0.6464749756264784,True,1e-08,0.3606999962357804,1.0
2597,20260728,10,8,17,separable,separable,1.7319485116964435,0.0,,0.8659742558482219,True,1e-08,0.3288000007160008,1.0
2598,20260728,10,8,18,separable,separable,1.456512170461029,0.0,,0.7282560852305147,True,1e-08,0.3791999915847555,1.0
2599,20260728,10,8,19,separable,separable,1.5146622737657347,0.0,,0.7573311368828672,True,1e-08,0.36669999826699495,1.0
2600,20260728,10,8,20,separable,separable,1.3846207740692176,0.0,,0.6923103870346088,True,1e-08,0.31790000502951443,1.0
2601,20260728,10,8,21,separable,separable,1.379595958044066,0.0,,0.689797979022033,True,1e-08,0.31800000579096377,1.0
2602,20260728,10,8,22,separable,separable,1.6634130313619249,0.0,,0.8317065156809624,True,1e-08,0.37259999953676015,1.0
2603,20260728,10,8,23,separable,separable,1.63348065013414,0.0,,0.81674032506707,True,1e-08,0.3163999936077744,1.0
2604,20260728,10,8,24,separable,separable,1.6857813464617006,0.0,,0.8428906732308503,True,1e-08,0.381499994546175,1.0
2605,20260728,10,8,25,separable,separable,1.6636543203667038,0.0,,0.8318271601833519,True,1e-08,0.3711000026669353,1.0
2606,20260728,10,8,26,separable,separable,1.4791988066411936,0.0,,0.7395994033205968,True,1e-08,0.3581999917514622,1.0
2607,20260728,10,8,27,separable,separable,1.6585169683710361,0.0,,0.829258484185518,True,1e-08,0.3605999954743311,1.0
2608,20260728,10,8,28,separable,separable,1.222994091240051,0.0,,0.6114970456200255,True,1e-08,0.3588999970816076,1.0
2609,20260728,10,8,29,separable,separable,1.7410956945046203,0.0,,0.8705478472523103,True,1e-08,0.375000003259629,1.0
2610,20260728,10,8,30,separable,separable,1.4811752606716768,0.0,,0.7405876303358385,True,1e-08,0.3235000040149316,1.0
2611,20260728,10,8,31,separable,separable,1.4984138215155645,0.0,,0.7492069107577823,True,1e-08,0.3623000084189698,1.0
2612,20260728,10,8,32,separable,separable,1.389004944910221,0.0,,0.6945024724551105,True,1e-08,0.38329999370034784,1.0
2613,20260728,10,8,33,separable,separable,1.6395095390545227,0.0,,0.8197547695272615,True,1e-08,0.37650000012945384,1.0
2614,20260728,10,8,34,separable,separable,1.5052318209329014,0.0,,0.7526159104664507,True,1e-08,0.39400000241585076,1.0
2615,20260728,10,8,35,separable,separable,1.6347224890315333,0.0,,0.8173612445157665,True,1e-08,0.3806000022450462,1.0
2616,20260728,10,8,36,separable,separable,1.7127956255266736,0.0,,0.8563978127633367,True,1e-08,0.37039999733678997,1.0
2617,20260728,10,8,37,separable,separable,1.5400743123438696,0.0,,0.7700371561719347,True,1e-08,0.3549999964889139,1.0
2618,20260728,10,8,38,separable,separable,1.0147049662143608,0.0,,0.5073524831071805,True,1e-08,0.32079999800771475,1.0
2619,20260728,10,8,39,separable,separable,1.7455476511538714,0.0,,0.8727738255769358,True,1e-08,0.3660000074887648,1.0
2620,20260728,10,8,40,separable,separable,1.536214768472983,0.0,,0.7681073842364914,True,1e-08,0.36360000376589596,1.0
2621,20260728,10,8,41,separable,separable,1.6420450670531763,0.0,,0.8210225335265882,True,1e-08,0.34440000308677554,1.0
2622,20260728,10,8,42,separable,separable,1.576316884422635,0.0,,0.7881584422113176,True,1e-08,0.33460000122431666,1.0
2623,20260728,10,8,43,separable,separable,1.6869752969948661,0.0,,0.843487648497433,True,1e-08,0.32369999098591506,1.0
2624,20260728,10,8,44,separable,separable,1.5963884754919326,0.0,,0.7981942377459664,True,1e-08,0.3358999965712428,1.0
2625,20260728,10,8,45,separable,separable,1.4559498146581216,0.0,,0.7279749073290607,True,1e-08,0.37399999564513564,1.0
2626,20260728,10,8,46,separable,separable,1.3769255719958529,0.0,,0.6884627859979264,True,1e-08,0.3262000100221485,1.0
2627,20260728,10,8,47,separable,separable,1.659482919513594,0.0,,0.8297414597567969,True,1e-08,0.3527000080794096,1.0
2628,20260728,10,8,48,separable,separable,1.6453533506071965,0.0,,0.8226766753035982,True,1e-08,0.36189999082125723,1.0
2629,20260728,10,8,49,separable,separable,1.7853652424562454,0.0,,0.8926826212281227,True,1e-08,0.3932999970857054,1.0
2630,20260728,10,8,50,separable,separable,1.3661677433213384,0.0,,0.6830838716606693,True,1e-08,0.3727000002982095,1.0
2631,20260728,10,8,51,separable,separable,1.2179528029245175,0.0,,0.6089764014622587,True,1e-08,0.3167000104440376,1.0
2632,20260728,10,8,52,separable,separable,1.4855577115000436,0.0,,0.7427788557500217,True,1e-08,0.35790000401902944,1.0
2633,20260728,10,8,53,separable,separable,1.7193686762105678,0.0,,0.859684338105284,True,1e-08,0.370699999621138,1.0
2634,20260728,10,8,54,separable,separable,1.4975062532962864,0.0,,0.7487531266481431,True,1e-08,0.37390000943560153,1.0
2635,20260728,10,8,55,separable,separable,1.2754890853636762,0.0,,0.6377445426818382,True,1e-08,0.32169999030884355,1.0
2636,20260728,10,8,56,separable,separable,1.471404019835834,0.0,,0.735702009917917,True,1e-08,0.32720000308472663,1.0
2637,20260728,10,8,57,separable,separable,1.632470646020762,0.0,,0.816235323010381,True,1e-08,0.31060000765137374,1.0
2638,20260728,10,8,58,separable,separable,1.467361996945329,0.0,,0.7336809984726644,True,1e-08,0.3051000094274059,1.0
2639,20260728,10,8,59,separable,separable,1.1623813667730476,0.0,,0.5811906833865237,True,1e-08,0.3549000102793798,1.0
2640,20260728,10,8,0,near_boundary,separable,1.9999999996673372e-07,1e-07,,9.999999999940612e-08,True,1e-08,0.36279999767430127,1.0
2641,20260728,10,8,1,near_boundary,separable,1.999999999988122e-07,1e-07,,9.999999999940612e-08,True,1e-08,0.3310999891255051,1.0
2642,20260728,10,8,2,near_boundary,separable,2.0000000002816905e-07,1e-07,,9.999999999940612e-08,True,1e-08,0.3395999956410378,1.0
2643,20260728,10,8,3,near_boundary,separable,1.9999999999714766e-07,1e-07,,9.999999999940612e-08,True,1e-08,0.34919999598059803,1.0000000000000002
2644,20260728,10,8,4,near_boundary,separable,2.0000000001752844e-07,1e-07,,9.999999999940612e-08,True,1e-08,0.33099998836405575,0.9999999999999999
2645,20260728,10,8,5,near_boundary,separable,2.000000000074965e-07,1e-07,,9.999999999940612e-08,True,1e-08,0.35489999572746456,1.0000000000000002
2646,20260728,10,8,6,near_boundary,separable,1.999999999910523e-07,1e-07,,9.999999999940612e-08,True,1e-08,0.3386000025784597,1.0000000000000004
2647,20260728,10,8,7,near_boundary,separable,2.0000000000096002e-07,1e-07,,9.999999999940612e-08,True,1e-08,0.33629999961704016,1.0
2648,20260728,10,8,8,near_boundary,separable,2.0000000004083958e-07,1e-07,,9.999999999940612e-08,True,1e-08,0.34109999251086265,0.9999999999999996
2649,20260728,10,8,9,near_boundary,separable,2.0000000000345499e-07,1e-07,,9.999999999940612e-08,True,1e-08,0.3462999884504825,1.0
2650,20260728,10,8,10,near_boundary,separable,2.0000000000294e-07,1e-07,,9.999999999940612e-08,True,1e-08,0.33340000663883984,1.0
2651,20260728,10,8,11,near_boundary,separable,1.9999999999746906e-07,1e-07,,9.999999999940612e-08,True,1e-08,0.3281999961473048,0.9999999999999998
2652,20260728,10,8,12,near_boundary,separable,1.9999999999529673e-07,1e-07,,9.999999999940612e-08,True,1e-08,0.32669999927747995,0.9999999999999999
2653,20260728,10,8,13,near_boundary,separable,1.9999999999881224e-07,1e-07,,9.999999999940612e-08,True,1e-08,0.3273999900557101,1.0
2654,20260728,10,8,14,near_boundary,separable,2.0000000000507e-07,1e-07,,9.999999999940612e-08,True,1e-08,0.3358999965712428,1.0
2655,20260728,10,8,15,near_boundary,separable,1.999999999988123e-07,1e-07,,9.999999999940612e-08,True,1e-08,0.3508000081637874,1.0
2656,20260728,10,8,16,near_boundary,separable,1.999999999957455e-07,1e-07,,9.999999999940612e-08,True,1e-08,0.344899992342107,1.0
2657,20260728,10,8,17,near_boundary,separable,2.0000000000260038e-07,1e-07,,9.999999999940612e-08,True,1e-08,0.33239999902434647,1.0
2658,20260728,10,8,18,near_boundary,separable,2.000000000008961e-07,1e-07,,9.999999999940612e-08,True,1e-08,0.34359999699518085,1.0
2659,20260728,10,8,19,near_boundary,separable,2.0000000000990556e-07,1e-07,,9.999999999940612e-08,True,1e-08,0.3400999994482845,0.9999999999999999
2660,20260728,10,8,20,near_boundary,separable,1.999999999860984e-07,1e-07,,9.999999999940612e-08,True,1e-08,0.3403000009711832,1.0
2661,20260728,10,8,21,near_boundary,separable,2.0000000001541692e-07,1e-07,,9.999999999940612e-08,True,1e-08,0.3239999932702631,1.0
2662,20260728,10,8,22,near_boundary,separable,2.0000000000094406e-07,1e-07,,9.999999999940612e-08,True,1e-08,0.4132000030949712,0.9999999999999999
2663,20260728,10,8,23,near_boundary,separable,1.9999999956545345e-07,1e-07,,9.999999999940612e-08,True,1e-08,0.3549999964889139,1.0000000000000047
2664,20260728,10,8,24,near_boundary,separable,2.0000000001204136e-07,1e-07,,9.999999999940612e-08,True,1e-08,0.33769999572541565,0.9999999999999999
2665,20260728,10,8,25,near_boundary,separable,1.9999999998201282e-07,1e-07,,9.999999999940612e-08,True,1e-08,0.3529000096023083,0.9999999999999998
2666,20260728,10,8,26,near_boundary,separable,2.0000000000228169e-07,1e-07,,9.999999999940612e-08,True,1e-08,0.3443000023253262,1.0
2667,20260728,10,8,27,near_boundary,separable,2.0000000000406136e-07,1e-07,,9.999999999940612e-08,True,1e-08,0.3496999997878447,1.0
2668,20260728,10,8,28,near_boundary,separable,2.000000000268945e-07,1e-07,,9.999999999940612e-08,True,1e-08,0.33850000181701034,1.0
2669,20260728,10,8,29,near_boundary,separable,2.0000000000262394e-07,1e-07,,9.999999999940612e-08,True,1e-08,0.3462000022409484,1.0000000000000002
2670,20260728,10,8,30,near_boundary,separable,2.000000000033196e-07,1e-07,,9.999999999940612e-08,True,1e-08,0.3482000029180199,1.0
2671,20260728,10,8,31,near_boundary,separable,2.0000000000852813e-07,1e-07,,9.999999999940612e-08,True,1e-08,0.34380001306999475,1.0
2672,20260728,10,8,32,near_boundary,separable,1.9999999999881224e-07,1e-07,,9.999999999940612e-08,True,1e-08,0.3235000040149316,1.0
2673,20260728,10,8,33,near_boundary,separable,1.9999999999881224e-07,1e-07,,9.999999999940612e-08,True,1e-08,0.34300000697840005,1.0
2674,20260728,10,8,34,near_boundary,separable,2.0000000001694187e-07,1e-07,,9.999999999940612e-08,True,1e-08,0.332200012053363,1.0
2675,20260728,10,8,35,near_boundary,separable,2.0000000000054696e-07,1e-07,,9.999999999940612e-08,True,1e-08,0.32839999767020345,1.0
2676,20260728,10,8,36,near_boundary,separable,1.9999999999979347e-07,1e-07,,9.999999999940612e-08,True,1e-08,0.3298999945400283,1.0
2677,20260728,10,8,37,near_boundary,separable,2.0000000000510014e-07,1e-07,,9.999999999940612e-08,True,1e-08,0.33140000596176833,1.0000000000000002
2678,20260728,10,8,38,near_boundary,separable,2.0000000003539668e-07,1e-07,,9.999999999940612e-08,True,1e-08,0.34589999995660037,1.0000000000000002
2679,20260728,10,8,39,near_boundary,separable,1.9999999999650765e-07,1e-07,,9.999999999940612e-08,True,1e-08,0.33460000122431666,1.0
2680,20260728,10,8,40,near_boundary,separable,2.0000000000091084e-07,1e-07,,9.999999999940612e-08,True,1e-08,0.33850000181701034,1.0000000000000002
2681,20260728,10,8,41,near_boundary,separable,1.9999999989693067e-07,1e-07,,9.999999999940612e-08,True,1e-08,0.345499996910803,1.0000000000000007
2682,20260728,10,8,42,near_boundary,separable,1.999999999949979e-07,1e-07,,9.999999999940612e-08,True,1e-08,0.3336000081617385,1.0
2683,20260728,10,8,43,near_boundary,separable,1.9999999999881227e-07,1e-07,,9.999999999940612e-08,True,1e-08,0.32219999411609024,1.0
2684,20260728,10,8,44,near_boundary,separable,1.999999999883477e-07,1e-07,,9.999999999940612e-08,True,1e-08,0.32529998861718923,1.0
2685,20260728,10,8,45,near_boundary,separable,1.9999999997928988e-07,1e-07,,9.999999999940612e-08,True,1e-08,0.3299000090919435,1.0
2686,20260728,10,8,46,near_boundary,separable,2.0000000000318764e-07,1e-07,,9.999999999940612e-08,True,1e-08,0.32619999547023326,1.0
2687,20260728,10,8,47,near_boundary,separable,1.9999999995526596e-07,1e-07,,9.999999999940612e-08,True,1e-08,0.33769999572541565,1.0000000000000002
2688,20260728,10,8,48,near_boundary,separable,1.9999999995510523e-07,1e-07,,9.999999999940612e-08,True,1e-08,0.33760000951588154,1.0000000000000002
2689,20260728,10,8,49,near_boundary,separable,1.9999999993993162e-07,1e-07,,9.999999999940612e-08,True,1e-08,0.3471000090939924,1.0000000000000002
2690,20260728,10,8,50,near_boundary,separable,1.999999999917889e-07,1e-07,,9.999999999940612e-08,True,1e-08,0.3372000064700842,0.9999999999999998
2691,20260728,10,8,51,near_boundary,separable,2.000000000060215e-07,1e-07,,9.999999999940612e-08,True,1e-08,0.3327000013086945,1.0000000000000002
2692,20260728,10,8,52,near_boundary,separable,1.9999999999530282e-07,1e-07,,9.999999999940612e-08,True,1e-08,0.3625999961514026,0.9999999999999998
2693,20260728,10,8,53,near_boundary,separable,1.9999999999078922e-07,1e-07,,9.999999999940612e-08,True,1e-08,0.34729999606497586,1.0000000000000002
2694,20260728,10,8,54,near_boundary,separable,1.9999999998965745e-07,1e-07,,9.999999999940612e-08,True,1e-08,0.3252000024076551,1.0
2695,20260728,10,8,55,near_boundary,separable,2.0000000000228169e-07,1e-07,,9.999999999940612e-08,True,1e-08,0.3257999924244359,1.0
2696,20260728,10,8,56,near_boundary,separable,1.999999999826787e-07,1e-07,,9.999999999940612e-08,True,1e-08,0.3355000080773607,0.9999999999999998
2697,20260728,10,8,57,near_boundary,separable,2.00000000005946e-07,1e-07,,9.999999999940612e-08,True,1e-08,0.3333999920869246,1.0
2698,20260728,10,8,58,near_boundary,separable,2.000000000006924e-07,1e-07,,9.999999999940612e-08,True,1e-08,0.32900000223889947,1.0
2699,20260728,10,8,59,near_boundary,separable,2.0000000000545094e-07,1e-07,,9.999999999940612e-08,True,1e-08,0.3281999961473048,1.0
2700,20260728,20,12,0,replaceable,replaceable,0.0,0.0,0.0,,True,1e-08,0.5058999959146604,1.0000000000000004
2701,20260728,20,12,1,replaceable,replaceable,0.0,0.0,0.0,,True,1e-08,0.496899985591881,1.0000000000000002
2702,20260728,20,12,2,replaceable,replaceable,0.0,0.0,0.0,,True,1e-08,0.4861000052187592,0.9999999999999999
2703,20260728,20,12,3,replaceable,replaceable,0.0,0.0,0.0,,True,1e-08,0.46120000479277223,0.9999999999999999
2704,20260728,20,12,4,replaceable,replaceable,0.0,0.0,0.0,,True,1e-08,0.473700012662448,1.0
2705,20260728,20,12,5,replaceable,replaceable,0.0,0.0,0.0,,True,1e-08,0.4907000111415982,0.9999999999999999
2706,20260728,20,12,6,replaceable,replaceable,0.0,0.0,0.0,,True,1e-08,0.4924000095343217,0.9999999999999998
2707,20260728,20,12,7,replaceable,replaceable,0.0,0.0,0.0,,True,1e-08,0.4405999934533611,1.0000000000000004
2708,20260728,20,12,8,replaceable,replaceable,0.0,0.0,0.0,,True,1e-08,0.46710000606253743,1.0000000000000002
2709,20260728,20,12,9,replaceable,replaceable,0.0,0.0,0.0,,True,1e-08,0.48660000902600586,1.0000000000000002
2710,20260728,20,12,10,replaceable,replaceable,0.0,0.0,0.0,,True,1e-08,0.45849999878555536,1.0000000000000004
2711,20260728,20,12,11,replaceable,replaceable,0.0,0.0,0.0,,True,1e-08,0.4594000056385994,1.0
2712,20260728,20,12,12,replaceable,replaceable,0.0,0.0,0.0,,True,1e-08,0.45530000352300704,1.0000000000000002
2713,20260728,20,12,13,replaceable,replaceable,0.0,0.0,0.0,,True,1e-08,0.45590000809170306,0.9999999999999996
2714,20260728,20,12,14,replaceable,replaceable,0.0,0.0,0.0,,True,1e-08,0.46039999870117754,0.9999999999999999
2715,20260728,20,12,15,replaceable,replaceable,0.0,0.0,0.0,,True,1e-08,0.4315999976824969,1.0
2716,20260728,20,12,16,replaceable,replaceable,0.0,0.0,0.0,,True,1e-08,0.4369999951450154,1.0
2717,20260728,20,12,17,replaceable,replaceable,0.0,0.0,0.0,,True,1e-08,0.4737999988719821,1.0000000000000002
2718,20260728,20,12,18,replaceable,replaceable,0.0,0.0,0.0,,True,1e-08,0.4562999965855852,0.9999999999999997
2719,20260728,20,12,19,replaceable,replaceable,0.0,0.0,0.0,,True,1e-08,0.4614000063156709,0.9999999999999999
2720,20260728,20,12,20,replaceable,replaceable,0.0,0.0,0.0,,True,1e-08,0.46349999320227653,1.000000000000001
2721,20260728,20,12,21,replaceable,replaceable,0.0,0.0,0.0,,True,1e-08,0.44580000394489616,1.0
2722,20260728,20,12,22,replaceable,replaceable,0.0,0.0,0.0,,True,1e-08,0.4737999988719821,1.0
2723,20260728,20,12,23,replaceable,replaceable,0.0,0.0,0.0,,True,1e-08,0.4434000002220273,0.9999999999999998
2724,20260728,20,12,24,replaceable,replaceable,0.0,0.0,0.0,,True,1e-08,0.4368999943835661,1.0000000000000002
2725,20260728,20,12,25,replaceable,replaceable,0.0,0.0,0.0,,True,1e-08,0.4558000073302537,1.0000000000000002
2726,20260728,20,12,26,replaceable,replaceable,0.0,0.0,0.0,,True,1e-08,0.47310000809375197,0.9999999999999999
2727,20260728,20,12,27,replaceable,replaceable,0.0,0.0,0.0,,True,1e-08,0.45530000352300704,1.0
2728,20260728,20,12,28,replaceable,replaceable,0.0,0.0,0.0,,True,1e-08,0.47169999743346125,0.999999999999999
2729,20260728,20,12,29,replaceable,replaceable,0.0,0.0,0.0,,True,1e-08,0.447300000814721,1.0000000000000002
2730,20260728,20,12,30,replaceable,replaceable,0.0,0.0,0.0,,True,1e-08,0.45279999903868884,1.0
2731,20260728,20,12,31,replaceable,replaceable,0.0,0.0,0.0,,True,1e-08,0.47169999743346125,0.9999999999999998
2732,20260728,20,12,32,replaceable,replaceable,0.0,0.0,0.0,,True,1e-08,0.45470001350622624,0.9999999999999998
2733,20260728,20,12,33,replaceable,replaceable,0.0,0.0,0.0,,True,1e-08,0.45399999362416565,1.0000000000000002
2734,20260728,20,12,34,replaceable,replaceable,0.0,0.0,0.0,,True,1e-08,0.487900004372932,1.0
2735,20260728,20,12,35,replaceable,replaceable,0.0,0.0,0.0,,True,1e-08,0.45419999514706433,0.9999999999999998
2736,20260728,20,12,36,replaceable,replaceable,0.0,0.0,0.0,,True,1e-08,0.45169999066274613,1.0
2737,20260728,20,12,37,replaceable,replaceable,0.0,0.0,0.0,,True,1e-08,0.45530000352300704,0.9999999999999997
2738,20260728,20,12,38,replaceable,replaceable,0.0,0.0,0.0,,True,1e-08,0.4552000027615577,1.0
2739,20260728,20,12,39,replaceable,replaceable,0.0,0.0,0.0,,True,1e-08,0.4793000116478652,1.0000000000000002
2740,20260728,20,12,40,replaceable,replaceable,0.0,0.0,0.0,,True,1e-08,0.44210000487510115,1.0000000000000002
2741,20260728,20,12,41,replaceable,replaceable,0.0,0.0,0.0,,True,1e-08,0.454399996669963,1.0000000000000004
2742,20260728,20,12,42,replaceable,replaceable,0.0,0.0,0.0,,True,1e-08,0.4732999950647354,1.0
2743,20260728,20,12,43,replaceable,replaceable,0.0,0.0,0.0,,True,1e-08,0.4751000087708235,0.9999999999999997
2744,20260728,20,12,44,replaceable,replaceable,0.0,0.0,0.0,,True,1e-08,0.49700000090524554,1.0000000000000002
2745,20260728,20,12,45,replaceable,replaceable,0.0,0.0,0.0,,True,1e-08,0.47220000124070793,0.9999999999999999
2746,20260728,20,12,46,replaceable,replaceable,0.0,0.0,0.0,,True,1e-08,0.450999999884516,1.0000000000000002
2747,20260728,20,12,47,replaceable,replaceable,0.0,0.0,0.0,,True,1e-08,0.44389998947735876,1.0
2748,20260728,20,12,48,replaceable,replaceable,0.0,0.0,0.0,,True,1e-08,0.454099994385615,0.9999999999999998
2749,20260728,20,12,49,replaceable,replaceable,0.0,0.0,0.0,,True,1e-08,0.4397000011522323,1.0
2750,20260728,20,12,50,replaceable,replaceable,0.0,0.0,0.0,,True,1e-08,0.46300000394694507,1.0000000000000002
2751,20260728,20,12,51,replaceable,replaceable,0.0,0.0,0.0,,True,1e-08,0.46409999777097255,1.0
2752,20260728,20,12,52,replaceable,replaceable,0.0,0.0,0.0,,True,1e-08,0.447300000814721,1.0000000000000004
2753,20260728,20,12,53,replaceable,replaceable,0.0,0.0,0.0,,True,1e-08,0.44920000073034316,0.9999999999999998
2754,20260728,20,12,54,replaceable,replaceable,0.0,0.0,0.0,,True,1e-08,0.4575000057229772,1.0000000000000002
2755,20260728,20,12,55,replaceable,replaceable,0.0,0.0,0.0,,True,1e-08,0.44770000386051834,1.0
2756,20260728,20,12,56,replaceable,replaceable,0.0,0.0,0.0,,True,1e-08,0.44160000106785446,1.0000000000000002
2757,20260728,20,12,57,replaceable,replaceable,0.0,0.0,0.0,,True,1e-08,0.45170000521466136,1.0000000000000018
2758,20260728,20,12,58,replaceable,replaceable,0.0,0.0,0.0,,True,1e-08,0.4360000020824373,1.0000000000000002
2759,20260728,20,12,59,replaceable,replaceable,0.0,0.0,0.0,,True,1e-08,0.4397000011522323,1.0
2760,20260728,20,12,0,separable,separable,1.8120871414847912,0.0,,0.9060435707423956,True,1e-08,0.447600003099069,1.0
2761,20260728,20,12,1,separable,separable,1.7473900770179087,0.0,,0.8736950385089545,True,1e-08,0.4425000079208985,1.0
2762,20260728,20,12,2,separable,separable,1.6719936606273624,0.0,,0.835996830313681,True,1e-08,0.45179999142419547,1.0
2763,20260728,20,12,3,separable,separable,1.6874419214734369,0.0,,0.8437209607367187,True,1e-08,0.45190000673756003,1.0
2764,20260728,20,12,4,separable,separable,1.7737082930420833,0.0,,0.8868541465210419,True,1e-08,0.43059999006800354,1.0
2765,20260728,20,12,5,separable,separable,1.7505090716246607,0.0,,0.8752545358123307,True,1e-08,0.42469998879823834,1.0
2766,20260728,20,12,6,separable,separable,1.5488073556693367,0.0,,0.7744036778346685,True,1e-08,0.38949999725446105,1.0
2767,20260728,20,12,7,separable,separable,1.6744496407083291,0.0,,0.8372248203541643,True,1e-08,0.3856000112136826,1.0
2768,20260728,20,12,8,separable,separable,1.7692908846329365,0.0,,0.8846454423164682,True,1e-08,0.4346999921835959,1.0
2769,20260728,20,12,9,separable,separable,1.4372676428857492,0.0,,0.7186338214428746,True,1e-08,0.3907999926013872,1.0
2770,20260728,20,12,10,separable,separable,1.790933184295196,0.0,,0.8954665921475982,True,1e-08,0.43400000140536577,1.0
2771,20260728,20,12,11,separable,separable,1.6171210894494512,0.0,,0.8085605447247256,True,1e-08,0.39489999471697956,1.0
2772,20260728,20,12,12,separable,separable,1.7147874323628574,0.0,,0.8573937161814287,True,1e-08,0.45149998913984746,1.0
2773,20260728,20,12,13,separable,separable,1.7481075056760946,0.0,,0.8740537528380472,True,1e-08,0.4236999957356602,1.0
2774,20260728,20,12,14,separable,separable,1.804276475904193,0.0,,0.9021382379520965,True,1e-08,0.38180001138243824,1.0
2775,20260728,20,12,15,separable,separable,1.7394883253939992,0.0,,0.8697441626969997,True,1e-08,0.42070000199601054,1.0
2776,20260728,20,12,16,separable,separable,1.7356461477645098,0.0,,0.867823073882255,True,1e-08,0.4358000005595386,1.0
2777,20260728,20,12,17,separable,separable,1.6971459563291809,0.0,,0.8485729781645905,True,1e-08,0.42890000622719526,1.0
2778,20260728,20,12,18,separable,separable,1.5752782328041748,0.0,,0.7876391164020875,True,1e-08,0.4496000037761405,1.0
2779,20260728,20,12,19,separable,separable,1.6948257225522207,0.0,,0.8474128612761104,True,1e-08,0.37989999691490084,1.0
2780,20260728,20,12,20,separable,separable,1.862789601682354,0.0,,0.9313948008411772,True,1e-08,0.44350000098347664,1.0
2781,20260728,20,12,21,separable,separable,1.6919141020960775,0.0,,0.8459570510480388,True,1e-08,0.45620001037605107,1.0
2782,20260728,20,12,22,separable,separable,1.621589975755923,0.0,,0.8107949878779614,True,1e-08,0.4259999986970797,1.0
2783,20260728,20,12,23,separable,separable,1.6580019264147823,0.0,,0.8290009632073911,True,1e-08,0.3882000019075349,1.0
2784,20260728,20,12,24,separable,separable,1.7788478843925708,0.0,,0.8894239421962853,True,1e-08,0.3907999926013872,1.0
2785,20260728,20,12,25,separable,separable,1.603713520572401,0.0,,0.8018567602862003,True,1e-08,0.38359999598469585,1.0
2786,20260728,20,12,26,separable,separable,1.7043194541392503,0.0,,0.8521597270696251,True,1e-08,0.42570001096464694,1.0
2787,20260728,20,12,27,separable,separable,1.6515022801046038,0.0,,0.8257511400523019,True,1e-08,0.44120001257397234,1.0
2788,20260728,20,12,28,separable,separable,1.7930538036875425,0.0,,0.8965269018437713,True,1e-08,0.4329999937908724,1.0
2789,20260728,20,12,29,separable,separable,1.823924765908665,0.0,,0.9119623829543324,True,1e-08,0.4363999905763194,1.0
2790,20260728,20,12,30,separable,separable,1.7767943810682474,0.0,,0.8883971905341237,True,1e-08,0.4437000025063753,1.0
2791,20260728,20,12,31,separable,separable,1.667694682396919,0.0,,0.8338473411984595,True,1e-08,0.42329999268986285,1.0
2792,20260728,20,12,32,separable,separable,1.5660379427401916,0.0,,0.7830189713700958,True,1e-08,0.42379999649710953,1.0
2793,20260728,20,12,33,separable,separable,1.76286881237579,0.0,,0.8814344061878954,True,1e-08,0.41909998981282115,1.0
2794,20260728,20,12,34,separable,separable,1.6896285889880875,0.0,,0.8448142944940439,True,1e-08,0.3882000019075349,1.0
2795,20260728,20,12,35,separable,separable,1.7082790085687491,0.0,,0.8541395042843747,True,1e-08,0.41960000817198306,1.0
2796,20260728,20,12,36,separable,separable,1.7149624689693619,0.0,,0.8574812344846809,True,1e-08,0.3915999986929819,1.0
2797,20260728,20,12,37,separable,separable,1.6622622724115528,0.0,,0.8311311362057765,True,1e-08,0.43400000140536577,1.0
2798,20260728,20,12,38,separable,separable,1.6811944411774657,0.0,,0.840597220588733,True,1e-08,0.43420000292826444,1.0
2799,20260728,20,12,39,separable,separable,1.8175316759496383,0.0,,0.9087658379748191,True,1e-08,0.45590000809170306,1.0
2800,20260728,20,12,40,separable,separable,1.691400369841976,0.0,,0.8457001849209879,True,1e-08,0.38409999979194254,1.0
2801,20260728,20,12,41,separable,separable,1.8428829536257767,0.0,,0.9214414768128882,True,1e-08,0.4290000069886446,1.0
2802,20260728,20,12,42,separable,separable,1.4986497706842459,0.0,,0.7493248853421229,True,1e-08,0.3974999999627471,1.0
2803,20260728,20,12,43,separable,separable,1.8208357922501568,0.0,,0.9104178961250784,True,1e-08,0.43620000360533595,1.0
2804,20260728,20,12,44,separable,separable,1.8264183849308904,0.0,,0.9132091924654451,True,1e-08,0.42129999201279134,1.0
2805,20260728,20,12,45,separable,separable,1.8350064226921408,0.0,,0.9175032113460704,True,1e-08,0.4347000067355111,1.0
2806,20260728,20,12,46,separable,separable,1.7435200968757716,0.0,,0.8717600484378858,True,1e-08,0.42050000047311187,1.0
2807,20260728,20,12,47,separable,separable,1.8149759742797484,0.0,,0.9074879871398744,True,1e-08,0.43230000301264226,1.0
2808,20260728,20,12,48,separable,separable,1.502821873228458,0.0,,0.7514109366142289,True,1e-08,0.39149999793153256,1.0
2809,20260728,20,12,49,separable,separable,1.6298868648550484,0.0,,0.8149434324275242,True,1e-08,0.4265000025043264,1.0
2810,20260728,20,12,50,separable,separable,1.827214968426718,0.0,,0.913607484213359,True,1e-08,0.42529999336693436,1.0
2811,20260728,20,12,51,separable,separable,1.6542671024006244,0.0,,0.8271335512003121,True,1e-08,0.3964000061387196,1.0
2812,20260728,20,12,52,separable,separable,1.7462786873494751,0.0,,0.8731393436747377,True,1e-08,0.4330000083427876,1.0
2813,20260728,20,12,53,separable,separable,1.6375326375001584,0.0,,0.8187663187500791,True,1e-08,0.4091000009793788,1.0
2814,20260728,20,12,54,separable,separable,1.7447340137173684,0.0,,0.8723670068586842,True,1e-08,0.3974999999627471,1.0
2815,20260728,20,12,55,separable,separable,1.7877457589998338,0.0,,0.893872879499917,True,1e-08,0.4276999970898032,1.0
2816,20260728,20,12,56,separable,separable,1.7950299376160475,0.0,,0.8975149688080236,True,1e-08,0.4358999867690727,1.0
2817,20260728,20,12,57,separable,separable,1.7305355861261162,0.0,,0.865267793063058,True,1e-08,0.44519999937620014,1.0
2818,20260728,20,12,58,separable,separable,1.8584635584422569,0.0,,0.9292317792211284,True,1e-08,0.43650000588968396,1.0
2819,20260728,20,12,59,separable,separable,1.8203139438113114,0.0,,0.9101569719056558,True,1e-08,0.4228000034345314,1.0
2820,20260728,20,12,0,near_boundary,separable,1.9999999996567218e-07,1e-07,,9.999999999940612e-08,True,1e-08,0.43759999971371144,1.0000000000000004
2821,20260728,20,12,1,near_boundary,separable,2.000000000017756e-07,1e-07,,9.999999999940612e-08,True,1e-08,0.41319998854305595,1.0
2822,20260728,20,12,2,near_boundary,separable,1.9999999999965686e-07,1e-07,,9.999999999940612e-08,True,1e-08,0.42209999810438603,0.9999999999999999
2823,20260728,20,12,3,near_boundary,separable,1.9999999999641143e-07,1e-07,,9.999999999940612e-08,True,1e-08,0.41449999844189733,1.0
2824,20260728,20,12,4,near_boundary,separable,1.9999999999809348e-07,1e-07,,9.999999999940612e-08,True,1e-08,0.44160000106785446,0.9999999999999984
2825,20260728,20,12,5,near_boundary,separable,1.9999999999215496e-07,1e-07,,9.999999999940612e-08,True,1e-08,0.43289999302942306,1.0
2826,20260728,20,12,6,near_boundary,separable,2.0000000000702692e-07,1e-07,,9.999999999940612e-08,True,1e-08,0.42520000715740025,1.0
2827,20260728,20,12,7,near_boundary,separable,2.0000000001533806e-07,1e-07,,9.999999999940612e-08,True,1e-08,0.4388000088511035,1.0000000000000002
2828,20260728,20,12,8,near_boundary,separable,1.9999999999373597e-07,1e-07,,9.999999999940612e-08,True,1e-08,0.410699998610653,1.0000000000000002
2829,20260728,20,12,9,near_boundary,separable,1.9999999999709583e-07,1e-07,,9.999999999940612e-08,True,1e-08,0.43149999692104757,0.9999999999999984
2830,20260728,20,12,10,near_boundary,separable,1.9999999999687762e-07,1e-07,,9.999999999940612e-08,True,1e-08,0.4284000024199486,1.0000000000000002
2831,20260728,20,12,11,near_boundary,separable,2.0000000000275237e-07,1e-07,,9.999999999940612e-08,True,1e-08,0.4138000076636672,0.9999999999999998
2832,20260728,20,12,12,near_boundary,separable,2.0000000000622243e-07,1e-07,,9.999999999940612e-08,True,1e-08,0.42440000106580555,1.0000000000000002
2833,20260728,20,12,13,near_boundary,separable,2.0000000008359455e-07,1e-07,,9.999999999940612e-08,True,1e-08,0.43530001130420715,0.9999999999999989
2834,20260728,20,12,14,near_boundary,separable,1.9999999999881224e-07,1e-07,,9.999999999940612e-08,True,1e-08,0.4192999913357198,1.0
2835,20260728,20,12,15,near_boundary,separable,2.000000001407658e-07,1e-07,,9.999999999940612e-08,True,1e-08,0.44920000073034316,1.0000000000000007
2836,20260728,20,12,16,near_boundary,separable,1.9999999999187335e-07,1e-07,,9.999999999940612e-08,True,1e-08,0.4378000012366101,1.0
2837,20260728,20,12,17,near_boundary,separable,2.0000000000075462e-07,1e-07,,9.999999999940612e-08,True,1e-08,0.41039999632630497,0.9999999999999999
2838,20260728,20,12,18,near_boundary,separable,1.9999999999280884e-07,1e-07,,9.999999999940612e-08,True,1e-08,0.4380000027595088,0.9999999999999978
2839,20260728,20,12,19,near_boundary,separable,1.9999999998341138e-07,1e-07,,9.999999999940612e-08,True,1e-08,0.40750000334810466,1.0
2840,20260728,20,12,20,near_boundary,separable,2.0000000000228169e-07,1e-07,,9.999999999940612e-08,True,1e-08,0.40889999945648015,1.0
2841,20260728,20,12,21,near_boundary,separable,1.9999999999936506e-07,1e-07,,9.999999999940612e-08,True,1e-08,0.40360000275541097,0.9999999999999996
2842,20260728,20,12,22,near_boundary,separable,2.0000000000918532e-07,1e-07,,9.999999999940612e-08,True,1e-08,0.4304000030970201,1.0
2843,20260728,20,12,23,near_boundary,separable,2.0000000000391696e-07,1e-07,,9.999999999940612e-08,True,1e-08,0.4292000085115433,1.0
2844,20260728,20,12,24,near_boundary,separable,2.0000000000228169e-07,1e-07,,9.999999999940612e-08,True,1e-08,0.42240000038873404,1.0
2845,20260728,20,12,25,near_boundary,separable,1.9999999998213728e-07,1e-07,,9.999999999940612e-08,True,1e-08,0.42889999167528003,0.9999999999999998
2846,20260728,20,12,26,near_boundary,separable,1.9999999998994447e-07,1e-07,,9.999999999940612e-08,True,1e-08,0.4346999921835959,0.9999999999999999
2847,20260728,20,12,27,near_boundary,separable,1.9999999999881227e-07,1e-07,,9.999999999940612e-08,True,1e-08,0.43739999819081277,1.0
2848,20260728,20,12,28,near_boundary,separable,1.9999999998607985e-07,1e-07,,9.999999999940612e-08,True,1e-08,0.44550000166054815,0.9999999999999999
2849,20260728,20,12,29,near_boundary,separable,1.9999999998866801e-07,1e-07,,9.999999999940612e-08,True,1e-08,0.4262999864295125,1.0000000000000002
2850,20260728,20,12,30,near_boundary,separable,1.9999999990606004e-07,1e-07,,9.999999999940612e-08,True,1e-08,0.4464999947231263,0.9999999999999998
2851,20260728,20,12,31,near_boundary,separable,2.0000000001924728e-07,1e-07,,9.999999999940612e-08,True,1e-08,0.44690001232083887,0.9999999999999998
2852,20260728,20,12,32,near_boundary,separable,2.0000000000219402e-07,1e-07,,9.999999999940612e-08,True,1e-08,0.42130000656470656,1.0
2853,20260728,20,12,33,near_boundary,separable,2.0000000001140145e-07,1e-07,,9.999999999940612e-08,True,1e-08,0.4202999989502132,0.9999999999999999
2854,20260728,20,12,34,near_boundary,separable,2.0000000001053102e-07,1e-07,,9.999999999940612e-08,True,1e-08,0.4217000096105039,0.9999999999999998
2855,20260728,20,12,35,near_boundary,separable,1.9999999999566194e-07,1e-07,,9.999999999940612e-08,True,1e-08,0.42469998879823834,1.0
2856,20260728,20,12,36,near_boundary,separable,2.000000000156618e-07,1e-07,,9.999999999940612e-08,True,1e-08,0.40669999725650996,0.9999999999999999
2857,20260728,20,12,37,near_boundary,separable,1.9999999998888602e-07,1e-07,,9.999999999940612e-08,True,1e-08,0.40869999793358147,1.0
2858,20260728,20,12,38,near_boundary,separable,1.9999999999871446e-07,1e-07,,9.999999999940612e-08,True,1e-08,0.40530000114813447,1.0
2859,20260728,20,12,39,near_boundary,separable,2.00000000002887e-07,1e-07,,9.999999999940612e-08,True,1e-08,0.4132000030949712,0.9999999999999999
2860,20260728,20,12,40,near_boundary,separable,2.0000000002024583e-07,1e-07,,9.999999999940612e-08,True,1e-08,0.4197999951429665,1.0
2861,20260728,20,12,41,near_boundary,separable,1.9999999999683174e-07,1e-07,,9.999999999940612e-08,True,1e-08,0.41229999624192715,1.0
2862,20260728,20,12,42,near_boundary,separable,2.0000000000850796e-07,1e-07,,9.999999999940612e-08,True,1e-08,0.42640000174287707,1.0
2863,20260728,20,12,43,near_boundary,separable,1.999999999846372e-07,1e-07,,9.999999999940612e-08,True,1e-08,0.4298999992897734,1.0000000000000002
2864,20260728,20,12,44,near_boundary,separable,1.9999999999803122e-07,1e-07,,9.999999999940612e-08,True,1e-08,0.42910000775009394,1.0000000000000002
2865,20260728,20,12,45,near_boundary,separable,2.0000000000070557e-07,1e-07,,9.999999999940612e-08,True,1e-08,0.41969999438151717,0.9999999999999998
2866,20260728,20,12,46,near_boundary,separable,2.0000000002280217e-07,1e-07,,9.999999999940612e-08,True,1e-08,0.41140000394079834,1.0
2867,20260728,20,12,47,near_boundary,separable,2.0000000000487202e-07,1e-07,,9.999999999940612e-08,True,1e-08,0.41449999844189733,1.0
2868,20260728,20,12,48,near_boundary,separable,1.9999999998894907e-07,1e-07,,9.999999999940612e-08,True,1e-08,0.4270000063115731,1.0
2869,20260728,20,12,49,near_boundary,separable,1.9999999988794073e-07,1e-07,,9.999999999940612e-08,True,1e-08,0.4599999956553802,0.9999999999999993
2870,20260728,20,12,50,near_boundary,separable,1.9999999999881224e-07,1e-07,,9.999999999940612e-08,True,1e-08,0.4275999963283539,1.0
2871,20260728,20,12,51,near_boundary,separable,1.9999999996216006e-07,1e-07,,9.999999999940612e-08,True,1e-08,0.4285000031813979,1.0000000000000004
2872,20260728,20,12,52,near_boundary,separable,2.0000000002288796e-07,1e-07,,9.999999999940612e-08,True,1e-08,0.4228999896440655,1.0000000000000002
2873,20260728,20,12,53,near_boundary,separable,1.9999999999731378e-07,1e-07,,9.999999999940612e-08,True,1e-08,0.43060000461991876,0.9999999999999993
2874,20260728,20,12,54,near_boundary,separable,1.999999999771482e-07,1e-07,,9.999999999940612e-08,True,1e-08,0.4101999948034063,0.9999999999999998
2875,20260728,20,12,55,near_boundary,separable,1.9999999999881219e-07,1e-07,,9.999999999940612e-08,True,1e-08,0.40520000038668513,1.0
2876,20260728,20,12,56,near_boundary,separable,2.000000000037758e-07,1e-07,,9.999999999940612e-08,True,1e-08,0.41319998854305595,1.0
2877,20260728,20,12,57,near_boundary,separable,1.9999999997573737e-07,1e-07,,9.999999999940612e-08,True,1e-08,0.4358000005595386,1.0000000000000033
2878,20260728,20,12,58,near_boundary,separable,2.0000000001456054e-07,1e-07,,9.999999999940612e-08,True,1e-08,0.4354999982751906,0.9999999999999998
2879,20260728,20,12,59,near_boundary,separable,2.0000000000575116e-07,1e-07,,9.999999999940612e-08,True,1e-08,0.4217000096105039,1.0
2880,20260729,3,4,0,replaceable,replaceable,0.0,0.0,0.0,,True,1e-08,0.30699999479111284,1.0
2881,20260729,3,4,1,replaceable,replaceable,0.0,0.0,0.0,,True,1e-08,0.2965000021504238,0.9999999999999999
2882,20260729,3,4,2,replaceable,replaceable,0.0,0.0,0.0,,True,1e-08,0.30050000350456685,0.9999999999999998
2883,20260729,3,4,3,replaceable,replaceable,0.0,0.0,0.0,,True,1e-08,0.2832000027410686,0.9999999999999998
2884,20260729,3,4,4,replaceable,replaceable,0.0,0.0,0.0,,True,1e-08,0.298400002066046,1.0000000000000002
2885,20260729,3,4,5,replaceable,replaceable,0.0,0.0,0.0,,True,1e-08,0.2989000058732927,0.9999999999999996
2886,20260729,3,4,6,replaceable,replaceable,0.0,0.0,0.0,,True,1e-08,0.2906000008806586,1.0000000000000002
2887,20260729,3,4,7,replaceable,replaceable,0.0,0.0,0.0,,True,1e-08,0.27409999165683985,1.0
2888,20260729,3,4,8,replaceable,replaceable,0.0,0.0,0.0,,True,1e-08,0.2815999905578792,1.0
2889,20260729,3,4,9,replaceable,replaceable,0.0,0.0,0.0,,True,1e-08,0.2812000020639971,1.0000000000000002
2890,20260729,3,4,10,replaceable,replaceable,0.0,0.0,0.0,,True,1e-08,0.2860999957192689,0.9999999999999998
2891,20260729,3,4,11,replaceable,replaceable,0.0,0.0,0.0,,True,1e-08,0.28449999808799475,1.0
2892,20260729,3,4,12,replaceable,replaceable,0.0,0.0,0.0,,True,1e-08,0.27150000096298754,1.0
2893,20260729,3,4,13,replaceable,replaceable,0.0,0.0,0.0,,True,1e-08,0.27010000485461205,0.9999999999999998
2894,20260729,3,4,14,replaceable,replaceable,0.0,0.0,0.0,,True,1e-08,0.28500000189524144,1.0
2895,20260729,3,4,15,replaceable,replaceable,0.0,0.0,0.0,,True,1e-08,0.3079000016441569,0.9999999999999999
2896,20260729,3,4,16,replaceable,replaceable,0.0,0.0,0.0,,True,1e-08,0.2815000043483451,1.0000000000000009
2897,20260729,3,4,17,replaceable,replaceable,0.0,0.0,0.0,,True,1e-08,0.27319999935571104,1.0
2898,20260729,3,4,18,replaceable,replaceable,0.0,0.0,0.0,,True,1e-08,0.28229999588802457,1.0000000000000002
2899,20260729,3,4,19,replaceable,replaceable,0.0,0.0,0.0,,True,1e-08,0.2953999937744811,1.0
2900,20260729,3,4,20,replaceable,replaceable,0.0,0.0,0.0,,True,1e-08,0.27820000832434744,1.0
2901,20260729,3,4,21,replaceable,replaceable,0.0,0.0,0.0,,True,1e-08,0.2823999966494739,1.0
2902,20260729,3,4,22,replaceable,replaceable,0.0,0.0,0.0,,True,1e-08,0.301799998851493,1.0
2903,20260729,3,4,23,replaceable,replaceable,0.0,0.0,0.0,,True,1e-08,0.2964000013889745,0.9999999999999998
2904,20260729,3,4,24,replaceable,replaceable,0.0,0.0,0.0,,True,1e-08,0.27629999385681003,1.0
2905,20260729,3,4,25,replaceable,replaceable,0.0,0.0,0.0,,True,1e-08,0.26870000874623656,0.9999999999999999
2906,20260729,3,4,26,replaceable,replaceable,0.0,0.0,0.0,,True,1e-08,0.26980000257026404,1.0
2907,20260729,3,4,27,replaceable,replaceable,0.0,0.0,0.0,,True,1e-08,0.2705999941099435,1.0
2908,20260729,3,4,28,replaceable,replaceable,0.0,0.0,0.0,,True,1e-08,0.2893999917432666,0.9999999999999998
2909,20260729,3,4,29,replaceable,replaceable,0.0,0.0,0.0,,True,1e-08,0.27709999994840473,1.0
2910,20260729,3,4,30,replaceable,replaceable,0.0,0.0,0.0,,True,1e-08,0.27740000223275274,1.0
2911,20260729,3,4,31,replaceable,replaceable,0.0,0.0,0.0,,True,1e-08,0.27150000096298754,1.0
2912,20260729,3,4,32,replaceable,replaceable,0.0,0.0,0.0,,True,1e-08,0.26559999969322234,0.9999999999999999
2913,20260729,3,4,33,replaceable,replaceable,0.0,0.0,0.0,,True,1e-08,0.27150000096298754,1.0
2914,20260729,3,4,34,replaceable,replaceable,0.0,0.0,0.0,,True,1e-08,0.26699999580159783,1.0000000000000002
2915,20260729,3,4,35,replaceable,replaceable,0.0,0.0,0.0,,True,1e-08,0.2938000106951222,1.0
2916,20260729,3,4,36,replaceable,replaceable,0.0,0.0,0.0,,True,1e-08,0.2762000076472759,1.0
2917,20260729,3,4,37,replaceable,replaceable,0.0,0.0,0.0,,True,1e-08,0.28310000197961926,1.0
2918,20260729,3,4,38,replaceable,replaceable,0.0,0.0,0.0,,True,1e-08,0.2845999988494441,1.0000000000000002
2919,20260729,3,4,39,replaceable,replaceable,0.0,0.0,0.0,,True,1e-08,0.2697000018088147,0.9999999999999998
2920,20260729,3,4,40,replaceable,replaceable,0.0,0.0,0.0,,True,1e-08,0.26810000417754054,0.9999999999999998
2921,20260729,3,4,41,replaceable,replaceable,0.0,0.0,0.0,,True,1e-08,0.28199999360367656,1.0
2922,20260729,3,4,42,replaceable,replaceable,0.0,0.0,0.0,,True,1e-08,0.2826999989338219,1.0000000000000049
2923,20260729,3,4,43,replaceable,replaceable,0.0,0.0,0.0,,True,1e-08,0.2663000050233677,0.9999999999999999
2924,20260729,3,4,44,replaceable,replaceable,0.0,0.0,0.0,,True,1e-08,0.265499998931773,1.0000000000000002
2925,20260729,3,4,45,replaceable,replaceable,0.0,0.0,0.0,,True,1e-08,0.26559999969322234,1.0
2926,20260729,3,4,46,replaceable,replaceable,0.0,0.0,0.0,,True,1e-08,0.2640000020619482,1.0
2927,20260729,3,4,47,replaceable,replaceable,0.0,0.0,0.0,,True,1e-08,0.2668999950401485,0.9999999999999998
2928,20260729,3,4,48,replaceable,replaceable,0.0,0.0,0.0,,True,1e-08,0.27639999461825937,1.0
2929,20260729,3,4,49,replaceable,replaceable,0.0,0.0,0.0,,True,1e-08,0.28649999876506627,0.9999999999999998
2930,20260729,3,4,50,replaceable,replaceable,0.0,0.0,0.0,,True,1e-08,0.2914000069722533,0.9999999999999999
2931,20260729,3,4,51,replaceable,replaceable,0.0,0.0,0.0,,True,1e-08,0.28469999961089343,1.0000000000000002
2932,20260729,3,4,52,replaceable,replaceable,0.0,0.0,0.0,,True,1e-08,0.2995999966515228,1.0
2933,20260729,3,4,53,replaceable,replaceable,0.0,0.0,0.0,,True,1e-08,0.2826999989338219,0.9999999999999998
2934,20260729,3,4,54,replaceable,replaceable,0.0,0.0,0.0,,True,1e-08,0.265800001216121,1.0
2935,20260729,3,4,55,replaceable,replaceable,0.0,0.0,0.0,,True,1e-08,0.28339998971205205,1.0000000000000002
2936,20260729,3,4,56,replaceable,replaceable,0.0,0.0,0.0,,True,1e-08,0.2789999998640269,1.0
2937,20260729,3,4,57,replaceable,replaceable,0.0,0.0,0.0,,True,1e-08,0.30759999935980886,1.0000000000000002
2938,20260729,3,4,58,replaceable,replaceable,0.0,0.0,0.0,,True,1e-08,0.27720000070985407,1.0
2939,20260729,3,4,59,replaceable,replaceable,0.0,0.0,0.0,,True,1e-08,0.27990000671707094,1.0
2940,20260729,3,4,0,separable,separable,1.182403627457219,0.0,,0.5912018137286095,True,1e-08,0.3406000032555312,1.0
2941,20260729,3,4,1,separable,separable,1.3428157768228912,0.0,,0.6714078884114456,True,1e-08,0.29930000891909003,1.0
2942,20260729,3,4,2,separable,separable,0.31350158066083594,0.0,,0.15675079033041805,True,1e-08,0.35820000630337745,1.0
2943,20260729,3,4,3,separable,separable,1.0936828652059243,0.0,,0.5468414326029621,True,1e-08,0.33400001120753586,1.0
2944,20260729,3,4,4,separable,separable,1.3206094817357616,0.0,,0.6603047408678808,True,1e-08,0.28119998751208186,1.0
2945,20260729,3,4,5,separable,separable,0.5021927183380716,0.0,,0.25109635916903583,True,1e-08,0.3254000039305538,1.0
2946,20260729,3,4,6,separable,separable,0.8011044856687553,0.0,,0.4005522428343776,True,1e-08,0.3235000040149316,1.0
2947,20260729,3,4,7,separable,separable,0.8891308899375387,0.0,,0.4445654449687694,True,1e-08,0.3338999958941713,1.0
2948,20260729,3,4,8,separable,separable,0.4804715030568867,0.0,,0.24023575152844334,True,1e-08,0.32449999707750976,1.0
2949,20260729,3,4,9,separable,separable,0.8321450963113651,0.0,,0.4160725481556825,True,1e-08,0.3181000065524131,1.0
2950,20260729,3,4,10,separable,separable,0.47375010319200084,0.0,,0.23687505159600042,True,1e-08,0.33510000503156334,1.0
2951,20260729,3,4,11,separable,separable,0.4974954871919976,0.0,,0.24874774359599883,True,1e-08,0.32959999225568026,1.0
2952,20260729,3,4,12,separable,separable,0.6975759497162234,0.0,,0.34878797485811175,True,1e-08,0.32449999707750976,1.0
2953,20260729,3,4,13,separable,separable,0.23106773545057063,0.0,,0.11553386772528529,True,1e-08,0.3141000051982701,1.0
2954,20260729,3,4,14,separable,separable,1.0580924284932218,0.0,,0.529046214246611,True,1e-08,0.31370000215247273,1.0
2955,20260729,3,4,15,separable,separable,0.9570620588314489,0.0,,0.47853102941572445,True,1e-08,0.32300000020768493,1.0
2956,20260729,3,4,16,separable,separable,1.4343749429912434,0.0,,0.7171874714956217,True,1e-08,0.32449999707750976,1.0
2957,20260729,3,4,17,separable,separable,0.44709407131055406,0.0,,0.223547035655277,True,1e-08,0.3178000042680651,1.0
2958,20260729,3,4,18,separable,separable,0.4477244528380805,0.0,,0.2238622264190402,True,1e-08,0.3352000057930127,1.0
2959,20260729,3,4,19,separable,separable,0.7940502635055929,0.0,,0.3970251317527965,True,1e-08,0.33790001180022955,1.0
2960,20260729,3,4,20,separable,separable,1.601811314316138,0.0,,0.8009056571580692,True,1e-08,0.2874000056181103,1.0
2961,20260729,3,4,21,separable,separable,0.769627160551871,0.0,,0.3848135802759355,True,1e-08,0.2793000021483749,1.0
2962,20260729,3,4,22,separable,separable,0.2582686117130225,0.0,,0.1291343058565113,True,1e-08,0.3164000081596896,1.0
2963,20260729,3,4,23,separable,separable,0.644146240743622,0.0,,0.322073120371811,True,1e-08,0.3156000020680949,1.0
2964,20260729,3,4,24,separable,separable,0.6675413724450088,0.0,,0.3337706862225044,True,1e-08,0.3403999871807173,1.0
2965,20260729,3,4,25,separable,separable,1.2907464286411623,0.0,,0.6453732143205811,True,1e-08,0.2773000014713034,1.0
2966,20260729,3,4,26,separable,separable,1.0421305595493138,0.0,,0.5210652797746569,True,1e-08,0.3097000007983297,1.0
2967,20260729,3,4,27,separable,separable,1.6502209594006532,0.0,,0.8251104797003266,True,1e-08,0.27529998624231666,1.0
2968,20260729,3,4,28,separable,separable,0.9036248685290031,0.0,,0.4518124342645016,True,1e-08,0.3431999939493835,1.0
2969,20260729,3,4,29,separable,separable,0.4655611880963209,0.0,,0.23278059404816043,True,1e-08,0.31489999673794955,1.0
2970,20260729,3,4,30,separable,separable,0.648056760657884,0.0,,0.324028380328942,True,1e-08,0.3358000103617087,1.0
2971,20260729,3,4,31,separable,separable,0.38113455986369305,0.0,,0.19056727993184652,True,1e-08,0.33939999411813915,1.0
2972,20260729,3,4,32,separable,separable,1.1968259109972634,0.0,,0.5984129554986317,True,1e-08,0.2818000066326931,1.0
2973,20260729,3,4,33,separable,separable,1.2284038013847796,0.0,,0.6142019006923898,True,1e-08,0.31519999902229756,1.0
2974,20260729,3,4,34,separable,separable,0.707420421403364,0.0,,0.35371021070168196,True,1e-08,0.31259999377653,1.0
2975,20260729,3,4,35,separable,separable,0.807632202750015,0.0,,0.40381610137500756,True,1e-08,0.32029999420046806,1.0
2976,20260729,3,4,36,separable,separable,1.5181580567855257,0.0,,0.7590790283927629,True,1e-08,0.31429999216925353,1.0
2977,20260729,3,4,37,separable,separable,0.4303032636140356,0.0,,0.2151516318070178,True,1e-08,0.3105999930994585,1.0
2978,20260729,3,4,38,separable,separable,0.9525322341083711,0.0,,0.47626611705418553,True,1e-08,0.3110999969067052,1.0
2979,20260729,3,4,39,separable,separable,0.959935134388494,0.0,,0.47996756719424694,True,1e-08,0.3291000030003488,1.0
2980,20260729,3,4,40,separable,separable,0.45873856302939997,0.0,,0.22936928151469993,True,1e-08,0.32729998929426074,1.0
2981,20260729,3,4,41,separable,separable,1.1863420762553631,0.0,,0.5931710381276816,True,1e-08,0.3235000040149316,1.0
2982,20260729,3,4,42,separable,separable,0.6949372256089094,0.0,,0.3474686128044546,True,1e-08,0.3259999939473346,1.0
2983,20260729,3,4,43,separable,separable,0.9659312765013115,0.0,,0.48296563825065575,True,1e-08,0.32479999936185777,1.0
2984,20260729,3,4,44,separable,separable,1.1244983220244673,0.0,,0.5622491610122335,True,1e-08,0.2776000037556514,1.0
2985,20260729,3,4,45,separable,separable,0.9056341012696292,0.0,,0.4528170506348146,True,1e-08,0.3110999969067052,1.0
2986,20260729,3,4,46,separable,separable,1.0124665434622306,0.0,,0.5062332717311152,True,1e-08,0.311699986923486,1.0
2987,20260729,3,4,47,separable,separable,1.268863271631627,0.0,,0.6344316358158135,True,1e-08,0.32500000088475645,1.0
2988,20260729,3,4,48,separable,separable,0.9745853975872054,0.0,,0.4872926987936027,True,1e-08,0.3243999963160604,1.0
2989,20260729,3,4,49,separable,separable,0.787294972550044,0.0,,0.393647486275022,True,1e-08,0.31180000223685056,1.0
2990,20260729,3,4,50,separable,separable,1.0848783352570837,0.0,,0.5424391676285418,True,1e-08,0.31099999614525586,1.0
2991,20260729,3,4,51,separable,separable,0.8571831388474058,0.0,,0.4285915694237029,True,1e-08,0.3087999939452857,1.0
2992,20260729,3,4,52,separable,separable,1.27179190869624,0.0,,0.63589595434812,True,1e-08,0.3166000096825883,1.0
2993,20260729,3,4,53,separable,separable,1.029459032052594,0.0,,0.514729516026297,True,1e-08,0.3349999897181988,1.0
2994,20260729,3,4,54,separable,separable,0.7372581831540874,0.0,,0.3686290915770437,True,1e-08,0.308899994706735,1.0
2995,20260729,3,4,55,separable,separable,1.5632839301476207,0.0,,0.7816419650738103,True,1e-08,0.3173000004608184,1.0
2996,20260729,3,4,56,separable,separable,0.3737241377255378,0.0,,0.1868620688627689,True,1e-08,0.32330000249203295,1.0
2997,20260729,3,4,57,separable,separable,0.5709567410990416,0.0,,0.28547837054952074,True,1e-08,0.31209998996928334,1.0
2998,20260729,3,4,58,separable,separable,0.6577783327132112,0.0,,0.3288891663566055,True,1e-08,0.3214999887859449,1.0
2999,20260729,3,4,59,separable,separable,0.9429834768970088,0.0,,0.47149173844850445,True,1e-08,0.28110000130254775,1.0
3000,20260729,3,4,0,near_boundary,separable,1.9999999998783022e-07,1e-07,,1.0000000000287557e-07,True,1e-08,0.2786999975796789,1.0
3001,20260729,3,4,1,near_boundary,separable,1.9999999999659492e-07,1e-07,,1.0000000000287557e-07,True,1e-08,0.27260000933893025,1.0
3002,20260729,3,4,2,near_boundary,separable,2.0000000001269003e-07,1e-07,,1.0000000000287557e-07,True,1e-08,0.2730999985942617,1.0
3003,20260729,3,4,3,near_boundary,separable,1.9999999999803588e-07,1e-07,,9.999999999940612e-08,True,1e-08,0.27350000164005905,1.0
3004,20260729,3,4,4,near_boundary,separable,1.9999999994007834e-07,1e-07,,1.0000000000287557e-07,True,1e-08,0.2857999934349209,1.0000000000000002
3005,20260729,3,4,5,near_boundary,separable,2.0000000001269003e-07,1e-07,,1.0000000000287557e-07,True,1e-08,0.2945000014733523,1.0
3006,20260729,3,4,6,near_boundary,separable,1.9999999972221924e-07,1e-07,,1.0000000000287557e-07,True,1e-08,0.2792000013869256,0.999999999999998
3007,20260729,3,4,7,near_boundary,separable,1.9999999999431328e-07,1e-07,,9.999999999940612e-08,True,1e-08,0.272299992502667,1.0
3008,20260729,3,4,8,near_boundary,separable,2.0000000000575113e-07,1e-07,,1.0000000000287557e-07,True,1e-08,0.2786999975796789,1.0
3009,20260729,3,4,9,near_boundary,separable,2.0000000002244568e-07,1e-07,,1.0000000000287557e-07,True,1e-08,0.28810001094825566,1.0
3010,20260729,3,4,10,near_boundary,separable,2.0000000017764525e-07,1e-07,,9.999999999940612e-08,True,1e-08,0.2882999979192391,1.0
3011,20260729,3,4,11,near_boundary,separable,2.0000000001457335e-07,1e-07,,9.999999999940612e-08,True,1e-08,0.27859999681822956,1.0
3012,20260729,3,4,12,near_boundary,separable,1.9999999972352126e-07,1e-07,,1.0000000000287557e-07,True,1e-08,0.2766999969026074,1.0
3013,20260729,3,4,13,near_boundary,separable,1.999999999862841e-07,1e-07,,1.0000000000287557e-07,True,1e-08,0.26879999495577067,1.0
3014,20260729,3,4,14,near_boundary,separable,2.0000000000575113e-07,1e-07,,1.0000000000287557e-07,True,1e-08,0.26840000646188855,1.0
3015,20260729,3,4,15,near_boundary,separable,2.0000000002468645e-07,1e-07,,9.999999999940612e-08,True,1e-08,0.2665999927558005,0.9999999999999999
3016,20260729,3,4,16,near_boundary,separable,1.9999999998035023e-07,1e-07,,1.0000000000287557e-07,True,1e-08,0.2725000085774809,1.0
3017,20260729,3,4,17,near_boundary,separable,2.0000000000575113e-07,1e-07,,1.0000000000287557e-07,True,1e-08,0.2808999997796491,1.0
3018,20260729,3,4,18,near_boundary,separable,1.99999999998569e-07,1e-07,,1.0000000000287557e-07,True,1e-08,0.28900000324938446,1.0
3019,20260729,3,4,19,near_boundary,separable,1.9999999993351293e-07,1e-07,,9.999999999940612e-08,True,1e-08,0.28959999326616526,1.0
3020,20260729,3,4,20,near_boundary,separable,1.999999999311431e-07,1e-07,,9.999999999940612e-08,True,1e-08,0.2970999921672046,0.9999999999999999
3021,20260729,3,4,21,near_boundary,separable,1.9999999998537443e-07,1e-07,,1.0000000000287557e-07,True,1e-08,0.2733000001171604,1.0
3022,20260729,3,4,22,near_boundary,separable,2.0000000003078037e-07,1e-07,,9.999999999940612e-08,True,1e-08,0.28309998742770404,0.9999999999999999
3023,20260729,3,4,23,near_boundary,separable,1.99999999935398e-07,1e-07,,9.999999999940612e-08,True,1e-08,0.29939999512862414,1.0
3024,20260729,3,4,24,near_boundary,separable,1.9999999987994554e-07,1e-07,,9.999999999940612e-08,True,1e-08,0.2840000088326633,1.0000000000000002
3025,20260729,3,4,25,near_boundary,separable,1.9999999999881224e-07,1e-07,,9.999999999940612e-08,True,1e-08,0.2728000108618289,1.0
3026,20260729,3,4,26,near_boundary,separable,2.0000000001409854e-07,1e-07,,9.999999999940612e-08,True,1e-08,0.26729999808594584,1.0
3027,20260729,3,4,27,near_boundary,separable,2.0000000000575113e-07,1e-07,,1.0000000000287557e-07,True,1e-08,0.2690999972401187,1.0
3028,20260729,3,4,28,near_boundary,separable,1.9999999994678848e-07,1e-07,,1.0000000000287557e-07,True,1e-08,0.265800001216121,1.0
3029,20260729,3,4,29,near_boundary,separable,1.999999999491698e-07,1e-07,,9.999999999940612e-08,True,1e-08,0.26950000028591603,1.0
3030,20260729,3,4,30,near_boundary,separable,2.0000000003318002e-07,1e-07,,1.0000000000287557e-07,True,1e-08,0.28670000028796494,0.9999999999999999
3031,20260729,3,4,31,near_boundary,separable,2.0000000000228169e-07,1e-07,,9.999999999940612e-08,True,1e-08,0.27979999140370637,1.0
3032,20260729,3,4,32,near_boundary,separable,1.9999999985412424e-07,1e-07,,9.999999999940612e-08,True,1e-08,0.2994999958900735,1.0
3033,20260729,3,4,33,near_boundary,separable,1.9999999999330192e-07,1e-07,,9.999999999940612e-08,True,1e-08,0.29039999935775995,1.0
3034,20260729,3,4,34,near_boundary,separable,1.9999999997456364e-07,1e-07,,1.0000000000287557e-07,True,1e-08,0.28049999673385173,1.0
3035,20260729,3,4,35,near_boundary,separable,2.0000000001314303e-07,1e-07,,9.999999999940612e-08,True,1e-08,0.2792000013869256,1.0
3036,20260729,3,4,36,near_boundary,separable,2.0000000002466575e-07,1e-07,,9.999999999940612e-08,True,1e-08,0.2930999908130616,0.9999999999999999
3037,20260729,3,4,37,near_boundary,separable,1.9999999986834142e-07,1e-07,,1.0000000000287557e-07,True,1e-08,0.2764000091701746,1.0
3038,20260729,3,4,38,near_boundary,separable,1.9999999976254542e-07,1e-07,,9.999999999940612e-08,True,1e-08,0.27129999944008887,1.0
3039,20260729,3,4,39,near_boundary,separable,2.0000000000475367e-07,1e-07,,1.0000000000287557e-07,True,1e-08,0.28169999131932855,1.0
3040,20260729,3,4,40,near_boundary,separable,1.9999999987683738e-07,1e-07,,9.999999999940612e-08,True,1e-08,0.2671999973244965,1.0000000000000002
3041,20260729,3,4,41,near_boundary,separable,1.9999999991702602e-07,1e-07,,9.999999999940612e-08,True,1e-08,0.26849999267142266,0.9999999999999999
3042,20260729,3,4,42,near_boundary,separable,1.9999999999881224e-07,1e-07,,1.0000000000287557e-07,True,1e-08,0.26780000189319253,1.0
3043,20260729,3,4,43,near_boundary,separable,1.9999999999803853e-07,1e-07,,9.999999999940612e-08,True,1e-08,0.2825999981723726,1.0
3044,20260729,3,4,44,near_boundary,separable,2.0000000001682466e-07,1e-07,,9.999999999940612e-08,True,1e-08,0.27910000062547624,1.0
3045,20260729,3,4,45,near_boundary,separable,2.0000000000575113e-07,1e-07,,1.0000000000287557e-07,True,1e-08,0.2758000046014786,1.0
3046,20260729,3,4,46,near_boundary,separable,2.0000000000575113e-07,1e-07,,1.0000000000287557e-07,True,1e-08,0.26509999588597566,1.0
3047,20260729,3,4,47,near_boundary,separable,1.9999999996197824e-07,1e-07,,1.0000000000287557e-07,True,1e-08,0.2666000073077157,1.0
3048,20260729,3,4,48,near_boundary,separable,1.9999999980218516e-07,1e-07,,1.0000000000287557e-07,True,1e-08,0.2753000007942319,1.0
3049,20260729,3,4,49,near_boundary,separable,1.9999999986561054e-07,1e-07,,9.999999999940612e-08,True,1e-08,0.30509999487549067,1.0000000000000002
3050,20260729,3,4,50,near_boundary,separable,1.9999999991813836e-07,1e-07,,9.999999999940612e-08,True,1e-08,0.2948000037577003,1.0
3051,20260729,3,4,51,near_boundary,separable,1.9999999998895661e-07,1e-07,,1.0000000000287557e-07,True,1e-08,0.27319999935571104,1.0
3052,20260729,3,4,52,near_boundary,separable,1.9999999977742398e-07,1e-07,,1.0000000000287557e-07,True,1e-08,0.2727000101003796,1.0000000000000004
3053,20260729,3,4,53,near_boundary,separable,1.9999999999643276e-07,1e-07,,9.999999999940612e-08,True,1e-08,0.28310000197961926,1.0
3054,20260729,3,4,54,near_boundary,separable,2.000000000789612e-07,1e-07,,1.0000000000287557e-07,True,1e-08,0.2722000062931329,1.0
3055,20260729,3,4,55,near_boundary,separable,1.999999998751997e-07,1e-07,,9.999999999940612e-08,True,1e-08,0.2707999956328422,1.0000000000000002
3056,20260729,3,4,56,near_boundary,separable,1.9999999988972903e-07,1e-07,,9.999999999940612e-08,True,1e-08,0.27800000680144876,1.0000000000000002
3057,20260729,3,4,57,near_boundary,separable,2.0000000000575113e-07,1e-07,,1.0000000000287557e-07,True,1e-08,0.27049999334849417,1.0
3058,20260729,3,4,58,near_boundary,separable,1.999999999745949e-07,1e-07,,1.0000000000287557e-07,True,1e-08,0.28199999360367656,0.9999999999999996
3059,20260729,3,4,59,near_boundary,separable,2.000000001059198e-07,1e-07,,9.999999999940612e-08,True,1e-08,0.29850000282749534,0.9999999999999993
3060,20260729,5,5,0,replaceable,replaceable,0.0,0.0,0.0,,True,1e-08,0.3142000059597194,1.0
3061,20260729,5,5,1,replaceable,replaceable,0.0,0.0,0.0,,True,1e-08,0.31030000536702573,0.9999999999999999
3062,20260729,5,5,2,replaceable,replaceable,0.0,0.0,0.0,,True,1e-08,0.3195000026607886,1.0
3063,20260729,5,5,3,replaceable,replaceable,0.0,0.0,0.0,,True,1e-08,0.301499996567145,1.0000000000000002
3064,20260729,5,5,4,replaceable,replaceable,0.0,0.0,0.0,,True,1e-08,0.3037999995285645,1.0
3065,20260729,5,5,5,replaceable,replaceable,0.0,0.0,0.0,,True,1e-08,0.3096000000368804,1.0
3066,20260729,5,5,6,replaceable,replaceable,0.0,0.0,0.0,,True,1e-08,0.29940000968053937,0.9999999999999998
3067,20260729,5,5,7,replaceable,replaceable,0.0,0.0,0.0,,True,1e-08,0.28909998945891857,1.0
3068,20260729,5,5,8,replaceable,replaceable,0.0,0.0,0.0,,True,1e-08,0.2972999936901033,1.0
3069,20260729,5,5,9,replaceable,replaceable,0.0,0.0,0.0,,True,1e-08,0.3029999934369698,1.0
3070,20260729,5,5,10,replaceable,replaceable,0.0,0.0,0.0,,True,1e-08,0.30309999419841915,0.9999999999999998
3071,20260729,5,5,11,replaceable,replaceable,0.0,0.0,0.0,,True,1e-08,0.29329999233596027,1.0000000000000002
3072,20260729,5,5,12,replaceable,replaceable,0.0,0.0,0.0,,True,1e-08,0.2948000037577003,1.0000000000000002
3073,20260729,5,5,13,replaceable,replaceable,0.0,0.0,0.0,,True,1e-08,0.29290000384207815,1.0
3074,20260729,5,5,14,replaceable,replaceable,0.0,0.0,0.0,,True,1e-08,0.30390000029001385,1.0
3075,20260729,5,5,15,replaceable,replaceable,0.0,0.0,0.0,,True,1e-08,0.30249998962972313,1.0
3076,20260729,5,5,16,replaceable,replaceable,0.0,0.0,0.0,,True,1e-08,0.2969000051962212,1.0000000000000004
3077,20260729,5,5,17,replaceable,replaceable,0.0,0.0,0.0,,True,1e-08,0.2964000013889745,1.0000000000000002
3078,20260729,5,5,18,replaceable,replaceable,0.0,0.0,0.0,,True,1e-08,0.29379999614320695,0.9999999999999998
3079,20260729,5,5,19,replaceable,replaceable,0.0,0.0,0.0,,True,1e-08,0.29460000223480165,1.0
3080,20260729,5,5,20,replaceable,replaceable,0.0,0.0,0.0,,True,1e-08,0.3071999963140115,1.0
3081,20260729,5,5,21,replaceable,replaceable,0.0,0.0,0.0,,True,1e-08,0.2950999914901331,1.0
3082,20260729,5,5,22,replaceable,replaceable,0.0,0.0,0.0,,True,1e-08,0.2945999876828864,0.9999999999999999
3083,20260729,5,5,23,replaceable,replaceable,0.0,0.0,0.0,,True,1e-08,0.30279999191407114,1.0
3084,20260729,5,5,24,replaceable,replaceable,0.0,0.0,0.0,,True,1e-08,0.2958999975817278,0.9999999999999999
3085,20260729,5,5,25,replaceable,replaceable,0.0,0.0,0.0,,True,1e-08,0.2969000051962212,0.9999999999999998
3086,20260729,5,5,26,replaceable,replaceable,0.0,0.0,0.0,,True,1e-08,0.3026999911526218,0.9999999999999998
3087,20260729,5,5,27,replaceable,replaceable,0.0,0.0,0.0,,True,1e-08,0.32079999800771475,1.0000000000000002
3088,20260729,5,5,28,replaceable,replaceable,0.0,0.0,0.0,,True,1e-08,0.3066000062972307,1.0000000000000002
3089,20260729,5,5,29,replaceable,replaceable,0.0,0.0,0.0,,True,1e-08,0.3023999888682738,1.0000000000000002
3090,20260729,5,5,30,replaceable,replaceable,0.0,0.0,0.0,,True,1e-08,0.299000006634742,0.9999999999999999
3091,20260729,5,5,31,replaceable,replaceable,0.0,0.0,0.0,,True,1e-08,0.29859998903702945,1.0
3092,20260729,5,5,32,replaceable,replaceable,0.0,0.0,0.0,,True,1e-08,0.29429999995045364,1.0
3093,20260729,5,5,33,replaceable,replaceable,0.0,0.0,0.0,,True,1e-08,0.3112999984296039,1.0000000000000002
3094,20260729,5,5,34,replaceable,replaceable,0.0,0.0,0.0,,True,1e-08,0.29489998996723443,0.9999999999999998
3095,20260729,5,5,35,replaceable,replaceable,0.0,0.0,0.0,,True,1e-08,0.2899999963119626,0.9999999999999998
3096,20260729,5,5,36,replaceable,replaceable,0.0,0.0,0.0,,True,1e-08,0.298099999781698,1.0000000000000002
3097,20260729,5,5,37,replaceable,replaceable,0.0,0.0,0.0,,True,1e-08,0.29510000604204834,1.0
3098,20260729,5,5,38,replaceable,replaceable,0.0,0.0,0.0,,True,1e-08,0.29320000612642616,1.0
3099,20260729,5,5,39,replaceable,replaceable,0.0,0.0,0.0,,True,1e-08,0.30079999123699963,0.9999999999999993
3100,20260729,5,5,40,replaceable,replaceable,0.0,0.0,0.0,,True,1e-08,0.2945000014733523,1.0
3101,20260729,5,5,41,replaceable,replaceable,0.0,0.0,0.0,,True,1e-08,0.29760001052636653,1.0
3102,20260729,5,5,42,replaceable,replaceable,0.0,0.0,0.0,,True,1e-08,0.29319999157451093,0.9999999999999998
3103,20260729,5,5,43,replaceable,replaceable,0.0,0.0,0.0,,True,1e-08,0.2986000035889447,0.9999999999999999
3104,20260729,5,5,44,replaceable,replaceable,0.0,0.0,0.0,,True,1e-08,0.305800000205636,0.9999999999999997
3105,20260729,5,5,45,replaceable,replaceable,0.0,0.0,0.0,,True,1e-08,0.31769998895470053,1.0
3106,20260729,5,5,46,replaceable,replaceable,0.0,0.0,0.0,,True,1e-08,0.30109999352134764,0.9999999999999998
3107,20260729,5,5,47,replaceable,replaceable,0.0,0.0,0.0,,True,1e-08,0.2998999989358708,1.0
3108,20260729,5,5,48,replaceable,replaceable,0.0,0.0,0.0,,True,1e-08,0.3020000003743917,1.0
3109,20260729,5,5,49,replaceable,replaceable,0.0,0.0,0.0,,True,1e-08,0.298400002066046,1.0000000000000002
3110,20260729,5,5,50,replaceable,replaceable,0.0,0.0,0.0,,True,1e-08,0.295000005280599,0.9999999999999998
3111,20260729,5,5,51,replaceable,replaceable,0.0,0.0,0.0,,True,1e-08,0.301799998851493,1.0
3112,20260729,5,5,52,replaceable,replaceable,0.0,0.0,0.0,,True,1e-08,0.29660000291187316,1.0
3113,20260729,5,5,53,replaceable,replaceable,0.0,0.0,0.0,,True,1e-08,0.3169999981764704,1.0000000000000002
3114,20260729,5,5,54,replaceable,replaceable,0.0,0.0,0.0,,True,1e-08,0.299000006634742,1.0
3115,20260729,5,5,55,replaceable,replaceable,0.0,0.0,0.0,,True,1e-08,0.2928000030806288,0.9999999999999999
3116,20260729,5,5,56,replaceable,replaceable,0.0,0.0,0.0,,True,1e-08,0.298400002066046,1.0000000000000002
3117,20260729,5,5,57,replaceable,replaceable,0.0,0.0,0.0,,True,1e-08,0.29320000612642616,0.9999999999999998
3118,20260729,5,5,58,replaceable,replaceable,0.0,0.0,0.0,,True,1e-08,0.3060000017285347,1.0
3119,20260729,5,5,59,replaceable,replaceable,0.0,0.0,0.0,,True,1e-08,0.298099999781698,1.0
3120,20260729,5,5,0,separable,separable,1.3952686070559264,0.0,,0.6976343035279632,True,1e-08,0.3077000001212582,1.0
3121,20260729,5,5,1,separable,separable,0.5723521114167706,0.0,,0.28617605570838534,True,1e-08,0.35230000503361225,1.0
3122,20260729,5,5,2,separable,separable,1.8332332063696264,0.0,,0.9166166031848133,True,1e-08,0.34889999369625,1.0
3123,20260729,5,5,3,separable,separable,1.5091573645649796,0.0,,0.7545786822824898,True,1e-08,0.3124000068055466,1.0
3124,20260729,5,5,4,separable,separable,1.4508137722355987,0.0,,0.7254068861177994,True,1e-08,0.29490000451914966,1.0
3125,20260729,5,5,5,separable,separable,1.198762266942732,0.0,,0.599381133471366,True,1e-08,0.2921999985119328,1.0
3126,20260729,5,5,6,separable,separable,1.013623516388293,0.0,,0.5068117581941465,True,1e-08,0.3414000093471259,1.0
3127,20260729,5,5,7,separable,separable,1.4649601287361937,0.0,,0.732480064368097,True,1e-08,0.2952999930130318,1.0
3128,20260729,5,5,8,separable,separable,1.3472987874173437,0.0,,0.6736493937086717,True,1e-08,0.34079999022651464,1.0
3129,20260729,5,5,9,separable,separable,1.5832972524619757,0.0,,0.7916486262309879,True,1e-08,0.35099999513477087,1.0
3130,20260729,5,5,10,separable,separable,1.2821408201979465,0.0,,0.6410704100989733,True,1e-08,0.2961999998660758,1.0
3131,20260729,5,5,11,separable,separable,0.9424070394374385,0.0,,0.4712035197187192,True,1e-08,0.3409000055398792,1.0
3132,20260729,5,5,12,separable,separable,0.8254465394920775,0.0,,0.4127232697460388,True,1e-08,0.3432000085012987,1.0
3133,20260729,5,5,13,separable,separable,0.5659483251979106,0.0,,0.28297416259895536,True,1e-08,0.342100000125356,1.0
3134,20260729,5,5,14,separable,separable,1.293682229888514,0.0,,0.646841114944257,True,1e-08,0.35209998895879835,1.0
3135,20260729,5,5,15,separable,separable,1.25932691934014,0.0,,0.62966345967007,True,1e-08,0.29630000062752515,1.0
3136,20260729,5,5,16,separable,separable,0.8865632493613753,0.0,,0.44328162468068755,True,1e-08,0.3456999984337017,1.0
3137,20260729,5,5,17,separable,separable,0.9998068956275101,0.0,,0.49990344781375506,True,1e-08,0.33909999183379114,1.0
3138,20260729,5,5,18,separable,separable,0.996865992743998,0.0,,0.498432996371999,True,1e-08,0.3415000101085752,1.0
3139,20260729,5,5,19,separable,separable,0.6325901048225802,0.0,,0.3162950524112901,True,1e-08,0.34389999927952886,1.0
3140,20260729,5,5,20,separable,separable,1.2799006522071954,0.0,,0.6399503261035977,True,1e-08,0.3580999909900129,1.0
3141,20260729,5,5,21,separable,separable,1.184943781660646,0.0,,0.592471890830323,True,1e-08,0.34359999699518085,1.0
3142,20260729,5,5,22,separable,separable,1.2810865942785141,0.0,,0.6405432971392571,True,1e-08,0.30390000029001385,1.0
3143,20260729,5,5,23,separable,separable,0.8885326680459282,0.0,,0.4442663340229641,True,1e-08,0.34070000401698053,1.0
3144,20260729,5,5,24,separable,separable,1.354523202808733,0.0,,0.6772616014043666,True,1e-08,0.2964000013889745,1.0
3145,20260729,5,5,25,separable,separable,1.4581974824713015,0.0,,0.7290987412356508,True,1e-08,0.33740000799298286,1.0
3146,20260729,5,5,26,separable,separable,1.451109556181918,0.0,,0.7255547780909589,True,1e-08,0.29939999512862414,1.0
3147,20260729,5,5,27,separable,separable,1.1801957336195708,0.0,,0.5900978668097852,True,1e-08,0.2845999988494441,1.0
3148,20260729,5,5,28,separable,separable,1.849647089974289,0.0,,0.9248235449871445,True,1e-08,0.335300006554462,1.0
3149,20260729,5,5,29,separable,separable,1.3001174131041169,0.0,,0.6500587065520583,True,1e-08,0.2950999914901331,1.0
3150,20260729,5,5,30,separable,separable,1.2046728697618272,0.0,,0.6023364348809137,True,1e-08,0.28559999191202223,1.0
3151,20260729,5,5,31,separable,separable,1.210483586191226,0.0,,0.605241793095613,True,1e-08,0.28610001027118415,1.0
3152,20260729,5,5,32,separable,separable,0.6886797910970904,0.0,,0.34433989554854516,True,1e-08,0.35429999115876853,1.0
3153,20260729,5,5,33,separable,separable,1.2579848640564455,0.0,,0.6289924320282227,True,1e-08,0.29370000993367285,1.0
3154,20260729,5,5,34,separable,separable,1.5984606884756238,0.0,,0.7992303442378119,True,1e-08,0.3389000048628077,1.0
3155,20260729,5,5,35,separable,separable,1.0499566807194947,0.0,,0.5249783403597474,True,1e-08,0.33909999183379114,1.0
3156,20260729,5,5,36,separable,separable,1.598799875656667,0.0,,0.7993999378283334,True,1e-08,0.33769999572541565,1.0
3157,20260729,5,5,37,separable,separable,1.5561454381977702,0.0,,0.778072719098885,True,1e-08,0.3080000024056062,1.0
3158,20260729,5,5,38,separable,separable,1.1072639762528353,0.0,,0.5536319881264177,True,1e-08,0.3310999891255051,1.0
3159,20260729,5,5,39,separable,separable,1.0157691721936268,0.0,,0.5078845860968134,True,1e-08,0.2795000036712736,1.0
3160,20260729,5,5,40,separable,separable,1.4218922185444385,0.0,,0.7109461092722191,True,1e-08,0.2793000021483749,1.0
3161,20260729,5,5,41,separable,separable,1.7271386108865594,0.0,,0.8635693054432798,True,1e-08,0.2840999950421974,1.0
3162,20260729,5,5,42,separable,separable,1.3517781747200392,0.0,,0.6758890873600196,True,1e-08,0.34130000858567655,1.0
3163,20260729,5,5,43,separable,separable,1.1626618098104586,0.0,,0.5813309049052293,True,1e-08,0.3566999948816374,1.0
3164,20260729,5,5,44,separable,separable,1.1298230433670489,0.0,,0.5649115216835245,True,1e-08,0.30009998590685427,1.0
3165,20260729,5,5,45,separable,separable,1.1139150752726215,0.0,,0.5569575376363107,True,1e-08,0.28569999267347157,1.0
3166,20260729,5,5,46,separable,separable,1.4072773062460806,0.0,,0.7036386531230402,True,1e-08,0.3301000106148422,1.0
3167,20260729,5,5,47,separable,separable,0.7610108363676478,0.0,,0.3805054181838239,True,1e-08,0.3330000035930425,1.0
3168,20260729,5,5,48,separable,separable,1.0821234165280256,0.0,,0.5410617082640127,True,1e-08,0.3434999962337315,1.0
3169,20260729,5,5,49,separable,separable,0.6415654836804227,0.0,,0.3207827418402114,True,1e-08,0.3546000079950318,1.0
3170,20260729,5,5,50,separable,separable,1.344378541023697,0.0,,0.6721892705118484,True,1e-08,0.33909999183379114,1.0
3171,20260729,5,5,51,separable,separable,0.7126020166928464,0.0,,0.3563010083464232,True,1e-08,0.3220999933546409,1.0
3172,20260729,5,5,52,separable,separable,1.0116931050034135,0.0,,0.5058465525017067,True,1e-08,0.33260000054724514,1.0
3173,20260729,5,5,53,separable,separable,1.3577252984390662,0.0,,0.678862649219533,True,1e-08,0.5144000024301931,1.0
3174,20260729,5,5,54,separable,separable,1.3543879782996568,0.0,,0.6771939891498284,True,1e-08,0.4133000038564205,1.0
3175,20260729,5,5,55,separable,separable,0.993579045546608,0.0,,0.496789522773304,True,1e-08,0.39790000300854445,1.0
3176,20260729,5,5,56,separable,separable,1.4488876889820061,0.0,,0.7244438444910031,True,1e-08,0.39570000080857426,1.0
3177,20260729,5,5,57,separable,separable,1.670310577759515,0.0,,0.8351552888797577,True,1e-08,0.3974999999627471,1.0
3178,20260729,5,5,58,separable,separable,0.5089348245995452,0.0,,0.25446741229977266,True,1e-08,0.4267999902367592,1.0
3179,20260729,5,5,59,separable,separable,1.3172013156787854,0.0,,0.6586006578393926,True,1e-08,0.32190000638365746,1.0
3180,20260729,5,5,0,near_boundary,separable,2.0000000023874345e-07,1e-07,,1.0000000000287557e-07,True,1e-08,0.32730000384617597,1.0
3181,20260729,5,5,1,near_boundary,separable,1.9999999994968936e-07,1e-07,,1.0000000000287557e-07,True,1e-08,0.32140000257641077,1.0
3182,20260729,5,5,2,near_boundary,separable,1.999999999969101e-07,1e-07,,9.999999999940612e-08,True,1e-08,0.34839998988900334,1.0
3183,20260729,5,5,3,near_boundary,separable,2.0000000000166198e-07,1e-07,,9.999999999940612e-08,True,1e-08,0.3625999961514026,0.9999999999999999
3184,20260729,5,5,4,near_boundary,separable,1.9999999998487018e-07,1e-07,,9.999999999940612e-08,True,1e-08,0.34389999927952886,1.0
3185,20260729,5,5,5,near_boundary,separable,2.0000000000824445e-07,1e-07,,9.999999999940612e-08,True,1e-08,0.334700001985766,1.0
3186,20260729,5,5,6,near_boundary,separable,2.0000000000228169e-07,1e-07,,9.999999999940612e-08,True,1e-08,0.3406999894650653,1.0
3187,20260729,5,5,7,near_boundary,separable,2.000000000278254e-07,1e-07,,9.999999999940612e-08,True,1e-08,0.3265999985160306,1.0
3188,20260729,5,5,8,near_boundary,separable,1.9999999997537457e-07,1e-07,,9.999999999940612e-08,True,1e-08,0.32619999547023326,1.0000000000000002
3189,20260729,5,5,9,near_boundary,separable,1.9999999995352403e-07,1e-07,,1.0000000000287557e-07,True,1e-08,0.3242999955546111,1.0
3190,20260729,5,5,10,near_boundary,separable,1.9999999999976007e-07,1e-07,,9.999999999940612e-08,True,1e-08,0.3166999958921224,1.0
3191,20260729,5,5,11,near_boundary,separable,1.9999999998476552e-07,1e-07,,9.999999999940612e-08,True,1e-08,0.31519999902229756,1.0000000000000002
3192,20260729,5,5,12,near_boundary,separable,1.9999999992527636e-07,1e-07,,9.999999999940612e-08,True,1e-08,0.3122000052826479,1.0
3193,20260729,5,5,13,near_boundary,separable,2.0000000000786384e-07,1e-07,,9.999999999940612e-08,True,1e-08,0.3090999962296337,1.0000000000000002
3194,20260729,5,5,14,near_boundary,separable,1.999999999192345e-07,1e-07,,9.999999999940612e-08,True,1e-08,0.342100000125356,1.0
3195,20260729,5,5,15,near_boundary,separable,2.0000000003833961e-07,1e-07,,9.999999999940612e-08,True,1e-08,0.32210000790655613,0.9999999999999999
3196,20260729,5,5,16,near_boundary,separable,1.99999999971909e-07,1e-07,,9.999999999940612e-08,True,1e-08,0.3130000113742426,1.0
3197,20260729,5,5,17,near_boundary,separable,2.0000000017988904e-07,1e-07,,1.0000000000287557e-07,True,1e-08,0.32070001179818064,1.0000000000000002
3198,20260729,5,5,18,near_boundary,separable,1.9999999996948597e-07,1e-07,,9.999999999940612e-08,True,1e-08,0.31900001340545714,1.0
3199,20260729,5,5,19,near_boundary,separable,2.0000000001084387e-07,1e-07,,9.999999999940612e-08,True,1e-08,0.3083000046899542,1.0
3200,20260729,5,5,20,near_boundary,separable,2.0000000000952054e-07,1e-07,,9.999999999940612e-08,True,1e-08,0.3014000103576109,1.0
3201,20260729,5,5,21,near_boundary,separable,2.0000000004325214e-07,1e-07,,9.999999999940612e-08,True,1e-08,0.3099000023212284,1.0
3202,20260729,5,5,22,near_boundary,separable,1.9999999997331297e-07,1e-07,,9.999999999940612e-08,True,1e-08,0.30160001188050956,1.0
3203,20260729,5,5,23,near_boundary,separable,1.9999999999846538e-07,1e-07,,9.999999999940612e-08,True,1e-08,0.3001000004587695,1.0
3204,20260729,5,5,24,near_boundary,separable,2.0000000000966313e-07,1e-07,,9.999999999940612e-08,True,1e-08,0.2982000005431473,0.9999999999999999
3205,20260729,5,5,25,near_boundary,separable,2.0000000003596615e-07,1e-07,,9.999999999940612e-08,True,1e-08,0.2958999975817278,1.0
3206,20260729,5,5,26,near_boundary,separable,1.999999999611019e-07,1e-07,,9.999999999940612e-08,True,1e-08,0.3117000014754012,1.0
3207,20260729,5,5,27,near_boundary,separable,2.0000000014354185e-07,1e-07,,9.999999999940612e-08,True,1e-08,0.308299990138039,1.0
3208,20260729,5,5,28,near_boundary,separable,2.0000000001283712e-07,1e-07,,9.999999999940612e-08,True,1e-08,0.3220000071451068,1.0
3209,20260729,5,5,29,near_boundary,separable,1.9999999998840305e-07,1e-07,,9.999999999940612e-08,True,1e-08,0.32730000384617597,1.0
3210,20260729,5,5,30,near_boundary,separable,1.9999999999989104e-07,1e-07,,9.999999999940612e-08,True,1e-08,0.31010000384412706,1.0
3211,20260729,5,5,31,near_boundary,separable,2.0000000000575113e-07,1e-07,,1.0000000000287557e-07,True,1e-08,0.3083000046899542,1.0
3212,20260729,5,5,32,near_boundary,separable,2.0000000020635654e-07,1e-07,,9.999999999940612e-08,True,1e-08,0.31110001145862043,1.0
3213,20260729,5,5,33,near_boundary,separable,2.0000000000105206e-07,1e-07,,9.999999999940612e-08,True,1e-08,0.29880000511184335,1.0
3214,20260729,5,5,34,near_boundary,separable,2.0000000000392527e-07,1e-07,,9.999999999940612e-08,True,1e-08,0.3037999995285645,1.0
3215,20260729,5,5,35,near_boundary,separable,2.0000000003304534e-07,1e-07,,9.999999999940612e-08,True,1e-08,0.302100001135841,0.9999999999999999
3216,20260729,5,5,36,near_boundary,separable,2.0000000001493948e-07,1e-07,,1.0000000000287557e-07,True,1e-08,0.29240000003483146,0.9999999999999999
3217,20260729,5,5,37,near_boundary,separable,1.999999999988122e-07,1e-07,,9.999999999940612e-08,True,1e-08,0.2882999979192391,1.0
3218,20260729,5,5,38,near_boundary,separable,2.0000000001939392e-07,1e-07,,9.999999999940612e-08,True,1e-08,0.30279999191407114,0.9999999999999999
3219,20260729,5,5,39,near_boundary,separable,2.000000000042847e-07,1e-07,,9.999999999940612e-08,True,1e-08,0.299000006634742,1.0
3220,20260729,5,5,40,near_boundary,separable,2.000000000724869e-07,1e-07,,9.999999999940612e-08,True,1e-08,0.3077000001212582,1.0
3221,20260729,5,5,41,near_boundary,separable,2.00000000041265e-07,1e-07,,9.999999999940612e-08,True,1e-08,0.3198999911546707,1.0
3222,20260729,5,5,42,near_boundary,separable,1.9999999996482067e-07,1e-07,,9.999999999940612e-08,True,1e-08,0.3053999971598387,1.0
3223,20260729,5,5,43,near_boundary,separable,2.0000000000435988e-07,1e-07,,9.999999999940612e-08,True,1e-08,0.3040000010514632,1.0
3224,20260729,5,5,44,near_boundary,separable,1.9999999995652092e-07,1e-07,,9.999999999940612e-08,True,1e-08,0.3032000095117837,1.0
3225,20260729,5,5,45,near_boundary,separable,2.0000000005266014e-07,1e-07,,9.999999999940612e-08,True,1e-08,0.2986000035889447,0.9999999999999999
3226,20260729,5,5,46,near_boundary,separable,1.999999999766377e-07,1e-07,,9.999999999940612e-08,True,1e-08,0.30860000697430223,1.0
3227,20260729,5,5,47,near_boundary,separable,2.0000000001385213e-07,1e-07,,1.0000000000287557e-07,True,1e-08,0.30729999707546085,1.0
3228,20260729,5,5,48,near_boundary,separable,1.9999999999440698e-07,1e-07,,9.999999999940612e-08,True,1e-08,0.29319999157451093,1.0
3229,20260729,5,5,49,near_boundary,separable,1.9999999999013545e-07,1e-07,,9.999999999940612e-08,True,1e-08,0.29070000164210796,1.0
3230,20260729,5,5,50,near_boundary,separable,2.0000000000385685e-07,1e-07,,9.999999999940612e-08,True,1e-08,0.2975999959744513,0.9999999999999999
3231,20260729,5,5,51,near_boundary,separable,1.9999999995715606e-07,1e-07,,9.999999999940612e-08,True,1e-08,0.3049000079045072,1.0
3232,20260729,5,5,52,near_boundary,separable,1.999999994360563e-07,1e-07,,9.999999999940612e-08,True,1e-08,0.3113999991910532,1.0
3233,20260729,5,5,53,near_boundary,separable,1.999999999939587e-07,1e-07,,9.999999999940612e-08,True,1e-08,0.3225999971618876,1.0
3234,20260729,5,5,54,near_boundary,separable,1.999999999745216e-07,1e-07,,9.999999999940612e-08,True,1e-08,0.30929999775253236,1.0000000000000002
3235,20260729,5,5,55,near_boundary,separable,1.9999999996463605e-07,1e-07,,9.999999999940612e-08,True,1e-08,0.3060000017285347,1.0000000000000002
3236,20260729,5,5,56,near_boundary,separable,1.999999999738093e-07,1e-07,,9.999999999940612e-08,True,1e-08,0.2927000023191795,1.0
3237,20260729,5,5,57,near_boundary,separable,2.0000000000284862e-07,1e-07,,9.999999999940612e-08,True,1e-08,0.2914000069722533,1.0
3238,20260729,5,5,58,near_boundary,separable,2.0000000000330842e-07,1e-07,,9.999999999940612e-08,True,1e-08,0.3046999918296933,1.0
3239,20260729,5,5,59,near_boundary,separable,1.99999999894296e-07,1e-07,,9.999999999940612e-08,True,1e-08,0.3144999936921522,1.0
3240,20260729,10,8,0,replaceable,replaceable,0.0,0.0,0.0,,True,1e-08,0.3963999915868044,1.0
3241,20260729,10,8,1,replaceable,replaceable,0.0,0.0,0.0,,True,1e-08,0.35859999479725957,1.0
3242,20260729,10,8,2,replaceable,replaceable,0.0,0.0,0.0,,True,1e-08,0.35999999090563506,1.0
3243,20260729,10,8,3,replaceable,replaceable,0.0,0.0,0.0,,True,1e-08,0.36019999242853373,0.9999999999999998
3244,20260729,10,8,4,replaceable,replaceable,0.0,0.0,0.0,,True,1e-08,0.37710000469814986,0.9999999999999997
3245,20260729,10,8,5,replaceable,replaceable,0.0,0.0,0.0,,True,1e-08,0.35489999572746456,1.0000000000000002
3246,20260729,10,8,6,replaceable,replaceable,0.0,0.0,0.0,,True,1e-08,0.35119999665766954,1.0000000000000002
3247,20260729,10,8,7,replaceable,replaceable,0.0,0.0,0.0,,True,1e-08,0.3507000074023381,1.0
3248,20260729,10,8,8,replaceable,replaceable,0.0,0.0,0.0,,True,1e-08,0.36029999318998307,1.0
3249,20260729,10,8,9,replaceable,replaceable,0.0,0.0,0.0,,True,1e-08,0.4592000041157007,1.0000000000000002
3250,20260729,10,8,10,replaceable,replaceable,0.0,0.0,0.0,,True,1e-08,0.46499999007210135,1.0
3251,20260729,10,8,11,replaceable,replaceable,0.0,0.0,0.0,,True,1e-08,0.38309999217744917,0.9999999999999999
3252,20260729,10,8,12,replaceable,replaceable,0.0,0.0,0.0,,True,1e-08,0.37910000537522137,1.0
3253,20260729,10,8,13,replaceable,replaceable,0.0,0.0,0.0,,True,1e-08,0.3980000037699938,1.0
3254,20260729,10,8,14,replaceable,replaceable,0.0,0.0,0.0,,True,1e-08,0.3926999925170094,0.9999999999999998
3255,20260729,10,8,15,replaceable,replaceable,0.0,0.0,0.0,,True,1e-08,0.38779999886173755,1.0000000000000002
3256,20260729,10,8,16,replaceable,replaceable,0.0,0.0,0.0,,True,1e-08,0.3694000042742118,1.0
3257,20260729,10,8,17,replaceable,replaceable,0.0,0.0,0.0,,True,1e-08,0.36339998769108206,1.0
3258,20260729,10,8,18,replaceable,replaceable,0.0,0.0,0.0,,True,1e-08,0.3789000038523227,1.0000000000000004
3259,20260729,10,8,19,replaceable,replaceable,0.0,0.0,0.0,,True,1e-08,0.38389999826904386,1.0
3260,20260729,10,8,20,replaceable,replaceable,0.0,0.0,0.0,,True,1e-08,0.35260000731796026,1.0000000000000002
3261,20260729,10,8,21,replaceable,replaceable,0.0,0.0,0.0,,True,1e-08,0.33999999868683517,1.0
3262,20260729,10,8,22,replaceable,replaceable,0.0,0.0,0.0,,True,1e-08,0.3555000002961606,1.0
3263,20260729,10,8,23,replaceable,replaceable,0.0,0.0,0.0,,True,1e-08,0.38699999277014285,0.9999999999999998
3264,20260729,10,8,24,replaceable,replaceable,0.0,0.0,0.0,,True,1e-08,0.3691000019898638,1.0
3265,20260729,10,8,25,replaceable,replaceable,0.0,0.0,0.0,,True,1e-08,0.35940000088885427,1.0
3266,20260729,10,8,26,replaceable,replaceable,0.0,0.0,0.0,,True,1e-08,0.36020000698044896,1.0
3267,20260729,10,8,27,replaceable,replaceable,0.0,0.0,0.0,,True,1e-08,0.36720000207424164,1.0000000000000002
3268,20260729,10,8,28,replaceable,replaceable,0.0,0.0,0.0,,True,1e-08,0.3744999994523823,0.9999999999999996
3269,20260729,10,8,29,replaceable,replaceable,0.0,0.0,0.0,,True,1e-08,0.368200009688735,1.0
3270,20260729,10,8,30,replaceable,replaceable,0.0,0.0,0.0,,True,1e-08,0.3474000113783404,0.9999999999999998
3271,20260729,10,8,31,replaceable,replaceable,0.0,0.0,0.0,,True,1e-08,0.34589999995660037,1.0
3272,20260729,10,8,32,replaceable,replaceable,0.0,0.0,0.0,,True,1e-08,0.3400999994482845,0.9999999999999997
3273,20260729,10,8,33,replaceable,replaceable,0.0,0.0,0.0,,True,1e-08,0.3544999926816672,0.9999999999999998
3274,20260729,10,8,34,replaceable,replaceable,0.0,0.0,0.0,,True,1e-08,0.3792999923462048,0.9999999999999999
3275,20260729,10,8,35,replaceable,replaceable,0.0,0.0,0.0,,True,1e-08,0.36929998896084726,1.0
3276,20260729,10,8,36,replaceable,replaceable,0.0,0.0,0.0,,True,1e-08,0.37959999463055283,1.0000000000000018
3277,20260729,10,8,37,replaceable,replaceable,0.0,0.0,0.0,,True,1e-08,0.3530999965732917,1.0
3278,20260729,10,8,38,replaceable,replaceable,0.0,0.0,0.0,,True,1e-08,0.3541000041877851,0.9999999999999998
3279,20260729,10,8,39,replaceable,replaceable,0.0,0.0,0.0,,True,1e-08,0.3699999942909926,0.9999999999999999
3280,20260729,10,8,40,replaceable,replaceable,0.0,0.0,0.0,,True,1e-08,0.35570000181905925,1.0
3281,20260729,10,8,41,replaceable,replaceable,0.0,0.0,0.0,,True,1e-08,0.3378999972483143,1.0000000000000004
3282,20260729,10,8,42,replaceable,replaceable,0.0,0.0,0.0,,True,1e-08,0.33000000985339284,1.0000000000000002
3283,20260729,10,8,43,replaceable,replaceable,0.0,0.0,0.0,,True,1e-08,0.33999999868683517,1.0000000000000002
3284,20260729,10,8,44,replaceable,replaceable,0.0,0.0,0.0,,True,1e-08,0.37229999725241214,1.0
3285,20260729,10,8,45,replaceable,replaceable,0.0,0.0,0.0,,True,1e-08,0.3625999961514026,1.0
3286,20260729,10,8,46,replaceable,replaceable,0.0,0.0,0.0,,True,1e-08,0.36249999538995326,1.0
3287,20260729,10,8,47,replaceable,replaceable,0.0,0.0,0.0,,True,1e-08,0.3605999954743311,1.0
3288,20260729,10,8,48,replaceable,replaceable,0.0,0.0,0.0,,True,1e-08,0.352299990481697,1.0
3289,20260729,10,8,49,replaceable,replaceable,0.0,0.0,0.0,,True,1e-08,0.3711000026669353,1.0
3290,20260729,10,8,50,replaceable,replaceable,0.0,0.0,0.0,,True,1e-08,0.36160000308882445,1.0000000000000002
3291,20260729,10,8,51,replaceable,replaceable,0.0,0.0,0.0,,True,1e-08,0.3637000045273453,1.0
3292,20260729,10,8,52,replaceable,replaceable,0.0,0.0,0.0,,True,1e-08,0.34640000376384705,1.0000000000000002
3293,20260729,10,8,53,replaceable,replaceable,0.0,0.0,0.0,,True,1e-08,0.3349999897181988,1.0
3294,20260729,10,8,54,replaceable,replaceable,0.0,0.0,0.0,,True,1e-08,0.33399999665562063,0.9999999999999998
3295,20260729,10,8,55,replaceable,replaceable,0.0,0.0,0.0,,True,1e-08,0.4797000001417473,1.0
3296,20260729,10,8,56,replaceable,replaceable,0.0,0.0,0.0,,True,1e-08,0.4417000018293038,0.9999999999999998
3297,20260729,10,8,57,replaceable,replaceable,0.0,0.0,0.0,,True,1e-08,0.4123999970033765,0.9999999999999998
3298,20260729,10,8,58,replaceable,replaceable,0.0,0.0,0.0,,True,1e-08,0.5291000124998391,0.9999999999999997
3299,20260729,10,8,59,replaceable,replaceable,0.0,0.0,0.0,,True,1e-08,0.4609000025084242,0.9999999999999999
3300,20260729,10,8,0,separable,separable,1.3639228783520014,0.0,,0.6819614391760007,True,1e-08,0.44859999616164714,1.0
3301,20260729,10,8,1,separable,separable,1.641171378243963,0.0,,0.8205856891219815,True,1e-08,0.35269999352749437,1.0
3302,20260729,10,8,2,separable,separable,1.4703417902562135,0.0,,0.7351708951281066,True,1e-08,0.37560000782832503,1.0
3303,20260729,10,8,3,separable,separable,1.6959095407943623,0.0,,0.8479547703971811,True,1e-08,0.46890000521671027,1.0
3304,20260729,10,8,4,separable,separable,1.6441034455848313,0.0,,0.8220517227924156,True,1e-08,0.3802999999606982,1.0
3305,20260729,10,8,5,separable,separable,1.5098396575437563,0.0,,0.7549198287718784,True,1e-08,0.4141999961575493,1.0
3306,20260729,10,8,6,separable,separable,1.51687779527042,0.0,,0.75843889763521,True,1e-08,0.36249999538995326,1.0
3307,20260729,10,8,7,separable,separable,1.4686210072912114,0.0,,0.7343105036456057,True,1e-08,0.45259999751579016,1.0
3308,20260729,10,8,8,separable,separable,1.7550242840337198,0.0,,0.8775121420168599,True,1e-08,0.41739999142009765,1.0
3309,20260729,10,8,9,separable,separable,1.0047780871866487,0.0,,0.5023890435933243,True,1e-08,0.4417999880388379,1.0
3310,20260729,10,8,10,separable,separable,1.4607761822861218,0.0,,0.7303880911430609,True,1e-08,0.3935999993700534,1.0
3311,20260729,10,8,11,separable,separable,1.5589196312305351,0.0,,0.7794598156152673,True,1e-08,0.3313999914098531,1.0
3312,20260729,10,8,12,separable,separable,1.4417290609482243,0.0,,0.7208645304741121,True,1e-08,0.3820000129053369,1.0
3313,20260729,10,8,13,separable,separable,1.7303499393453667,0.0,,0.8651749696726834,True,1e-08,0.4631000047083944,1.0
3314,20260729,10,8,14,separable,separable,1.5655219480547415,0.0,,0.7827609740273709,True,1e-08,0.3419999993639067,1.0
3315,20260729,10,8,15,separable,separable,1.4878900661285153,0.0,,0.7439450330642576,True,1e-08,0.3333999920869246,1.0
3316,20260729,10,8,16,separable,separable,1.7307871251442564,0.0,,0.8653935625721283,True,1e-08,0.38579999818466604,1.0
3317,20260729,10,8,17,separable,separable,1.517446901133595,0.0,,0.7587234505667975,True,1e-08,0.5071999912615865,1.0
3318,20260729,10,8,18,separable,separable,1.8105047105250107,0.0,,0.9052523552625054,True,1e-08,0.39679999463260174,1.0
3319,20260729,10,8,19,separable,separable,1.5644261824377137,0.0,,0.7822130912188567,True,1e-08,0.4295999970054254,1.0
3320,20260729,10,8,20,separable,separable,1.5622137433758752,0.0,,0.7811068716879377,True,1e-08,0.36789999285247177,1.0
3321,20260729,10,8,21,separable,separable,1.7196146715669716,0.0,,0.8598073357834857,True,1e-08,0.3794999938691035,1.0
3322,20260729,10,8,22,separable,separable,1.7159595469026805,0.0,,0.8579797734513404,True,1e-08,0.4394999996293336,1.0
3323,20260729,10,8,23,separable,separable,1.3840064053785575,0.0,,0.6920032026892788,True,1e-08,0.34890000824816525,1.0
3324,20260729,10,8,24,separable,separable,1.7274084696740688,0.0,,0.8637042348370345,True,1e-08,0.3474000113783404,1.0
3325,20260729,10,8,25,separable,separable,1.496713372053495,0.0,,0.7483566860267477,True,1e-08,0.3991999983554706,1.0
3326,20260729,10,8,26,separable,separable,1.4804312316847699,0.0,,0.7402156158423847,True,1e-08,0.5249999958323315,1.0
3327,20260729,10,8,27,separable,separable,1.6140898706207742,0.0,,0.807044935310387,True,1e-08,0.3934999986086041,1.0
3328,20260729,10,8,28,separable,separable,1.474901447234653,0.0,,0.7374507236173267,True,1e-08,0.3991999983554706,1.0
3329,20260729,10,8,29,separable,separable,1.414645875885871,0.0,,0.7073229379429354,True,1e-08,0.3358999965712428,1.0
3330,20260729,10,8,30,separable,separable,1.5064142663167228,0.0,,0.7532071331583614,True,1e-08,0.4709999921033159,1.0
3331,20260729,10,8,31,separable,separable,1.7680171188317062,0.0,,0.8840085594158531,True,1e-08,0.41819999751169235,1.0
3332,20260729,10,8,32,separable,separable,1.4637256414793278,0.0,,0.731862820739664,True,1e-08,0.41399999463465065,1.0
3333,20260729,10,8,33,separable,separable,1.6960858309095526,0.0,,0.8480429154547764,True,1e-08,0.41140000394079834,1.0
3334,20260729,10,8,34,separable,separable,1.3959252938818356,0.0,,0.6979626469409178,True,1e-08,0.414699999964796,1.0
3335,20260729,10,8,35,separable,separable,1.6851210680884674,0.0,,0.8425605340442337,True,1e-08,0.4054000019095838,1.0
3336,20260729,10,8,36,separable,separable,1.541849321030136,0.0,,0.7709246605150681,True,1e-08,0.40180000360123813,1.0
3337,20260729,10,8,37,separable,separable,1.7285296616180716,0.0,,0.8642648308090359,True,1e-08,0.4010999982710928,1.0
3338,20260729,10,8,38,separable,separable,1.5925864026543606,0.0,,0.7962932013271803,True,1e-08,0.408500010962598,1.0
3339,20260729,10,8,39,separable,separable,1.6597441922159661,0.0,,0.8298720961079831,True,1e-08,0.3893999964930117,1.0
3340,20260729,10,8,40,separable,separable,1.4460193177379403,0.0,,0.7230096588689703,True,1e-08,0.37000000884290785,1.0
3341,20260729,10,8,41,separable,separable,1.4734683180059724,0.0,,0.7367341590029861,True,1e-08,0.33179999445565045,1.0
3342,20260729,10,8,42,separable,separable,1.6144256525948006,0.0,,0.8072128262974003,True,1e-08,0.3961999900639057,1.0
3343,20260729,10,8,43,separable,separable,1.5476653181566173,0.0,,0.7738326590783087,True,1e-08,0.4000000044470653,1.0
3344,20260729,10,8,44,separable,separable,1.4605269882202179,0.0,,0.7302634941101089,True,1e-08,0.3958999877795577,1.0
3345,20260729,10,8,45,separable,separable,1.6841406839160311,0.0,,0.8420703419580156,True,1e-08,0.3924999909941107,1.0
3346,20260729,10,8,46,separable,separable,1.76859207404494,0.0,,0.88429603702247,True,1e-08,0.39169999945443124,1.0
3347,20260729,10,8,47,separable,separable,1.3338691485490244,0.0,,0.6669345742745122,True,1e-08,0.3961000038543716,1.0
3348,20260729,10,8,48,separable,separable,1.7730250998716368,0.0,,0.8865125499358183,True,1e-08,0.39590000233147293,1.0
3349,20260729,10,8,49,separable,separable,1.7071802341219158,0.0,,0.8535901170609579,True,1e-08,0.3701000096043572,1.0
3350,20260729,10,8,50,separable,separable,1.179923306822504,0.0,,0.589961653411252,True,1e-08,0.36639999598264694,1.0
3351,20260729,10,8,51,separable,separable,1.3444717120185186,0.0,,0.6722358560092594,True,1e-08,0.3708000003825873,1.0
3352,20260729,10,8,52,separable,separable,1.5664609392001634,0.0,,0.7832304696000817,True,1e-08,0.4267000040272251,1.0
3353,20260729,10,8,53,separable,separable,1.2067130308811724,0.0,,0.6033565154405864,True,1e-08,0.3929999948013574,1.0
3354,20260729,10,8,54,separable,separable,1.4113197700998752,0.0,,0.7056598850499376,True,1e-08,0.342100000125356,1.0
3355,20260729,10,8,55,separable,separable,1.32986613421239,0.0,,0.664933067106195,True,1e-08,0.3333000058773905,1.0
3356,20260729,10,8,56,separable,separable,1.747143336988747,0.0,,0.8735716684943734,True,1e-08,0.32700000156182796,1.0
3357,20260729,10,8,57,separable,separable,1.6124614350283881,0.0,,0.8062307175141942,True,1e-08,0.37710000469814986,1.0
3358,20260729,10,8,58,separable,separable,1.3926792331452047,0.0,,0.6963396165726023,True,1e-08,0.3426000039326027,1.0
3359,20260729,10,8,59,separable,separable,1.1564299316833149,0.0,,0.5782149658416575,True,1e-08,0.3260999947087839,1.0
3360,20260729,10,8,0,near_boundary,separable,2.000000000157023e-07,1e-07,,9.999999999940612e-08,True,1e-08,0.3360000118846074,0.9999999999999999
3361,20260729,10,8,1,near_boundary,separable,2.000000000025584e-07,1e-07,,9.999999999940612e-08,True,1e-08,0.36619999445974827,1.0
3362,20260729,10,8,2,near_boundary,separable,2.0000000000018128e-07,1e-07,,9.999999999940612e-08,True,1e-08,0.3487000067252666,1.0
3363,20260729,10,8,3,near_boundary,separable,1.9999999999767483e-07,1e-07,,9.999999999940612e-08,True,1e-08,0.35870001011062413,1.0000000000000002
3364,20260729,10,8,4,near_boundary,separable,2.0000000000013403e-07,1e-07,,9.999999999940612e-08,True,1e-08,0.3630999999586493,0.9999999999999998
3365,20260729,10,8,5,near_boundary,separable,1.9999999999881227e-07,1e-07,,9.999999999940612e-08,True,1e-08,0.35230000503361225,1.0
3366,20260729,10,8,6,near_boundary,separable,1.999999999988122e-07,1e-07,,9.999999999940612e-08,True,1e-08,0.3499000013107434,1.0
3367,20260729,10,8,7,near_boundary,separable,2.0000000001026823e-07,1e-07,,9.999999999940612e-08,True,1e-08,0.3541000041877851,1.0
3368,20260729,10,8,8,near_boundary,separable,1.9999999999958902e-07,1e-07,,9.999999999940612e-08,True,1e-08,0.3630999999586493,1.0
3369,20260729,10,8,9,near_boundary,separable,2.000000000121774e-07,1e-07,,9.999999999940612e-08,True,1e-08,0.35429999115876853,1.0
3370,20260729,10,8,10,near_boundary,separable,2.0000000002345338e-07,1e-07,,9.999999999940612e-08,True,1e-08,0.33639998582657427,1.0
3371,20260729,10,8,11,near_boundary,separable,1.9999999999952118e-07,1e-07,,9.999999999940612e-08,True,1e-08,0.32780000765342265,1.0
3372,20260729,10,8,12,near_boundary,separable,1.9999999999015064e-07,1e-07,,9.999999999940612e-08,True,1e-08,0.3522000042721629,1.0000000000000002
3373,20260729,10,8,13,near_boundary,separable,1.9999999999881224e-07,1e-07,,9.999999999940612e-08,True,1e-08,0.34759999834932387,1.0
3374,20260729,10,8,14,near_boundary,separable,2.000000000022819e-07,1e-07,,9.999999999940612e-08,True,1e-08,0.3559000033419579,1.0
3375,20260729,10,8,15,near_boundary,separable,2.0000000000432317e-07,1e-07,,9.999999999940612e-08,True,1e-08,0.3561000048648566,1.0
3376,20260729,10,8,16,near_boundary,separable,1.9999999999940053e-07,1e-07,,9.999999999940612e-08,True,1e-08,0.37900000461377203,1.0
3377,20260729,10,8,17,near_boundary,separable,1.9999999998189773e-07,1e-07,,9.999999999940612e-08,True,1e-08,0.3496999997878447,1.0
3378,20260729,10,8,18,near_boundary,separable,1.9999999997384001e-07,1e-07,,9.999999999940612e-08,True,1e-08,0.3566999948816374,1.0000000000000004
3379,20260729,10,8,19,near_boundary,separable,2.0000000002278968e-07,1e-07,,9.999999999940612e-08,True,1e-08,0.3493000112939626,1.0
3380,20260729,10,8,20,near_boundary,separable,1.999999999815162e-07,1e-07,,9.999999999940612e-08,True,1e-08,0.3502000035950914,1.0
3381,20260729,10,8,21,near_boundary,separable,2.000000000068527e-07,1e-07,,9.999999999940612e-08,True,1e-08,0.3397999971639365,0.9999999999999998
3382,20260729,10,8,22,near_boundary,separable,1.9999999996374687e-07,1e-07,,9.999999999940612e-08,True,1e-08,0.32550000469200313,1.0
3383,20260729,10,8,23,near_boundary,separable,1.9999999999930704e-07,1e-07,,9.999999999940612e-08,True,1e-08,0.3318999952170998,1.0
3384,20260729,10,8,24,near_boundary,separable,2.0000000002262085e-07,1e-07,,9.999999999940612e-08,True,1e-08,0.360500009264797,0.9999999999999998
3385,20260729,10,8,25,near_boundary,separable,2.0000000004077076e-07,1e-07,,9.999999999940612e-08,True,1e-08,0.3412999940337613,0.9999999999999998
3386,20260729,10,8,26,near_boundary,separable,1.9999999998649842e-07,1e-07,,9.999999999940612e-08,True,1e-08,0.35200000274926424,1.0000000000000002
3387,20260729,10,8,27,near_boundary,separable,2.0000000001097786e-07,1e-07,,9.999999999940612e-08,True,1e-08,0.3563000063877553,1.0
3388,20260729,10,8,28,near_boundary,separable,1.9999999999881224e-07,1e-07,,9.999999999940612e-08,True,1e-08,0.3411000070627779,1.0
3389,20260729,10,8,29,near_boundary,separable,2.0000000001832078e-07,1e-07,,9.999999999940612e-08,True,1e-08,0.36639999598264694,1.0
3390,20260729,10,8,30,near_boundary,separable,1.9999999999331293e-07,1e-07,,9.999999999940612e-08,True,1e-08,0.34250000317115337,1.0
3391,20260729,10,8,31,near_boundary,separable,2.0000000004580417e-07,1e-07,,9.999999999940612e-08,True,1e-08,0.35110001044813544,0.9999999999999999
3392,20260729,10,8,32,near_boundary,separable,1.9999999999881224e-07,1e-07,,9.999999999940612e-08,True,1e-08,0.335000004270114,1.0
3393,20260729,10,8,33,near_boundary,separable,1.9999999999681906e-07,1e-07,,9.999999999940612e-08,True,1e-08,0.3335999936098233,1.0000000000000002
3394,20260729,10,8,34,near_boundary,separable,1.9999999999780326e-07,1e-07,,9.999999999940612e-08,True,1e-08,0.344899992342107,1.0000000000000009
3395,20260729,10,8,35,near_boundary,separable,2.000000000184713e-07,1e-07,,9.999999999940612e-08,True,1e-08,0.34250000317115337,1.0
3396,20260729,10,8,36,near_boundary,separable,1.999999999750618e-07,1e-07,,9.999999999940612e-08,True,1e-08,0.3521000035107136,0.9999999999999999
3397,20260729,10,8,37,near_boundary,separable,2.0000000003466397e-07,1e-07,,9.999999999940612e-08,True,1e-08,0.34949999826494604,1.0
3398,20260729,10,8,38,near_boundary,separable,2.0000000003967795e-07,1e-07,,9.999999999940612e-08,True,1e-08,0.34159999631810933,0.9999999999999998
3399,20260729,10,8,39,near_boundary,separable,1.9999999999703535e-07,1e-07,,9.999999999940612e-08,True,1e-08,0.3429000062169507,1.0
3400,20260729,10,8,40,near_boundary,separable,2.0000000000228169e-07,1e-07,,9.999999999940612e-08,True,1e-08,0.3426000039326027,1.0
3401,20260729,10,8,41,near_boundary,separable,2.0000000001662659e-07,1e-07,,9.999999999940612e-08,True,1e-08,0.3482000029180199,1.0
3402,20260729,10,8,42,near_boundary,separable,2.000000000012921e-07,1e-07,,9.999999999940612e-08,True,1e-08,0.3538999881129712,1.0
3403,20260729,10,8,43,near_boundary,separable,2.0000000000778285e-07,1e-07,,9.999999999940612e-08,True,1e-08,0.3367000026628375,0.9999999999999999
3404,20260729,10,8,44,near_boundary,separable,2.000000000333971e-07,1e-07,,9.999999999940612e-08,True,1e-08,0.3310999891255051,1.0
3405,20260729,10,8,45,near_boundary,separable,1.999999999956139e-07,1e-07,,9.999999999940612e-08,True,1e-08,0.3429000062169507,1.0
3406,20260729,10,8,46,near_boundary,separable,2.0000000000748077e-07,1e-07,,9.999999999940612e-08,True,1e-08,0.3600000054575503,0.9999999999999998
3407,20260729,10,8,47,near_boundary,separable,1.999999999857539e-07,1e-07,,9.999999999940612e-08,True,1e-08,0.3566000086721033,1.0
3408,20260729,10,8,48,near_boundary,separable,1.9999999999818395e-07,1e-07,,9.999999999940612e-08,True,1e-08,0.34779999987222254,1.0000000000000002
3409,20260729,10,8,49,near_boundary,separable,2.0000000000228174e-07,1e-07,,9.999999999940612e-08,True,1e-08,0.3482000029180199,1.0
3410,20260729,10,8,50,near_boundary,separable,1.999999999989853e-07,1e-07,,9.999999999940612e-08,True,1e-08,0.35880001087207347,1.0
3411,20260729,10,8,51,near_boundary,separable,1.9999999999881224e-07,1e-07,,9.999999999940612e-08,True,1e-08,0.3446000046096742,1.0
3412,20260729,10,8,52,near_boundary,separable,1.999999999846911e-07,1e-07,,9.999999999940612e-08,True,1e-08,0.34559999767225236,1.0
3413,20260729,10,8,53,near_boundary,separable,1.9999999999654351e-07,1e-07,,9.999999999940612e-08,True,1e-08,0.342100000125356,1.0
3414,20260729,10,8,54,near_boundary,separable,1.9999999999804927e-07,1e-07,,9.999999999940612e-08,True,1e-08,0.33689998963382095,1.0
3415,20260729,10,8,55,near_boundary,separable,2.0000000003139257e-07,1e-07,,9.999999999940612e-08,True,1e-08,0.33650000113993883,0.9999999999999966
3416,20260729,10,8,56,near_boundary,separable,1.9999999999881224e-07,1e-07,,9.999999999940612e-08,True,1e-08,0.3243999963160604,1.0
3417,20260729,10,8,57,near_boundary,separable,1.9999999999789702e-07,1e-07,,9.999999999940612e-08,True,1e-08,0.33480000274721533,0.9999999999999999
3418,20260729,10,8,58,near_boundary,separable,1.9999999999881224e-07,1e-07,,9.999999999940612e-08,True,1e-08,0.34699999378062785,1.0
3419,20260729,10,8,59,near_boundary,separable,2.0000000000204293e-07,1e-07,,9.999999999940612e-08,True,1e-08,0.34640000376384705,1.0
3420,20260729,20,12,0,replaceable,replaceable,0.0,0.0,0.0,,True,1e-08,0.49759999092202634,0.9999999999999999
3421,20260729,20,12,1,replaceable,replaceable,0.0,0.0,0.0,,True,1e-08,0.4803000047104433,0.9999999999999994
3422,20260729,20,12,2,replaceable,replaceable,0.0,0.0,0.0,,True,1e-08,0.47050000284798443,0.9999999999999999
3423,20260729,20,12,3,replaceable,replaceable,0.0,0.0,0.0,,True,1e-08,0.45140000293031335,0.9999999999999999
3424,20260729,20,12,4,replaceable,replaceable,0.0,0.0,0.0,,True,1e-08,0.43059999006800354,0.9999999999999999
3425,20260729,20,12,5,replaceable,replaceable,0.0,0.0,0.0,,True,1e-08,0.44010000419802964,0.9999999999999999
3426,20260729,20,12,6,replaceable,replaceable,0.0,0.0,0.0,,True,1e-08,0.47089999134186655,0.9999999999999993
3427,20260729,20,12,7,replaceable,replaceable,0.0,0.0,0.0,,True,1e-08,0.4741000011563301,1.0
3428,20260729,20,12,8,replaceable,replaceable,0.0,0.0,0.0,,True,1e-08,0.4617000086000189,1.0
3429,20260729,20,12,9,replaceable,replaceable,0.0,0.0,0.0,,True,1e-08,0.484800009871833,1.0000000000000002
3430,20260729,20,12,10,replaceable,replaceable,0.0,0.0,0.0,,True,1e-08,0.45479999971576035,1.0
3431,20260729,20,12,11,replaceable,replaceable,0.0,0.0,0.0,,True,1e-08,0.45479999971576035,0.9999999999999999
3432,20260729,20,12,12,replaceable,replaceable,0.0,0.0,0.0,,True,1e-08,0.4562999965855852,0.9999999999999997
3433,20260729,20,12,13,replaceable,replaceable,0.0,0.0,0.0,,True,1e-08,0.4681999998865649,0.9999999999999993
3434,20260729,20,12,14,replaceable,replaceable,0.0,0.0,0.0,,True,1e-08,0.45610000961460173,1.0000000000000007
3435,20260729,20,12,15,replaceable,replaceable,0.0,0.0,0.0,,True,1e-08,0.46859998838044703,1.0000000000000007
3436,20260729,20,12,16,replaceable,replaceable,0.0,0.0,0.0,,True,1e-08,0.47030000132508576,0.9999999999999999
3437,20260729,20,12,17,replaceable,replaceable,0.0,0.0,0.0,,True,1e-08,0.49449999642092735,1.0
3438,20260729,20,12,18,replaceable,replaceable,0.0,0.0,0.0,,True,1e-08,0.4754999972647056,1.0000000000000004
3439,20260729,20,12,19,replaceable,replaceable,0.0,0.0,0.0,,True,1e-08,0.46400001156143844,1.0000000000000004
3440,20260729,20,12,20,replaceable,replaceable,0.0,0.0,0.0,,True,1e-08,0.4639000107999891,1.0000000000000002
3441,20260729,20,12,21,replaceable,replaceable,0.0,0.0,0.0,,True,1e-08,0.4489999992074445,1.0000000000000002
3442,20260729,20,12,22,replaceable,replaceable,0.0,0.0,0.0,,True,1e-08,0.43599998753052205,0.9999999999999998
3443,20260729,20,12,23,replaceable,replaceable,0.0,0.0,0.0,,True,1e-08,0.44770000386051834,0.9999999999999998
3444,20260729,20,12,24,replaceable,replaceable,0.0,0.0,0.0,,True,1e-08,0.46520000614691526,1.0000000000000007
3445,20260729,20,12,25,replaceable,replaceable,0.0,0.0,0.0,,True,1e-08,0.4765999910887331,0.9999999999999996
3446,20260729,20,12,26,replaceable,replaceable,0.0,0.0,0.0,,True,1e-08,0.44940000225324184,1.0
3447,20260729,20,12,27,replaceable,replaceable,0.0,0.0,0.0,,True,1e-08,0.48070000775624067,1.000000000000001
3448,20260729,20,12,28,replaceable,replaceable,0.0,0.0,0.0,,True,1e-08,0.46629999997094274,0.9999999999999998
3449,20260729,20,12,29,replaceable,replaceable,0.0,0.0,0.0,,True,1e-08,0.4662000137614086,0.9999999999999996
3450,20260729,20,12,30,replaceable,replaceable,0.0,0.0,0.0,,True,1e-08,0.4425999941304326,0.9999999999999998
3451,20260729,20,12,31,replaceable,replaceable,0.0,0.0,0.0,,True,1e-08,0.4664000007323921,0.9999999999999999
3452,20260729,20,12,32,replaceable,replaceable,0.0,0.0,0.0,,True,1e-08,0.46520000614691526,1.0
3453,20260729,20,12,33,replaceable,replaceable,0.0,0.0,0.0,,True,1e-08,0.47879999328870326,1.0
3454,20260729,20,12,34,replaceable,replaceable,0.0,0.0,0.0,,True,1e-08,0.4714999959105626,0.9999999999999994
3455,20260729,20,12,35,replaceable,replaceable,0.0,0.0,0.0,,True,1e-08,0.4558000073302537,1.0
3456,20260729,20,12,36,replaceable,replaceable,0.0,0.0,0.0,,True,1e-08,0.47220000124070793,0.9999999999999999
3457,20260729,20,12,37,replaceable,replaceable,0.0,0.0,0.0,,True,1e-08,0.47649999032728374,0.9999999999999998
3458,20260729,20,12,38,replaceable,replaceable,0.0,0.0,0.0,,True,1e-08,0.45989999489393085,1.0000000000000004
3459,20260729,20,12,39,replaceable,replaceable,0.0,0.0,0.0,,True,1e-08,0.46409999777097255,1.0000000000000002
3460,20260729,20,12,40,replaceable,replaceable,0.0,0.0,0.0,,True,1e-08,0.4512000014074147,1.0000000000000002
3461,20260729,20,12,41,replaceable,replaceable,0.0,0.0,0.0,,True,1e-08,0.4621999978553504,1.0
3462,20260729,20,12,42,replaceable,replaceable,0.0,0.0,0.0,,True,1e-08,0.4638999962480739,0.9999999999999998
3463,20260729,20,12,43,replaceable,replaceable,0.0,0.0,0.0,,True,1e-08,0.451600004453212,1.0
3464,20260729,20,12,44,replaceable,replaceable,0.0,0.0,0.0,,True,1e-08,0.4569000011542812,1.0
3465,20260729,20,12,45,replaceable,replaceable,0.0,0.0,0.0,,True,1e-08,0.47389999963343143,1.0000000000000004
3466,20260729,20,12,46,replaceable,replaceable,0.0,0.0,0.0,,True,1e-08,0.4324000037740916,0.9999999999999996
3467,20260729,20,12,47,replaceable,replaceable,0.0,0.0,0.0,,True,1e-08,0.44249999336898327,0.9999999999999999
3468,20260729,20,12,48,replaceable,replaceable,0.0,0.0,0.0,,True,1e-08,0.4456000024219975,1.0
3469,20260729,20,12,49,replaceable,replaceable,0.0,0.0,0.0,,True,1e-08,0.4904999950667843,1.0000000000000002
3470,20260729,20,12,50,replaceable,replaceable,0.0,0.0,0.0,,True,1e-08,0.4715999966720119,1.0
3471,20260729,20,12,51,replaceable,replaceable,0.0,0.0,0.0,,True,1e-08,0.46999999904073775,0.9999999999999998
3472,20260729,20,12,52,replaceable,replaceable,0.0,0.0,0.0,,True,1e-08,0.46239999937824905,0.9999999999999999
3473,20260729,20,12,53,replaceable,replaceable,0.0,0.0,0.0,,True,1e-08,0.4504000098677352,0.9999999999999996
3474,20260729,20,12,54,replaceable,replaceable,0.0,0.0,0.0,,True,1e-08,0.4604999994626269,0.9999999999999996
3475,20260729,20,12,55,replaceable,replaceable,0.0,0.0,0.0,,True,1e-08,0.4419999895617366,1.0000000000000002
3476,20260729,20,12,56,replaceable,replaceable,0.0,0.0,0.0,,True,1e-08,0.44270000944379717,1.0
3477,20260729,20,12,57,replaceable,replaceable,0.0,0.0,0.0,,True,1e-08,0.4675000091083348,1.0
3478,20260729,20,12,58,replaceable,replaceable,0.0,0.0,0.0,,True,1e-08,0.4659999976865947,1.0000000000000002
3479,20260729,20,12,59,replaceable,replaceable,0.0,0.0,0.0,,True,1e-08,0.47559999802615494,0.9999999999999994
3480,20260729,20,12,0,separable,separable,1.8135833115104294,0.0,,0.9067916557552147,True,1e-08,0.4606000002240762,1.0
3481,20260729,20,12,1,separable,separable,1.8171590138654055,0.0,,0.9085795069327026,True,1e-08,0.44519999937620014,1.0
3482,20260729,20,12,2,separable,separable,1.8720561741837478,0.0,,0.9360280870918738,True,1e-08,0.4693999944720417,1.0
3483,20260729,20,12,3,separable,separable,1.661175830300555,0.0,,0.8305879151502774,True,1e-08,0.4378000012366101,1.0
3484,20260729,20,12,4,separable,separable,1.8356745019902043,0.0,,0.9178372509951024,True,1e-08,0.4751999949803576,1.0
3485,20260729,20,12,5,separable,separable,1.721524097474669,0.0,,0.8607620487373346,True,1e-08,0.448200007667765,1.0
3486,20260729,20,12,6,separable,separable,1.8386302555402294,0.0,,0.9193151277701147,True,1e-08,0.46830000064801425,1.0
3487,20260729,20,12,7,separable,separable,1.7563036643254655,0.0,,0.8781518321627327,True,1e-08,0.45009999303147197,1.0
3488,20260729,20,12,8,separable,separable,1.8702285362472542,0.0,,0.935114268123627,True,1e-08,0.45039999531582,1.0
3489,20260729,20,12,9,separable,separable,1.7051764889788494,0.0,,0.8525882444894246,True,1e-08,0.3998000029241666,1.0
3490,20260729,20,12,10,separable,separable,1.7665767949519373,0.0,,0.8832883974759688,True,1e-08,0.4036999889649451,1.0
3491,20260729,20,12,11,separable,separable,1.742432749287249,0.0,,0.8712163746436242,True,1e-08,0.43400000140536577,1.0
3492,20260729,20,12,12,separable,separable,1.8571434428203821,0.0,,0.928571721410191,True,1e-08,0.4489999992074445,1.0
3493,20260729,20,12,13,separable,separable,1.7806868713368829,0.0,,0.8903434356684415,True,1e-08,0.41969999438151717,1.0
3494,20260729,20,12,14,separable,separable,1.787827294192592,0.0,,0.8939136470962958,True,1e-08,0.43590000132098794,1.0
3495,20260729,20,12,15,separable,separable,1.7348287078840388,0.0,,0.8674143539420195,True,1e-08,0.4535000043688342,1.0
3496,20260729,20,12,16,separable,separable,1.8509747338841978,0.0,,0.9254873669420989,True,1e-08,0.44580000394489616,1.0
3497,20260729,20,12,17,separable,separable,1.832157737216927,0.0,,0.9160788686084637,True,1e-08,0.38320000749081373,1.0
3498,20260729,20,12,18,separable,separable,1.795627810285185,0.0,,0.8978139051425924,True,1e-08,0.4394999996293336,1.0
3499,20260729,20,12,19,separable,separable,1.6847576583741337,0.0,,0.8423788291870669,True,1e-08,0.4596999933710322,1.0
3500,20260729,20,12,20,separable,separable,1.7855294323360247,0.0,,0.8927647161680122,True,1e-08,0.44010000419802964,1.0
3501,20260729,20,12,21,separable,separable,1.716046294040997,0.0,,0.8580231470204985,True,1e-08,0.42389999725855887,1.0
3502,20260729,20,12,22,separable,separable,1.802279027197398,0.0,,0.9011395135986991,True,1e-08,0.42460000258870423,1.0
3503,20260729,20,12,23,separable,separable,1.715292404648409,0.0,,0.8576462023242046,True,1e-08,0.4410999972606078,1.0
3504,20260729,20,12,24,separable,separable,1.827851446105648,0.0,,0.9139257230528243,True,1e-08,0.440800009528175,1.0
3505,20260729,20,12,25,separable,separable,1.6538927745726815,0.0,,0.826946387286341,True,1e-08,0.3956000000471249,1.0
3506,20260729,20,12,26,separable,separable,1.77578936879853,0.0,,0.887894684399265,True,1e-08,0.4417000018293038,1.0
3507,20260729,20,12,27,separable,separable,1.7701025858056851,0.0,,0.8850512929028426,True,1e-08,0.450999999884516,1.0
3508,20260729,20,12,28,separable,separable,1.8294908426198897,0.0,,0.9147454213099447,True,1e-08,0.45199999294709414,1.0
3509,20260729,20,12,29,separable,separable,1.7709238289033293,0.0,,0.8854619144516647,True,1e-08,0.44850000995211303,1.0
3510,20260729,20,12,30,separable,separable,1.770880903988993,0.0,,0.8854404519944965,True,1e-08,0.43899999582208693,1.0
3511,20260729,20,12,31,separable,separable,1.7217628828338307,0.0,,0.8608814414169154,True,1e-08,0.443900004029274,1.0
3512,20260729,20,12,32,separable,separable,1.7786039826501931,0.0,,0.8893019913250967,True,1e-08,0.400500008254312,1.0
3513,20260729,20,12,33,separable,separable,1.8345880629000788,0.0,,0.9172940314500394,True,1e-08,0.436800008174032,1.0
3514,20260729,20,12,34,separable,separable,1.8104870028171505,0.0,,0.9052435014085753,True,1e-08,0.42699999175965786,1.0
3515,20260729,20,12,35,separable,separable,1.703836542524893,0.0,,0.8519182712624466,True,1e-08,0.38049998693168163,1.0
3516,20260729,20,12,36,separable,separable,1.7829096551656969,0.0,,0.8914548275828482,True,1e-08,0.43149999692104757,1.0
3517,20260729,20,12,37,separable,separable,1.7659799958858287,0.0,,0.8829899979429142,True,1e-08,0.4444999940460548,1.0
3518,20260729,20,12,38,separable,separable,1.780718958996332,0.0,,0.890359479498166,True,1e-08,0.4292000085115433,1.0
3519,20260729,20,12,39,separable,separable,1.7290376034884851,0.0,,0.8645188017442427,True,1e-08,0.41849999979604036,1.0
3520,20260729,20,12,40,separable,separable,1.6880316092200107,0.0,,0.8440158046100055,True,1e-08,0.38749999657738954,1.0
3521,20260729,20,12,41,separable,separable,1.7302895249020114,0.0,,0.8651447624510057,True,1e-08,0.5283000064082444,1.0
3522,20260729,20,12,42,separable,separable,1.7830786330459054,0.0,,0.8915393165229526,True,1e-08,0.5543000006582588,1.0
3523,20260729,20,12,43,separable,separable,1.7586062459861929,0.0,,0.8793031229930965,True,1e-08,0.5013000045437366,1.0
3524,20260729,20,12,44,separable,separable,1.638295859763173,0.0,,0.8191479298815865,True,1e-08,0.501799993799068,1.0
3525,20260729,20,12,45,separable,separable,1.7764518033309207,0.0,,0.8882259016654606,True,1e-08,0.5105000018374994,1.0
3526,20260729,20,12,46,separable,separable,1.8394581476239018,0.0,,0.919729073811951,True,1e-08,0.4714999959105626,1.0
3527,20260729,20,12,47,separable,separable,1.7627878769879444,0.0,,0.8813939384939721,True,1e-08,0.5225999921094626,1.0
3528,20260729,20,12,48,separable,separable,1.7513084602857345,0.0,,0.8756542301428674,True,1e-08,0.5146000039530918,1.0
3529,20260729,20,12,49,separable,separable,1.6300365369998646,0.0,,0.8150182684999323,True,1e-08,0.5501000123331323,1.0
3530,20260729,20,12,50,separable,separable,1.7391236990607093,0.0,,0.8695618495303548,True,1e-08,0.40600000647827983,1.0
3531,20260729,20,12,51,separable,separable,1.7576382899092313,0.0,,0.8788191449546158,True,1e-08,0.44189998880028725,1.0
3532,20260729,20,12,52,separable,separable,1.6000345550402628,0.0,,0.8000172775201313,True,1e-08,0.44659999548457563,1.0
3533,20260729,20,12,53,separable,separable,1.7507812649738057,0.0,,0.8753906324869026,True,1e-08,0.4735999973490834,1.0
3534,20260729,20,12,54,separable,separable,1.5804763924273428,0.0,,0.7902381962136714,True,1e-08,0.457499991171062,1.0
3535,20260729,20,12,55,separable,separable,1.5726730289584663,0.0,,0.7863365144792331,True,1e-08,0.39879999530967325,1.0
3536,20260729,20,12,56,separable,separable,1.7046436823074387,0.0,,0.8523218411537193,True,1e-08,0.4393999988678843,1.0
3537,20260729,20,12,57,separable,separable,1.737025949063477,0.0,,0.8685129745317384,True,1e-08,0.8087000023806468,1.0
3538,20260729,20,12,58,separable,separable,1.7521398294346173,0.0,,0.8760699147173088,True,1e-08,0.4755000118166208,1.0
3539,20260729,20,12,59,separable,separable,1.7992421699585048,0.0,,0.8996210849792524,True,1e-08,0.46629999997094274,1.0
3540,20260729,20,12,0,near_boundary,separable,1.9999999999879127e-07,1e-07,,9.999999999940612e-08,True,1e-08,0.4645000008167699,1.0
3541,20260729,20,12,1,near_boundary,separable,1.999999999988123e-07,1e-07,,9.999999999940612e-08,True,1e-08,0.4558000073302537,1.0
3542,20260729,20,12,2,near_boundary,separable,2.000000000034714e-07,1e-07,,9.999999999940612e-08,True,1e-08,0.43309999455232173,1.0
3543,20260729,20,12,3,near_boundary,separable,2.0000000000018343e-07,1e-07,,9.999999999940612e-08,True,1e-08,0.4259999986970797,1.0
3544,20260729,20,12,4,near_boundary,separable,1.9999999999146682e-07,1e-07,,9.999999999940612e-08,True,1e-08,0.42729999404400587,1.0000000000000002
3545,20260729,20,12,5,near_boundary,separable,1.9999999999881224e-07,1e-07,,9.999999999940612e-08,True,1e-08,0.46070000098552555,1.0
3546,20260729,20,12,6,near_boundary,separable,1.9999999998834116e-07,1e-07,,9.999999999940612e-08,True,1e-08,0.48800000513438135,1.0000000000000004
3547,20260729,20,12,7,near_boundary,separable,2.0000000000974526e-07,1e-07,,9.999999999940612e-08,True,1e-08,0.4715999966720119,1.0
3548,20260729,20,12,8,near_boundary,separable,1.9999999998650077e-07,1e-07,,9.999999999940612e-08,True,1e-08,0.48260000767186284,1.0
3549,20260729,20,12,9,near_boundary,separable,1.9999999999995425e-07,1e-07,,9.999999999940612e-08,True,1e-08,0.4805999924428761,1.0000000000000002
3550,20260729,20,12,10,near_boundary,separable,1.9999999999596748e-07,1e-07,,9.999999999940612e-08,True,1e-08,0.46740000834688544,1.0
3551,20260729,20,12,11,near_boundary,separable,1.9999999993311663e-07,1e-07,,9.999999999940612e-08,True,1e-08,0.44099999649915844,1.0000000000000087
3552,20260729,20,12,12,near_boundary,separable,1.9999999999279907e-07,1e-07,,9.999999999940612e-08,True,1e-08,0.43280000681988895,1.0000000000000002
3553,20260729,20,12,13,near_boundary,separable,1.9999999999696544e-07,1e-07,,9.999999999940612e-08,True,1e-08,0.4588000010699034,1.0
3554,20260729,20,12,14,near_boundary,separable,1.9999999999881224e-07,1e-07,,9.999999999940612e-08,True,1e-08,0.44690001232083887,1.0
3555,20260729,20,12,15,near_boundary,separable,2.0000000000022914e-07,1e-07,,9.999999999940612e-08,True,1e-08,0.4371999966679141,1.0000000000000002
3556,20260729,20,12,16,near_boundary,separable,1.999999999977935e-07,1e-07,,9.999999999940612e-08,True,1e-08,0.418399999034591,1.0
3557,20260729,20,12,17,near_boundary,separable,1.9999999999881224e-07,1e-07,,9.999999999940612e-08,True,1e-08,0.42949999624397606,1.0
3558,20260729,20,12,18,near_boundary,separable,2.000000000082818e-07,1e-07,,9.999999999940612e-08,True,1e-08,0.43739999819081277,1.0
3559,20260729,20,12,19,near_boundary,separable,1.9999999999113153e-07,1e-07,,9.999999999940612e-08,True,1e-08,0.4434000002220273,0.9999999999999998
3560,20260729,20,12,20,near_boundary,separable,2.0000000000054694e-07,1e-07,,9.999999999940612e-08,True,1e-08,0.4121999954804778,1.0
3561,20260729,20,12,21,near_boundary,separable,1.999999999853479e-07,1e-07,,9.999999999940612e-08,True,1e-08,0.42150000808760524,1.0
3562,20260729,20,12,22,near_boundary,separable,1.9999999999402536e-07,1e-07,,9.999999999940612e-08,True,1e-08,0.4268999909982085,1.0
3563,20260729,20,12,23,near_boundary,separable,2.0000000000424733e-07,1e-07,,9.999999999940612e-08,True,1e-08,0.42779999785125256,1.0000000000000002
3564,20260729,20,12,24,near_boundary,separable,2.0000000000113539e-07,1e-07,,9.999999999940612e-08,True,1e-08,0.4315999976824969,1.0
3565,20260729,20,12,25,near_boundary,separable,1.9999999999896208e-07,1e-07,,9.999999999940612e-08,True,1e-08,0.42320000648032874,1.0
3566,20260729,20,12,26,near_boundary,separable,2.0000000001913484e-07,1e-07,,9.999999999940612e-08,True,1e-08,0.4107999993721023,1.0
3567,20260729,20,12,27,near_boundary,separable,2.000000000046375e-07,1e-07,,9.999999999940612e-08,True,1e-08,0.4231000057188794,1.0
3568,20260729,20,12,28,near_boundary,separable,2.0000000001501127e-07,1e-07,,9.999999999940612e-08,True,1e-08,0.43960000039078295,1.0000000000000004
3569,20260729,20,12,29,near_boundary,separable,2.0000000000826354e-07,1e-07,,9.999999999940612e-08,True,1e-08,0.4068000125698745,0.9999999999999999
3570,20260729,20,12,30,near_boundary,separable,2.0000000002733163e-07,1e-07,,9.999999999940612e-08,True,1e-08,0.43569999979808927,1.0
3571,20260729,20,12,31,near_boundary,separable,2.0000000000143243e-07,1e-07,,9.999999999940612e-08,True,1e-08,0.4132000030949712,1.0
3572,20260729,20,12,32,near_boundary,separable,2.0000000004344008e-07,1e-07,,9.999999999940612e-08,True,1e-08,0.45009999303147197,0.9999999999999998
3573,20260729,20,12,33,near_boundary,separable,2.000000000156054e-07,1e-07,,9.999999999940612e-08,True,1e-08,0.43059999006800354,1.0000000000000002
3574,20260729,20,12,34,near_boundary,separable,1.999999999941947e-07,1e-07,,9.999999999940612e-08,True,1e-08,0.4158999945502728,0.9999999999999999
3575,20260729,20,12,35,near_boundary,separable,1.9999999998228618e-07,1e-07,,9.999999999940612e-08,True,1e-08,0.4158000083407387,1.0
3576,20260729,20,12,36,near_boundary,separable,2.0000000000597673e-07,1e-07,,9.999999999940612e-08,True,1e-08,0.43480000749696046,1.0
3577,20260729,20,12,37,near_boundary,separable,2.000000000047787e-07,1e-07,,9.999999999940612e-08,True,1e-08,0.43140001071151346,1.0000000000000002
3578,20260729,20,12,38,near_boundary,separable,1.9999999999087215e-07,1e-07,,9.999999999940612e-08,True,1e-08,0.421799995820038,1.0
3579,20260729,20,12,39,near_boundary,separable,2.000000000007681e-07,1e-07,,9.999999999940612e-08,True,1e-08,0.4163999983575195,1.0
3580,20260729,20,12,40,near_boundary,separable,1.9999999999881224e-07,1e-07,,9.999999999940612e-08,True,1e-08,0.41059999784920365,1.0
3581,20260729,20,12,41,near_boundary,separable,1.999999999754542e-07,1e-07,,9.999999999940612e-08,True,1e-08,0.4312000091886148,0.9999999999999998
3582,20260729,20,12,42,near_boundary,separable,1.999999999384892e-07,1e-07,,9.999999999940612e-08,True,1e-08,0.43480000749696046,1.0000000000000004
3583,20260729,20,12,43,near_boundary,separable,2.0000000003441102e-07,1e-07,,9.999999999940612e-08,True,1e-08,0.4290000069886446,1.0
3584,20260729,20,12,44,near_boundary,separable,2.0000000000220005e-07,1e-07,,9.999999999940612e-08,True,1e-08,0.4006999952252954,1.0
3585,20260729,20,12,45,near_boundary,separable,1.999999999801358e-07,1e-07,,9.999999999940612e-08,True,1e-08,0.42830000165849924,1.0000000000000004
3586,20260729,20,12,46,near_boundary,separable,2.0000000000502475e-07,1e-07,,9.999999999940612e-08,True,1e-08,0.42189999658148736,1.0
3587,20260729,20,12,47,near_boundary,separable,1.9999999999923533e-07,1e-07,,9.999999999940612e-08,True,1e-08,0.44160000106785446,1.0
3588,20260729,20,12,48,near_boundary,separable,1.999999999951385e-07,1e-07,,9.999999999940612e-08,True,1e-08,0.41900000360328704,0.9999999999999998
3589,20260729,20,12,49,near_boundary,separable,2.000000000084753e-07,1e-07,,9.999999999940612e-08,True,1e-08,0.4212000058032572,1.0
3590,20260729,20,12,50,near_boundary,separable,1.999999999340416e-07,1e-07,,9.999999999940612e-08,True,1e-08,0.44099999649915844,1.0000000000000109
3591,20260729,20,12,51,near_boundary,separable,1.9999999999799168e-07,1e-07,,9.999999999940612e-08,True,1e-08,0.4341000021668151,1.0
3592,20260729,20,12,52,near_boundary,separable,1.9999999999755379e-07,1e-07,,9.999999999940612e-08,True,1e-08,0.44970000453758985,1.0
3593,20260729,20,12,53,near_boundary,separable,1.999999999919128e-07,1e-07,,9.999999999940612e-08,True,1e-08,0.4427999956533313,1.0
3594,20260729,20,12,54,near_boundary,separable,2.000000000018387e-07,1e-07,,9.999999999940612e-08,True,1e-08,0.4243000003043562,1.0
3595,20260729,20,12,55,near_boundary,separable,2.0000000001291963e-07,1e-07,,9.999999999940612e-08,True,1e-08,0.4450999986147508,0.9999999999999999
3596,20260729,20,12,56,near_boundary,separable,1.999999999970447e-07,1e-07,,9.999999999940612e-08,True,1e-08,0.44809999235440046,0.9999999999999998
3597,20260729,20,12,57,near_boundary,separable,1.9999999999881224e-07,1e-07,,9.999999999940612e-08,True,1e-08,0.39939999987836927,1.0
3598,20260729,20,12,58,near_boundary,separable,2.0000000000308473e-07,1e-07,,9.999999999940612e-08,True,1e-08,0.4236999957356602,1.0
3599,20260729,20,12,59,near_boundary,separable,2.0000000001675647e-07,1e-07,,9.999999999940612e-08,True,1e-08,0.447300000814721,0.9999999999999996
