trial,seed,dimension,alternative_count,l1_distance,analytic_separation_margin,tolerance,classification
120,20260725,3,4,1.9999999996526063e-07,1.0000000000287557e-07,1e-10,separable
120,20260725,3,4,1.9999999996526063e-07,1.0000000000287557e-07,1e-08,separable
120,20260725,3,4,1.9999999996526063e-07,1.0000000000287557e-07,1e-06,replaceable
121,20260725,3,4,1.9999999998630426e-07,9.999999999940612e-08,1e-10,separable
121,20260725,3,4,1.9999999998630426e-07,9.999999999940612e-08,1e-08,separable
121,20260725,3,4,1.9999999998630426e-07,9.999999999940612e-08,1e-06,replaceable
122,20260725,3,4,1.999999999330956e-07,9.999999999940612e-08,1e-10,separable
122,20260725,3,4,1.999999999330956e-07,9.999999999940612e-08,1e-08,separable
122,20260725,3,4,1.999999999330956e-07,9.999999999940612e-08,1e-06,replaceable
123,20260725,3,4,1.9999999994813145e-07,9.999999999940612e-08,1e-10,separable
123,20260725,3,4,1.9999999994813145e-07,9.999999999940612e-08,1e-08,separable
123,20260725,3,4,1.9999999994813145e-07,9.999999999940612e-08,1e-06,replaceable
124,20260725,3,4,2.0000000000575113e-07,1.0000000000287557e-07,1e-10,separable
124,20260725,3,4,2.0000000000575113e-07,1.0000000000287557e-07,1e-08,separable
124,20260725,3,4,2.0000000000575113e-07,1.0000000000287557e-07,1e-06,replaceable
125,20260725,3,4,1.9999999983690978e-07,9.999999999940612e-08,1e-10,separable
125,20260725,3,4,1.9999999983690978e-07,9.999999999940612e-08,1e-08,separable
125,20260725,3,4,1.9999999983690978e-07,9.999999999940612e-08,1e-06,replaceable
126,20260725,3,4,1.9999999989718051e-07,9.999999999940612e-08,1e-10,separable
126,20260725,3,4,1.9999999989718051e-07,9.999999999940612e-08,1e-08,separable
126,20260725,3,4,1.9999999989718051e-07,9.999999999940612e-08,1e-06,replaceable
127,20260725,3,4,1.9999999993821571e-07,9.999999999940612e-08,1e-10,separable
127,20260725,3,4,1.9999999993821571e-07,9.999999999940612e-08,1e-08,separable
127,20260725,3,4,1.9999999993821571e-07,9.999999999940612e-08,1e-06,replaceable
128,20260725,3,4,1.9999999996921633e-07,9.999999999940612e-08,1e-10,separable
128,20260725,3,4,1.9999999996921633e-07,9.999999999940612e-08,1e-08,separable
128,20260725,3,4,1.9999999996921633e-07,9.999999999940612e-08,1e-06,replaceable
129,20260725,3,4,2.0000000014547065e-07,9.999999999940612e-08,1e-10,separable
129,20260725,3,4,2.0000000014547065e-07,9.999999999940612e-08,1e-08,separable
129,20260725,3,4,2.0000000014547065e-07,9.999999999940612e-08,1e-06,replaceable
130,20260725,3,4,1.999999999524796e-07,1.0000000000287557e-07,1e-10,separable
130,20260725,3,4,1.999999999524796e-07,1.0000000000287557e-07,1e-08,separable
130,20260725,3,4,1.999999999524796e-07,1.0000000000287557e-07,1e-06,replaceable
131,20260725,3,4,2.0000000003523974e-07,1.0000000000287557e-07,1e-10,separable
131,20260725,3,4,2.0000000003523974e-07,1.0000000000287557e-07,1e-08,separable
131,20260725,3,4,2.0000000003523974e-07,1.0000000000287557e-07,1e-06,replaceable
132,20260725,3,4,1.9999999996726074e-07,1.0000000000287557e-07,1e-10,separable
132,20260725,3,4,1.9999999996726074e-07,1.0000000000287557e-07,1e-08,separable
132,20260725,3,4,1.9999999996726074e-07,1.0000000000287557e-07,1e-06,replaceable
133,20260725,3,4,1.9999999992485155e-07,1.0000000000287557e-07,1e-10,separable
133,20260725,3,4,1.9999999992485155e-07,1.0000000000287557e-07,1e-08,separable
133,20260725,3,4,1.9999999992485155e-07,1.0000000000287557e-07,1e-06,replaceable
134,20260725,3,4,1.9999999999881224e-07,9.999999999940612e-08,1e-10,separable
134,20260725,3,4,1.9999999999881224e-07,9.999999999940612e-08,1e-08,separable
134,20260725,3,4,1.9999999999881224e-07,9.999999999940612e-08,1e-06,replaceable
135,20260725,3,4,1.9999999998563585e-07,9.999999999940612e-08,1e-10,separable
135,20260725,3,4,1.9999999998563585e-07,9.999999999940612e-08,1e-08,separable
135,20260725,3,4,1.9999999998563585e-07,9.999999999940612e-08,1e-06,replaceable
136,20260725,3,4,2.0000000001879332e-07,9.999999999940612e-08,1e-10,separable
136,20260725,3,4,2.0000000001879332e-07,9.999999999940612e-08,1e-08,separable
136,20260725,3,4,2.0000000001879332e-07,9.999999999940612e-08,1e-06,replaceable
137,20260725,3,4,1.9999999996451418e-07,1.0000000000287557e-07,1e-10,separable
137,20260725,3,4,1.9999999996451418e-07,1.0000000000287557e-07,1e-08,separable
137,20260725,3,4,1.9999999996451418e-07,1.0000000000287557e-07,1e-06,replaceable
138,20260725,3,4,2.0000000005008415e-07,9.999999999940612e-08,1e-10,separable
138,20260725,3,4,2.0000000005008415e-07,9.999999999940612e-08,1e-08,separable
138,20260725,3,4,2.0000000005008415e-07,9.999999999940612e-08,1e-06,replaceable
139,20260725,3,4,2.0000000001521778e-07,1.0000000000287557e-07,1e-10,separable
139,20260725,3,4,2.0000000001521778e-07,1.0000000000287557e-07,1e-08,separable
139,20260725,3,4,2.0000000001521778e-07,1.0000000000287557e-07,1e-06,replaceable
140,20260725,3,4,1.9999999994677053e-07,9.999999999940612e-08,1e-10,separable
140,20260725,3,4,1.9999999994677053e-07,9.999999999940612e-08,1e-08,separable
140,20260725,3,4,1.9999999994677053e-07,9.999999999940612e-08,1e-06,replaceable
141,20260725,3,4,2.0000000010816567e-07,1.0000000000287557e-07,1e-10,separable
141,20260725,3,4,2.0000000010816567e-07,1.0000000000287557e-07,1e-08,separable
141,20260725,3,4,2.0000000010816567e-07,1.0000000000287557e-07,1e-06,replaceable
142,20260725,3,4,1.9999999999209016e-07,9.999999999940612e-08,1e-10,separable
142,20260725,3,4,1.9999999999209016e-07,9.999999999940612e-08,1e-08,separable
142,20260725,3,4,1.9999999999209016e-07,9.999999999940612e-08,1e-06,replaceable
143,20260725,3,4,2.0000000003043658e-07,9.999999999940612e-08,1e-10,separable
143,20260725,3,4,2.0000000003043658e-07,9.999999999940612e-08,1e-08,separable
143,20260725,3,4,2.0000000003043658e-07,9.999999999940612e-08,1e-06,replaceable
144,20260725,3,4,2.0000000004809929e-07,1.0000000000287557e-07,1e-10,separable
144,20260725,3,4,2.0000000004809929e-07,1.0000000000287557e-07,1e-08,separable
144,20260725,3,4,2.0000000004809929e-07,1.0000000000287557e-07,1e-06,replaceable
145,20260725,3,4,2.000000000422141e-07,9.999999999940612e-08,1e-10,separable
145,20260725,3,4,2.000000000422141e-07,9.999999999940612e-08,1e-08,separable
145,20260725,3,4,2.000000000422141e-07,9.999999999940612e-08,1e-06,replaceable
146,20260725,3,4,1.9999999991526935e-07,1.0000000000287557e-07,1e-10,separable
146,20260725,3,4,1.9999999991526935e-07,1.0000000000287557e-07,1e-08,separable
146,20260725,3,4,1.9999999991526935e-07,1.0000000000287557e-07,1e-06,replaceable
147,20260725,3,4,2.0000000002818147e-07,1.0000000000287557e-07,1e-10,separable
147,20260725,3,4,2.0000000002818147e-07,1.0000000000287557e-07,1e-08,separable
147,20260725,3,4,2.0000000002818147e-07,1.0000000000287557e-07,1e-06,replaceable
148,20260725,3,4,2.0000000001831896e-07,9.999999999940612e-08,1e-10,separable
148,20260725,3,4,2.0000000001831896e-07,9.999999999940612e-08,1e-08,separable
148,20260725,3,4,2.0000000001831896e-07,9.999999999940612e-08,1e-06,replaceable
149,20260725,3,4,1.9999999993293703e-07,1.0000000000287557e-07,1e-10,separable
149,20260725,3,4,1.9999999993293703e-07,1.0000000000287557e-07,1e-08,separable
149,20260725,3,4,1.9999999993293703e-07,1.0000000000287557e-07,1e-06,replaceable
150,20260725,3,4,2.0000000001733992e-07,1.0000000000287557e-07,1e-10,separable
150,20260725,3,4,2.0000000001733992e-07,1.0000000000287557e-07,1e-08,separable
150,20260725,3,4,2.0000000001733992e-07,1.0000000000287557e-07,1e-06,replaceable
151,20260725,3,4,2.000000000026413e-07,1.0000000000287557e-07,1e-10,separable
151,20260725,3,4,2.000000000026413e-07,1.0000000000287557e-07,1e-08,separable
151,20260725,3,4,2.000000000026413e-07,1.0000000000287557e-07,1e-06,replaceable
152,20260725,3,4,1.9999999996696076e-07,1.0000000000287557e-07,1e-10,separable
152,20260725,3,4,1.9999999996696076e-07,1.0000000000287557e-07,1e-08,separable
152,20260725,3,4,1.9999999996696076e-07,1.0000000000287557e-07,1e-06,replaceable
153,20260725,3,4,1.9999999998501746e-07,9.999999999940612e-08,1e-10,separable
153,20260725,3,4,1.9999999998501746e-07,9.999999999940612e-08,1e-08,separable
153,20260725,3,4,1.9999999998501746e-07,9.999999999940612e-08,1e-06,replaceable
154,20260725,3,4,2.000000000035028e-07,9.999999999940612e-08,1e-10,separable
154,20260725,3,4,2.000000000035028e-07,9.999999999940612e-08,1e-08,separable
154,20260725,3,4,2.000000000035028e-07,9.999999999940612e-08,1e-06,replaceable
155,20260725,3,4,2.0000000005920802e-07,1.0000000000287557e-07,1e-10,separable
155,20260725,3,4,2.0000000005920802e-07,1.0000000000287557e-07,1e-08,separable
155,20260725,3,4,2.0000000005920802e-07,1.0000000000287557e-07,1e-06,replaceable
156,20260725,3,4,1.9999999992351805e-07,1.0000000000287557e-07,1e-10,separable
156,20260725,3,4,1.9999999992351805e-07,1.0000000000287557e-07,1e-08,separable
156,20260725,3,4,1.9999999992351805e-07,1.0000000000287557e-07,1e-06,replaceable
157,20260725,3,4,1.999999999142284e-07,9.999999999940612e-08,1e-10,separable
157,20260725,3,4,1.999999999142284e-07,9.999999999940612e-08,1e-08,separable
157,20260725,3,4,1.999999999142284e-07,9.999999999940612e-08,1e-06,replaceable
158,20260725,3,4,1.9999999990652175e-07,9.999999999940612e-08,1e-10,separable
158,20260725,3,4,1.9999999990652175e-07,9.999999999940612e-08,1e-08,separable
158,20260725,3,4,1.9999999990652175e-07,9.999999999940612e-08,1e-06,replaceable
159,20260725,3,4,1.9999999995023998e-07,1.0000000000287557e-07,1e-10,separable
159,20260725,3,4,1.9999999995023998e-07,1.0000000000287557e-07,1e-08,separable
159,20260725,3,4,1.9999999995023998e-07,1.0000000000287557e-07,1e-06,replaceable
160,20260725,3,4,1.9999999993831842e-07,9.999999999940612e-08,1e-10,separable
160,20260725,3,4,1.9999999993831842e-07,9.999999999940612e-08,1e-08,separable
160,20260725,3,4,1.9999999993831842e-07,9.999999999940612e-08,1e-06,replaceable
161,20260725,3,4,1.9999999991088424e-07,1.0000000000287557e-07,1e-10,separable
161,20260725,3,4,1.9999999991088424e-07,1.0000000000287557e-07,1e-08,separable
161,20260725,3,4,1.9999999991088424e-07,1.0000000000287557e-07,1e-06,replaceable
162,20260725,3,4,2.0000000000373318e-07,1.0000000000287557e-07,1e-10,separable
162,20260725,3,4,2.0000000000373318e-07,1.0000000000287557e-07,1e-08,separable
162,20260725,3,4,2.0000000000373318e-07,1.0000000000287557e-07,1e-06,replaceable
163,20260725,3,4,1.9999999998549476e-07,1.0000000000287557e-07,1e-10,separable
163,20260725,3,4,1.9999999998549476e-07,1.0000000000287557e-07,1e-08,separable
163,20260725,3,4,1.9999999998549476e-07,1.0000000000287557e-07,1e-06,replaceable
164,20260725,3,4,1.9999999997033663e-07,9.999999999940612e-08,1e-10,separable
164,20260725,3,4,1.9999999997033663e-07,9.999999999940612e-08,1e-08,separable
164,20260725,3,4,1.9999999997033663e-07,9.999999999940612e-08,1e-06,replaceable
165,20260725,3,4,1.99999999895507e-07,9.999999999940612e-08,1e-10,separable
165,20260725,3,4,1.99999999895507e-07,9.999999999940612e-08,1e-08,separable
165,20260725,3,4,1.99999999895507e-07,9.999999999940612e-08,1e-06,replaceable
166,20260725,3,4,1.9999999993653012e-07,1.0000000000287557e-07,1e-10,separable
166,20260725,3,4,1.9999999993653012e-07,1.0000000000287557e-07,1e-08,separable
166,20260725,3,4,1.9999999993653012e-07,1.0000000000287557e-07,1e-06,replaceable
167,20260725,3,4,1.9999999997184414e-07,1.0000000000287557e-07,1e-10,separable
167,20260725,3,4,1.9999999997184414e-07,1.0000000000287557e-07,1e-08,separable
167,20260725,3,4,1.9999999997184414e-07,1.0000000000287557e-07,1e-06,replaceable
168,20260725,3,4,2.000000000473659e-07,1.0000000000287557e-07,1e-10,separable
168,20260725,3,4,2.000000000473659e-07,1.0000000000287557e-07,1e-08,separable
168,20260725,3,4,2.000000000473659e-07,1.0000000000287557e-07,1e-06,replaceable
169,20260725,3,4,1.9999999985853903e-07,1.0000000000287557e-07,1e-10,separable
169,20260725,3,4,1.9999999985853903e-07,1.0000000000287557e-07,1e-08,separable
169,20260725,3,4,1.9999999985853903e-07,1.0000000000287557e-07,1e-06,replaceable
170,20260725,3,4,1.999999999467705e-07,9.999999999940612e-08,1e-10,separable
170,20260725,3,4,1.999999999467705e-07,9.999999999940612e-08,1e-08,separable
170,20260725,3,4,1.999999999467705e-07,9.999999999940612e-08,1e-06,replaceable
171,20260725,3,4,2.0000000008932274e-07,9.999999999940612e-08,1e-10,separable
171,20260725,3,4,2.0000000008932274e-07,9.999999999940612e-08,1e-08,separable
171,20260725,3,4,2.0000000008932274e-07,9.999999999940612e-08,1e-06,replaceable
172,20260725,3,4,1.9999999998900434e-07,1.0000000000287557e-07,1e-10,separable
172,20260725,3,4,1.9999999998900434e-07,1.0000000000287557e-07,1e-08,separable
172,20260725,3,4,1.9999999998900434e-07,1.0000000000287557e-07,1e-06,replaceable
173,20260725,3,4,1.9999999996060856e-07,1.0000000000287557e-07,1e-10,separable
173,20260725,3,4,1.9999999996060856e-07,1.0000000000287557e-07,1e-08,separable
173,20260725,3,4,1.9999999996060856e-07,1.0000000000287557e-07,1e-06,replaceable
174,20260725,3,4,1.9999999993269962e-07,9.999999999940612e-08,1e-10,separable
174,20260725,3,4,1.9999999993269962e-07,9.999999999940612e-08,1e-08,separable
174,20260725,3,4,1.9999999993269962e-07,9.999999999940612e-08,1e-06,replaceable
175,20260725,3,4,1.9999999980950398e-07,9.999999999940612e-08,1e-10,separable
175,20260725,3,4,1.9999999980950398e-07,9.999999999940612e-08,1e-08,separable
175,20260725,3,4,1.9999999980950398e-07,9.999999999940612e-08,1e-06,replaceable
176,20260725,3,4,1.999999999974668e-07,9.999999999940612e-08,1e-10,separable
176,20260725,3,4,1.999999999974668e-07,9.999999999940612e-08,1e-08,separable
176,20260725,3,4,1.999999999974668e-07,9.999999999940612e-08,1e-06,replaceable
177,20260725,3,4,2.0000000000575105e-07,1.0000000000287557e-07,1e-10,separable
177,20260725,3,4,2.0000000000575105e-07,1.0000000000287557e-07,1e-08,separable
177,20260725,3,4,2.0000000000575105e-07,1.0000000000287557e-07,1e-06,replaceable
178,20260725,3,4,2.0000000009225014e-07,9.999999999940612e-08,1e-10,separable
178,20260725,3,4,2.0000000009225014e-07,9.999999999940612e-08,1e-08,separable
178,20260725,3,4,2.0000000009225014e-07,9.999999999940612e-08,1e-06,replaceable
179,20260725,3,4,1.9999999998295274e-07,9.999999999940612e-08,1e-10,separable
179,20260725,3,4,1.9999999998295274e-07,9.999999999940612e-08,1e-08,separable
179,20260725,3,4,1.9999999998295274e-07,9.999999999940612e-08,1e-06,replaceable
300,20260725,5,5,2.0000000000575113e-07,1.0000000000287557e-07,1e-10,separable
300,20260725,5,5,2.0000000000575113e-07,1.0000000000287557e-07,1e-08,separable
300,20260725,5,5,2.0000000000575113e-07,1.0000000000287557e-07,1e-06,replaceable
301,20260725,5,5,1.9999999998970131e-07,9.999999999940612e-08,1e-10,separable
301,20260725,5,5,1.9999999998970131e-07,9.999999999940612e-08,1e-08,separable
301,20260725,5,5,1.9999999998970131e-07,9.999999999940612e-08,1e-06,replaceable
302,20260725,5,5,2.000000000996568e-07,9.999999999940612e-08,1e-10,separable
302,20260725,5,5,2.000000000996568e-07,9.999999999940612e-08,1e-08,separable
302,20260725,5,5,2.000000000996568e-07,9.999999999940612e-08,1e-06,replaceable
303,20260725,5,5,1.999999999838157e-07,9.999999999940612e-08,1e-10,separable
303,20260725,5,5,1.999999999838157e-07,9.999999999940612e-08,1e-08,separable
303,20260725,5,5,1.999999999838157e-07,9.999999999940612e-08,1e-06,replaceable
304,20260725,5,5,2.0000000003151968e-07,9.999999999940612e-08,1e-10,separable
304,20260725,5,5,2.0000000003151968e-07,9.999999999940612e-08,1e-08,separable
304,20260725,5,5,2.0000000003151968e-07,9.999999999940612e-08,1e-06,replaceable
305,20260725,5,5,2.0000000007789674e-07,9.999999999940612e-08,1e-10,separable
305,20260725,5,5,2.0000000007789674e-07,9.999999999940612e-08,1e-08,separable
305,20260725,5,5,2.0000000007789674e-07,9.999999999940612e-08,1e-06,replaceable
306,20260725,5,5,1.99999999994266e-07,9.999999999940612e-08,1e-10,separable
306,20260725,5,5,1.99999999994266e-07,9.999999999940612e-08,1e-08,separable
306,20260725,5,5,1.99999999994266e-07,9.999999999940612e-08,1e-06,replaceable
307,20260725,5,5,1.999999998636623e-07,9.999999999940612e-08,1e-10,separable
307,20260725,5,5,1.999999998636623e-07,9.999999999940612e-08,1e-08,separable
307,20260725,5,5,1.999999998636623e-07,9.999999999940612e-08,1e-06,replaceable
308,20260725,5,5,2.0000000000754303e-07,9.999999999940612e-08,1e-10,separable
308,20260725,5,5,2.0000000000754303e-07,9.999999999940612e-08,1e-08,separable
308,20260725,5,5,2.0000000000754303e-07,9.999999999940612e-08,1e-06,replaceable
309,20260725,5,5,1.9999999994019253e-07,1.0000000000287557e-07,1e-10,separable
309,20260725,5,5,1.9999999994019253e-07,1.0000000000287557e-07,1e-08,separable
309,20260725,5,5,1.9999999994019253e-07,1.0000000000287557e-07,1e-06,replaceable
310,20260725,5,5,2.0000000011173518e-07,9.999999999940612e-08,1e-10,separable
310,20260725,5,5,2.0000000011173518e-07,9.999999999940612e-08,1e-08,separable
310,20260725,5,5,2.0000000011173518e-07,9.999999999940612e-08,1e-06,replaceable
311,20260725,5,5,1.9999999994402776e-07,9.999999999940612e-08,1e-10,separable
311,20260725,5,5,1.9999999994402776e-07,9.999999999940612e-08,1e-08,separable
311,20260725,5,5,1.9999999994402776e-07,9.999999999940612e-08,1e-06,replaceable
312,20260725,5,5,2.0000000000653999e-07,9.999999999940612e-08,1e-10,separable
312,20260725,5,5,2.0000000000653999e-07,9.999999999940612e-08,1e-08,separable
312,20260725,5,5,2.0000000000653999e-07,9.999999999940612e-08,1e-06,replaceable
313,20260725,5,5,2.000000000063555e-07,9.999999999940612e-08,1e-10,separable
313,20260725,5,5,2.000000000063555e-07,9.999999999940612e-08,1e-08,separable
313,20260725,5,5,2.000000000063555e-07,9.999999999940612e-08,1e-06,replaceable
314,20260725,5,5,1.9999999999881224e-07,9.999999999940612e-08,1e-10,separable
314,20260725,5,5,1.9999999999881224e-07,9.999999999940612e-08,1e-08,separable
314,20260725,5,5,1.9999999999881224e-07,9.999999999940612e-08,1e-06,replaceable
315,20260725,5,5,2.0000000001282005e-07,9.999999999940612e-08,1e-10,separable
315,20260725,5,5,2.0000000001282005e-07,9.999999999940612e-08,1e-08,separable
315,20260725,5,5,2.0000000001282005e-07,9.999999999940612e-08,1e-06,replaceable
316,20260725,5,5,1.9999999997226506e-07,9.999999999940612e-08,1e-10,separable
316,20260725,5,5,1.9999999997226506e-07,9.999999999940612e-08,1e-08,separable
316,20260725,5,5,1.9999999997226506e-07,9.999999999940612e-08,1e-06,replaceable
317,20260725,5,5,1.9999999999664468e-07,9.999999999940612e-08,1e-10,separable
317,20260725,5,5,1.9999999999664468e-07,9.999999999940612e-08,1e-08,separable
317,20260725,5,5,1.9999999999664468e-07,9.999999999940612e-08,1e-06,replaceable
318,20260725,5,5,2.0000000000145842e-07,9.999999999940612e-08,1e-10,separable
318,20260725,5,5,2.0000000000145842e-07,9.999999999940612e-08,1e-08,separable
318,20260725,5,5,2.0000000000145842e-07,9.999999999940612e-08,1e-06,replaceable
319,20260725,5,5,2.0000000000344517e-07,9.999999999940612e-08,1e-10,separable
319,20260725,5,5,2.0000000000344517e-07,9.999999999940612e-08,1e-08,separable
319,20260725,5,5,2.0000000000344517e-07,9.999999999940612e-08,1e-06,replaceable
320,20260725,5,5,1.9999999968729925e-07,9.999999999940612e-08,1e-10,separable
320,20260725,5,5,1.9999999968729925e-07,9.999999999940612e-08,1e-08,separable
320,20260725,5,5,1.9999999968729925e-07,9.999999999940612e-08,1e-06,replaceable
321,20260725,5,5,2.000000000269747e-07,9.999999999940612e-08,1e-10,separable
321,20260725,5,5,2.000000000269747e-07,9.999999999940612e-08,1e-08,separable
321,20260725,5,5,2.000000000269747e-07,9.999999999940612e-08,1e-06,replaceable
322,20260725,5,5,1.9999999903038324e-07,9.999999999940612e-08,1e-10,separable
322,20260725,5,5,1.9999999903038324e-07,9.999999999940612e-08,1e-08,separable
322,20260725,5,5,1.9999999903038324e-07,9.999999999940612e-08,1e-06,replaceable
323,20260725,5,5,2.0000000011597969e-07,9.999999999940612e-08,1e-10,separable
323,20260725,5,5,2.0000000011597969e-07,9.999999999940612e-08,1e-08,separable
323,20260725,5,5,2.0000000011597969e-07,9.999999999940612e-08,1e-06,replaceable
324,20260725,5,5,1.9999999999925712e-07,9.999999999940612e-08,1e-10,separable
324,20260725,5,5,1.9999999999925712e-07,9.999999999940612e-08,1e-08,separable
324,20260725,5,5,1.9999999999925712e-07,9.999999999940612e-08,1e-06,replaceable
325,20260725,5,5,2.0000000006043153e-07,9.999999999940612e-08,1e-10,separable
325,20260725,5,5,2.0000000006043153e-07,9.999999999940612e-08,1e-08,separable
325,20260725,5,5,2.0000000006043153e-07,9.999999999940612e-08,1e-06,replaceable
326,20260725,5,5,2.0000000000575113e-07,1.0000000000287557e-07,1e-10,separable
326,20260725,5,5,2.0000000000575113e-07,1.0000000000287557e-07,1e-08,separable
326,20260725,5,5,2.0000000000575113e-07,1.0000000000287557e-07,1e-06,replaceable
327,20260725,5,5,2.0000000004214147e-07,9.999999999940612e-08,1e-10,separable
327,20260725,5,5,2.0000000004214147e-07,9.999999999940612e-08,1e-08,separable
327,20260725,5,5,2.0000000004214147e-07,9.999999999940612e-08,1e-06,replaceable
328,20260725,5,5,2.000000000071272e-07,9.999999999940612e-08,1e-10,separable
328,20260725,5,5,2.000000000071272e-07,9.999999999940612e-08,1e-08,separable
328,20260725,5,5,2.000000000071272e-07,9.999999999940612e-08,1e-06,replaceable
329,20260725,5,5,2.0000000001770833e-07,9.999999999940612e-08,1e-10,separable
329,20260725,5,5,2.0000000001770833e-07,9.999999999940612e-08,1e-08,separable
329,20260725,5,5,2.0000000001770833e-07,9.999999999940612e-08,1e-06,replaceable
330,20260725,5,5,2.0000000000093077e-07,9.999999999940612e-08,1e-10,separable
330,20260725,5,5,2.0000000000093077e-07,9.999999999940612e-08,1e-08,separable
330,20260725,5,5,2.0000000000093077e-07,9.999999999940612e-08,1e-06,replaceable
331,20260725,5,5,2.000000000120673e-07,9.999999999940612e-08,1e-10,separable
331,20260725,5,5,2.000000000120673e-07,9.999999999940612e-08,1e-08,separable
331,20260725,5,5,2.000000000120673e-07,9.999999999940612e-08,1e-06,replaceable
332,20260725,5,5,1.999999999968757e-07,9.999999999940612e-08,1e-10,separable
332,20260725,5,5,1.999999999968757e-07,9.999999999940612e-08,1e-08,separable
332,20260725,5,5,1.999999999968757e-07,9.999999999940612e-08,1e-06,replaceable
333,20260725,5,5,2.0000000001254465e-07,9.999999999940612e-08,1e-10,separable
333,20260725,5,5,2.0000000001254465e-07,9.999999999940612e-08,1e-08,separable
333,20260725,5,5,2.0000000001254465e-07,9.999999999940612e-08,1e-06,replaceable
334,20260725,5,5,1.9999999998690973e-07,9.999999999940612e-08,1e-10,separable
334,20260725,5,5,1.9999999998690973e-07,9.999999999940612e-08,1e-08,separable
334,20260725,5,5,1.9999999998690973e-07,9.999999999940612e-08,1e-06,replaceable
335,20260725,5,5,2.0000000000228169e-07,9.999999999940612e-08,1e-10,separable
335,20260725,5,5,2.0000000000228169e-07,9.999999999940612e-08,1e-08,separable
335,20260725,5,5,2.0000000000228169e-07,9.999999999940612e-08,1e-06,replaceable
336,20260725,5,5,1.9999999989910283e-07,9.999999999940612e-08,1e-10,separable
336,20260725,5,5,1.9999999989910283e-07,9.999999999940612e-08,1e-08,separable
336,20260725,5,5,1.9999999989910283e-07,9.999999999940612e-08,1e-06,replaceable
337,20260725,5,5,2.0000000005218106e-07,9.999999999940612e-08,1e-10,separable
337,20260725,5,5,2.0000000005218106e-07,9.999999999940612e-08,1e-08,separable
337,20260725,5,5,2.0000000005218106e-07,9.999999999940612e-08,1e-06,replaceable
338,20260725,5,5,1.9999999998149486e-07,9.999999999940612e-08,1e-10,separable
338,20260725,5,5,1.9999999998149486e-07,9.999999999940612e-08,1e-08,separable
338,20260725,5,5,1.9999999998149486e-07,9.999999999940612e-08,1e-06,replaceable
339,20260725,5,5,1.999999999445219e-07,9.999999999940612e-08,1e-10,separable
339,20260725,5,5,1.999999999445219e-07,9.999999999940612e-08,1e-08,separable
339,20260725,5,5,1.999999999445219e-07,9.999999999940612e-08,1e-06,replaceable
340,20260725,5,5,1.9999999991487937e-07,9.999999999940612e-08,1e-10,separable
340,20260725,5,5,1.9999999991487937e-07,9.999999999940612e-08,1e-08,separable
340,20260725,5,5,1.9999999991487937e-07,9.999999999940612e-08,1e-06,replaceable
341,20260725,5,5,2.0000000001332318e-07,9.999999999940612e-08,1e-10,separable
341,20260725,5,5,2.0000000001332318e-07,9.999999999940612e-08,1e-08,separable
341,20260725,5,5,2.0000000001332318e-07,9.999999999940612e-08,1e-06,replaceable
342,20260725,5,5,2.0000000000220106e-07,9.999999999940612e-08,1e-10,separable
342,20260725,5,5,2.0000000000220106e-07,9.999999999940612e-08,1e-08,separable
342,20260725,5,5,2.0000000000220106e-07,9.999999999940612e-08,1e-06,replaceable
343,20260725,5,5,1.999999999641176e-07,1.0000000000287557e-07,1e-10,separable
343,20260725,5,5,1.999999999641176e-07,1.0000000000287557e-07,1e-08,separable
343,20260725,5,5,1.999999999641176e-07,1.0000000000287557e-07,1e-06,replaceable
344,20260725,5,5,1.9999999994021934e-07,9.999999999940612e-08,1e-10,separable
344,20260725,5,5,1.9999999994021934e-07,9.999999999940612e-08,1e-08,separable
344,20260725,5,5,1.9999999994021934e-07,9.999999999940612e-08,1e-06,replaceable
345,20260725,5,5,1.999999999914925e-07,9.999999999940612e-08,1e-10,separable
345,20260725,5,5,1.999999999914925e-07,9.999999999940612e-08,1e-08,separable
345,20260725,5,5,1.999999999914925e-07,9.999999999940612e-08,1e-06,replaceable
346,20260725,5,5,1.9999999992329385e-07,9.999999999940612e-08,1e-10,separable
346,20260725,5,5,1.9999999992329385e-07,9.999999999940612e-08,1e-08,separable
346,20260725,5,5,1.9999999992329385e-07,9.999999999940612e-08,1e-06,replaceable
347,20260725,5,5,2.0000000000228169e-07,9.999999999940612e-08,1e-10,separable
347,20260725,5,5,2.0000000000228169e-07,9.999999999940612e-08,1e-08,separable
347,20260725,5,5,2.0000000000228169e-07,9.999999999940612e-08,1e-06,replaceable
348,20260725,5,5,2.0000000001592268e-07,9.999999999940612e-08,1e-10,separable
348,20260725,5,5,2.0000000001592268e-07,9.999999999940612e-08,1e-08,separable
348,20260725,5,5,2.0000000001592268e-07,9.999999999940612e-08,1e-06,replaceable
349,20260725,5,5,2.00000000152967e-07,1.0000000000287557e-07,1e-10,separable
349,20260725,5,5,2.00000000152967e-07,1.0000000000287557e-07,1e-08,separable
349,20260725,5,5,2.00000000152967e-07,1.0000000000287557e-07,1e-06,replaceable
350,20260725,5,5,1.9999999991476132e-07,9.999999999940612e-08,1e-10,separable
350,20260725,5,5,1.9999999991476132e-07,9.999999999940612e-08,1e-08,separable
350,20260725,5,5,1.9999999991476132e-07,9.999999999940612e-08,1e-06,replaceable
351,20260725,5,5,2.000000000326284e-07,9.999999999940612e-08,1e-10,separable
351,20260725,5,5,2.000000000326284e-07,9.999999999940612e-08,1e-08,separable
351,20260725,5,5,2.000000000326284e-07,9.999999999940612e-08,1e-06,replaceable
352,20260725,5,5,1.999999999916351e-07,9.999999999940612e-08,1e-10,separable
352,20260725,5,5,1.999999999916351e-07,9.999999999940612e-08,1e-08,separable
352,20260725,5,5,1.999999999916351e-07,9.999999999940612e-08,1e-06,replaceable
353,20260725,5,5,2.0000000003688113e-07,9.999999999940612e-08,1e-10,separable
353,20260725,5,5,2.0000000003688113e-07,9.999999999940612e-08,1e-08,separable
353,20260725,5,5,2.0000000003688113e-07,9.999999999940612e-08,1e-06,replaceable
354,20260725,5,5,1.999999999956366e-07,9.999999999940612e-08,1e-10,separable
354,20260725,5,5,1.999999999956366e-07,9.999999999940612e-08,1e-08,separable
354,20260725,5,5,1.999999999956366e-07,9.999999999940612e-08,1e-06,replaceable
355,20260725,5,5,2.0000000001788033e-07,9.999999999940612e-08,1e-10,separable
355,20260725,5,5,2.0000000001788033e-07,9.999999999940612e-08,1e-08,separable
355,20260725,5,5,2.0000000001788033e-07,9.999999999940612e-08,1e-06,replaceable
356,20260725,5,5,1.9999999999881224e-07,9.999999999940612e-08,1e-10,separable
356,20260725,5,5,1.9999999999881224e-07,9.999999999940612e-08,1e-08,separable
356,20260725,5,5,1.9999999999881224e-07,9.999999999940612e-08,1e-06,replaceable
357,20260725,5,5,1.9999999999052344e-07,9.999999999940612e-08,1e-10,separable
357,20260725,5,5,1.9999999999052344e-07,9.999999999940612e-08,1e-08,separable
357,20260725,5,5,1.9999999999052344e-07,9.999999999940612e-08,1e-06,replaceable
358,20260725,5,5,1.9999999994279356e-07,9.999999999940612e-08,1e-10,separable
358,20260725,5,5,1.9999999994279356e-07,9.999999999940612e-08,1e-08,separable
358,20260725,5,5,1.9999999994279356e-07,9.999999999940612e-08,1e-06,replaceable
359,20260725,5,5,2.0000000007221003e-07,9.999999999940612e-08,1e-10,separable
359,20260725,5,5,2.0000000007221003e-07,9.999999999940612e-08,1e-08,separable
359,20260725,5,5,2.0000000007221003e-07,9.999999999940612e-08,1e-06,replaceable
480,20260725,10,8,1.9999999999881224e-07,9.999999999940612e-08,1e-10,separable
480,20260725,10,8,1.9999999999881224e-07,9.999999999940612e-08,1e-08,separable
480,20260725,10,8,1.9999999999881224e-07,9.999999999940612e-08,1e-06,replaceable
481,20260725,10,8,2.0000000001954888e-07,9.999999999940612e-08,1e-10,separable
481,20260725,10,8,2.0000000001954888e-07,9.999999999940612e-08,1e-08,separable
481,20260725,10,8,2.0000000001954888e-07,9.999999999940612e-08,1e-06,replaceable
482,20260725,10,8,2.0000000000228169e-07,9.999999999940612e-08,1e-10,separable
482,20260725,10,8,2.0000000000228169e-07,9.999999999940612e-08,1e-08,separable
482,20260725,10,8,2.0000000000228169e-07,9.999999999940612e-08,1e-06,replaceable
483,20260725,10,8,2.0000000000228169e-07,9.999999999940612e-08,1e-10,separable
483,20260725,10,8,2.0000000000228169e-07,9.999999999940612e-08,1e-08,separable
483,20260725,10,8,2.0000000000228169e-07,9.999999999940612e-08,1e-06,replaceable
484,20260725,10,8,1.99999999994429e-07,9.999999999940612e-08,1e-10,separable
484,20260725,10,8,1.99999999994429e-07,9.999999999940612e-08,1e-08,separable
484,20260725,10,8,1.99999999994429e-07,9.999999999940612e-08,1e-06,replaceable
485,20260725,10,8,2.000000000395692e-07,9.999999999940612e-08,1e-10,separable
485,20260725,10,8,2.000000000395692e-07,9.999999999940612e-08,1e-08,separable
485,20260725,10,8,2.000000000395692e-07,9.999999999940612e-08,1e-06,replaceable
486,20260725,10,8,1.9999999999323744e-07,9.999999999940612e-08,1e-10,separable
486,20260725,10,8,1.9999999999323744e-07,9.999999999940612e-08,1e-08,separable
486,20260725,10,8,1.9999999999323744e-07,9.999999999940612e-08,1e-06,replaceable
487,20260725,10,8,2.000000000064978e-07,9.999999999940612e-08,1e-10,separable
487,20260725,10,8,2.000000000064978e-07,9.999999999940612e-08,1e-08,separable
487,20260725,10,8,2.000000000064978e-07,9.999999999940612e-08,1e-06,replaceable
488,20260725,10,8,2.0000000001635503e-07,9.999999999940612e-08,1e-10,separable
488,20260725,10,8,2.0000000001635503e-07,9.999999999940612e-08,1e-08,separable
488,20260725,10,8,2.0000000001635503e-07,9.999999999940612e-08,1e-06,replaceable
489,20260725,10,8,2.000000000074742e-07,9.999999999940612e-08,1e-10,separable
489,20260725,10,8,2.000000000074742e-07,9.999999999940612e-08,1e-08,separable
489,20260725,10,8,2.000000000074742e-07,9.999999999940612e-08,1e-06,replaceable
490,20260725,10,8,1.9999999999993882e-07,9.999999999940612e-08,1e-10,separable
490,20260725,10,8,1.9999999999993882e-07,9.999999999940612e-08,1e-08,separable
490,20260725,10,8,1.9999999999993882e-07,9.999999999940612e-08,1e-06,replaceable
491,20260725,10,8,2.0000000001112842e-07,9.999999999940612e-08,1e-10,separable
491,20260725,10,8,2.0000000001112842e-07,9.999999999940612e-08,1e-08,separable
491,20260725,10,8,2.0000000001112842e-07,9.999999999940612e-08,1e-06,replaceable
492,20260725,10,8,2.0000000000228169e-07,9.999999999940612e-08,1e-10,separable
492,20260725,10,8,2.0000000000228169e-07,9.999999999940612e-08,1e-08,separable
492,20260725,10,8,2.0000000000228169e-07,9.999999999940612e-08,1e-06,replaceable
493,20260725,10,8,1.9999999998524354e-07,9.999999999940612e-08,1e-10,separable
493,20260725,10,8,1.9999999998524354e-07,9.999999999940612e-08,1e-08,separable
493,20260725,10,8,1.9999999998524354e-07,9.999999999940612e-08,1e-06,replaceable
494,20260725,10,8,2.0000000003640033e-07,9.999999999940612e-08,1e-10,separable
494,20260725,10,8,2.0000000003640033e-07,9.999999999940612e-08,1e-08,separable
494,20260725,10,8,2.0000000003640033e-07,9.999999999940612e-08,1e-06,replaceable
495,20260725,10,8,2.0000000000353402e-07,9.999999999940612e-08,1e-10,separable
495,20260725,10,8,2.0000000000353402e-07,9.999999999940612e-08,1e-08,separable
495,20260725,10,8,2.0000000000353402e-07,9.999999999940612e-08,1e-06,replaceable
496,20260725,10,8,1.9999999999092488e-07,9.999999999940612e-08,1e-10,separable
496,20260725,10,8,1.9999999999092488e-07,9.999999999940612e-08,1e-08,separable
496,20260725,10,8,1.9999999999092488e-07,9.999999999940612e-08,1e-06,replaceable
497,20260725,10,8,2.0000000003050286e-07,9.999999999940612e-08,1e-10,separable
497,20260725,10,8,2.0000000003050286e-07,9.999999999940612e-08,1e-08,separable
497,20260725,10,8,2.0000000003050286e-07,9.999999999940612e-08,1e-06,replaceable
498,20260725,10,8,2.000000000233191e-07,9.999999999940612e-08,1e-10,separable
498,20260725,10,8,2.000000000233191e-07,9.999999999940612e-08,1e-08,separable
498,20260725,10,8,2.000000000233191e-07,9.999999999940612e-08,1e-06,replaceable
499,20260725,10,8,1.9999999999712363e-07,9.999999999940612e-08,1e-10,separable
499,20260725,10,8,1.9999999999712363e-07,9.999999999940612e-08,1e-08,separable
499,20260725,10,8,1.9999999999712363e-07,9.999999999940612e-08,1e-06,replaceable
500,20260725,10,8,2.0000000000228166e-07,9.999999999940612e-08,1e-10,separable
500,20260725,10,8,2.0000000000228166e-07,9.999999999940612e-08,1e-08,separable
500,20260725,10,8,2.0000000000228166e-07,9.999999999940612e-08,1e-06,replaceable
501,20260725,10,8,1.9999999999881216e-07,9.999999999940612e-08,1e-10,separable
501,20260725,10,8,1.9999999999881216e-07,9.999999999940612e-08,1e-08,separable
501,20260725,10,8,1.9999999999881216e-07,9.999999999940612e-08,1e-06,replaceable
502,20260725,10,8,2.0000000000757575e-07,9.999999999940612e-08,1e-10,separable
502,20260725,10,8,2.0000000000757575e-07,9.999999999940612e-08,1e-08,separable
502,20260725,10,8,2.0000000000757575e-07,9.999999999940612e-08,1e-06,replaceable
503,20260725,10,8,1.9999999999840513e-07,9.999999999940612e-08,1e-10,separable
503,20260725,10,8,1.9999999999840513e-07,9.999999999940612e-08,1e-08,separable
503,20260725,10,8,1.9999999999840513e-07,9.999999999940612e-08,1e-06,replaceable
504,20260725,10,8,1.999999999653053e-07,9.999999999940612e-08,1e-10,separable
504,20260725,10,8,1.999999999653053e-07,9.999999999940612e-08,1e-08,separable
504,20260725,10,8,1.999999999653053e-07,9.999999999940612e-08,1e-06,replaceable
505,20260725,10,8,1.9999999999881224e-07,9.999999999940612e-08,1e-10,separable
505,20260725,10,8,1.9999999999881224e-07,9.999999999940612e-08,1e-08,separable
505,20260725,10,8,1.9999999999881224e-07,9.999999999940612e-08,1e-06,replaceable
506,20260725,10,8,1.9999999997714672e-07,9.999999999940612e-08,1e-10,separable
506,20260725,10,8,1.9999999997714672e-07,9.999999999940612e-08,1e-08,separable
506,20260725,10,8,1.9999999997714672e-07,9.999999999940612e-08,1e-06,replaceable
507,20260725,10,8,1.999999996214724e-07,9.999999999940612e-08,1e-10,separable
507,20260725,10,8,1.999999996214724e-07,9.999999999940612e-08,1e-08,separable
507,20260725,10,8,1.999999996214724e-07,9.999999999940612e-08,1e-06,replaceable
508,20260725,10,8,2.0000000000851707e-07,9.999999999940612e-08,1e-10,separable
508,20260725,10,8,2.0000000000851707e-07,9.999999999940612e-08,1e-08,separable
508,20260725,10,8,2.0000000000851707e-07,9.999999999940612e-08,1e-06,replaceable
509,20260725,10,8,2.00000000003519e-07,9.999999999940612e-08,1e-10,separable
509,20260725,10,8,2.00000000003519e-07,9.999999999940612e-08,1e-08,separable
509,20260725,10,8,2.00000000003519e-07,9.999999999940612e-08,1e-06,replaceable
510,20260725,10,8,1.999999999993823e-07,9.999999999940612e-08,1e-10,separable
510,20260725,10,8,1.999999999993823e-07,9.999999999940612e-08,1e-08,separable
510,20260725,10,8,1.999999999993823e-07,9.999999999940612e-08,1e-06,replaceable
511,20260725,10,8,2.0000000000117911e-07,9.999999999940612e-08,1e-10,separable
511,20260725,10,8,2.0000000000117911e-07,9.999999999940612e-08,1e-08,separable
511,20260725,10,8,2.0000000000117911e-07,9.999999999940612e-08,1e-06,replaceable
512,20260725,10,8,2.0000000000345266e-07,9.999999999940612e-08,1e-10,separable
512,20260725,10,8,2.0000000000345266e-07,9.999999999940612e-08,1e-08,separable
512,20260725,10,8,2.0000000000345266e-07,9.999999999940612e-08,1e-06,replaceable
513,20260725,10,8,2.0000000000379584e-07,9.999999999940612e-08,1e-10,separable
513,20260725,10,8,2.0000000000379584e-07,9.999999999940612e-08,1e-08,separable
513,20260725,10,8,2.0000000000379584e-07,9.999999999940612e-08,1e-06,replaceable
514,20260725,10,8,2.0000000001086557e-07,9.999999999940612e-08,1e-10,separable
514,20260725,10,8,2.0000000001086557e-07,9.999999999940612e-08,1e-08,separable
514,20260725,10,8,2.0000000001086557e-07,9.999999999940612e-08,1e-06,replaceable
515,20260725,10,8,1.9999999999881219e-07,9.999999999940612e-08,1e-10,separable
515,20260725,10,8,1.9999999999881219e-07,9.999999999940612e-08,1e-08,separable
515,20260725,10,8,1.9999999999881219e-07,9.999999999940612e-08,1e-06,replaceable
516,20260725,10,8,1.9999999997285732e-07,9.999999999940612e-08,1e-10,separable
516,20260725,10,8,1.9999999997285732e-07,9.999999999940612e-08,1e-08,separable
516,20260725,10,8,1.9999999997285732e-07,9.999999999940612e-08,1e-06,replaceable
517,20260725,10,8,2.0000000000228169e-07,9.999999999940612e-08,1e-10,separable
517,20260725,10,8,2.0000000000228169e-07,9.999999999940612e-08,1e-08,separable
517,20260725,10,8,2.0000000000228169e-07,9.999999999940612e-08,1e-06,replaceable
518,20260725,10,8,2.0000000000539215e-07,9.999999999940612e-08,1e-10,separable
518,20260725,10,8,2.0000000000539215e-07,9.999999999940612e-08,1e-08,separable
518,20260725,10,8,2.0000000000539215e-07,9.999999999940612e-08,1e-06,replaceable
519,20260725,10,8,1.999999999723289e-07,9.999999999940612e-08,1e-10,separable
519,20260725,10,8,1.999999999723289e-07,9.999999999940612e-08,1e-08,separable
519,20260725,10,8,1.999999999723289e-07,9.999999999940612e-08,1e-06,replaceable
520,20260725,10,8,1.999999999616536e-07,9.999999999940612e-08,1e-10,separable
520,20260725,10,8,1.999999999616536e-07,9.999999999940612e-08,1e-08,separable
520,20260725,10,8,1.999999999616536e-07,9.999999999940612e-08,1e-06,replaceable
521,20260725,10,8,2.0000000000054696e-07,9.999999999940612e-08,1e-10,separable
521,20260725,10,8,2.0000000000054696e-07,9.999999999940612e-08,1e-08,separable
521,20260725,10,8,2.0000000000054696e-07,9.999999999940612e-08,1e-06,replaceable
522,20260725,10,8,2.0000000000159644e-07,9.999999999940612e-08,1e-10,separable
522,20260725,10,8,2.0000000000159644e-07,9.999999999940612e-08,1e-08,separable
522,20260725,10,8,2.0000000000159644e-07,9.999999999940612e-08,1e-06,replaceable
523,20260725,10,8,2.0000000000865537e-07,9.999999999940612e-08,1e-10,separable
523,20260725,10,8,2.0000000000865537e-07,9.999999999940612e-08,1e-08,separable
523,20260725,10,8,2.0000000000865537e-07,9.999999999940612e-08,1e-06,replaceable
524,20260725,10,8,1.9999999996446053e-07,9.999999999940612e-08,1e-10,separable
524,20260725,10,8,1.9999999996446053e-07,9.999999999940612e-08,1e-08,separable
524,20260725,10,8,1.9999999996446053e-07,9.999999999940612e-08,1e-06,replaceable
525,20260725,10,8,2.0000000001338266e-07,9.999999999940612e-08,1e-10,separable
525,20260725,10,8,2.0000000001338266e-07,9.999999999940612e-08,1e-08,separable
525,20260725,10,8,2.0000000001338266e-07,9.999999999940612e-08,1e-06,replaceable
526,20260725,10,8,2.0000000000356608e-07,9.999999999940612e-08,1e-10,separable
526,20260725,10,8,2.0000000000356608e-07,9.999999999940612e-08,1e-08,separable
526,20260725,10,8,2.0000000000356608e-07,9.999999999940612e-08,1e-06,replaceable
527,20260725,10,8,1.9999999997670722e-07,9.999999999940612e-08,1e-10,separable
527,20260725,10,8,1.9999999997670722e-07,9.999999999940612e-08,1e-08,separable
527,20260725,10,8,1.9999999997670722e-07,9.999999999940612e-08,1e-06,replaceable
528,20260725,10,8,1.999999999760614e-07,9.999999999940612e-08,1e-10,separable
528,20260725,10,8,1.999999999760614e-07,9.999999999940612e-08,1e-08,separable
528,20260725,10,8,1.999999999760614e-07,9.999999999940612e-08,1e-06,replaceable
529,20260725,10,8,1.9999999993355907e-07,9.999999999940612e-08,1e-10,separable
529,20260725,10,8,1.9999999993355907e-07,9.999999999940612e-08,1e-08,separable
529,20260725,10,8,1.9999999993355907e-07,9.999999999940612e-08,1e-06,replaceable
530,20260725,10,8,2.0000000000030956e-07,9.999999999940612e-08,1e-10,separable
530,20260725,10,8,2.0000000000030956e-07,9.999999999940612e-08,1e-08,separable
530,20260725,10,8,2.0000000000030956e-07,9.999999999940612e-08,1e-06,replaceable
531,20260725,10,8,2.0000000000230032e-07,9.999999999940612e-08,1e-10,separable
531,20260725,10,8,2.0000000000230032e-07,9.999999999940612e-08,1e-08,separable
531,20260725,10,8,2.0000000000230032e-07,9.999999999940612e-08,1e-06,replaceable
532,20260725,10,8,1.999999999757979e-07,9.999999999940612e-08,1e-10,separable
532,20260725,10,8,1.999999999757979e-07,9.999999999940612e-08,1e-08,separable
532,20260725,10,8,1.999999999757979e-07,9.999999999940612e-08,1e-06,replaceable
533,20260725,10,8,2.0000000000024208e-07,9.999999999940612e-08,1e-10,separable
533,20260725,10,8,2.0000000000024208e-07,9.999999999940612e-08,1e-08,separable
533,20260725,10,8,2.0000000000024208e-07,9.999999999940612e-08,1e-06,replaceable
534,20260725,10,8,2.0000000001149338e-07,9.999999999940612e-08,1e-10,separable
534,20260725,10,8,2.0000000001149338e-07,9.999999999940612e-08,1e-08,separable
534,20260725,10,8,2.0000000001149338e-07,9.999999999940612e-08,1e-06,replaceable
535,20260725,10,8,2.000000000063822e-07,9.999999999940612e-08,1e-10,separable
535,20260725,10,8,2.000000000063822e-07,9.999999999940612e-08,1e-08,separable
535,20260725,10,8,2.000000000063822e-07,9.999999999940612e-08,1e-06,replaceable
536,20260725,10,8,1.9999999998464477e-07,9.999999999940612e-08,1e-10,separable
536,20260725,10,8,1.9999999998464477e-07,9.999999999940612e-08,1e-08,separable
536,20260725,10,8,1.9999999998464477e-07,9.999999999940612e-08,1e-06,replaceable
537,20260725,10,8,2.0000000005396393e-07,9.999999999940612e-08,1e-10,separable
537,20260725,10,8,2.0000000005396393e-07,9.999999999940612e-08,1e-08,separable
537,20260725,10,8,2.0000000005396393e-07,9.999999999940612e-08,1e-06,replaceable
538,20260725,10,8,1.999999999988123e-07,9.999999999940612e-08,1e-10,separable
538,20260725,10,8,1.999999999988123e-07,9.999999999940612e-08,1e-08,separable
538,20260725,10,8,1.999999999988123e-07,9.999999999940612e-08,1e-06,replaceable
539,20260725,10,8,1.9999999997225368e-07,9.999999999940612e-08,1e-10,separable
539,20260725,10,8,1.9999999997225368e-07,9.999999999940612e-08,1e-08,separable
539,20260725,10,8,1.9999999997225368e-07,9.999999999940612e-08,1e-06,replaceable
660,20260725,20,12,2.0000000001802835e-07,9.999999999940612e-08,1e-10,separable
660,20260725,20,12,2.0000000001802835e-07,9.999999999940612e-08,1e-08,separable
660,20260725,20,12,2.0000000001802835e-07,9.999999999940612e-08,1e-06,replaceable
661,20260725,20,12,1.9999999999311245e-07,9.999999999940612e-08,1e-10,separable
661,20260725,20,12,1.9999999999311245e-07,9.999999999940612e-08,1e-08,separable
661,20260725,20,12,1.9999999999311245e-07,9.999999999940612e-08,1e-06,replaceable
662,20260725,20,12,2.0000000000240694e-07,9.999999999940612e-08,1e-10,separable
662,20260725,20,12,2.0000000000240694e-07,9.999999999940612e-08,1e-08,separable
662,20260725,20,12,2.0000000000240694e-07,9.999999999940612e-08,1e-06,replaceable
663,20260725,20,12,2.00000000003359e-07,9.999999999940612e-08,1e-10,separable
663,20260725,20,12,2.00000000003359e-07,9.999999999940612e-08,1e-08,separable
663,20260725,20,12,2.00000000003359e-07,9.999999999940612e-08,1e-06,replaceable
664,20260725,20,12,2.0000000001391568e-07,9.999999999940612e-08,1e-10,separable
664,20260725,20,12,2.0000000001391568e-07,9.999999999940612e-08,1e-08,separable
664,20260725,20,12,2.0000000001391568e-07,9.999999999940612e-08,1e-06,replaceable
665,20260725,20,12,2.0000000002474384e-07,9.999999999940612e-08,1e-10,separable
665,20260725,20,12,2.0000000002474384e-07,9.999999999940612e-08,1e-08,separable
665,20260725,20,12,2.0000000002474384e-07,9.999999999940612e-08,1e-06,replaceable
666,20260725,20,12,1.999999999974427e-07,9.999999999940612e-08,1e-10,separable
666,20260725,20,12,1.999999999974427e-07,9.999999999940612e-08,1e-08,separable
666,20260725,20,12,1.999999999974427e-07,9.999999999940612e-08,1e-06,replaceable
667,20260725,20,12,1.9999999998343295e-07,9.999999999940612e-08,1e-10,separable
667,20260725,20,12,1.9999999998343295e-07,9.999999999940612e-08,1e-08,separable
667,20260725,20,12,1.9999999998343295e-07,9.999999999940612e-08,1e-06,replaceable
668,20260725,20,12,1.9999999995923282e-07,9.999999999940612e-08,1e-10,separable
668,20260725,20,12,1.9999999995923282e-07,9.999999999940612e-08,1e-08,separable
668,20260725,20,12,1.9999999995923282e-07,9.999999999940612e-08,1e-06,replaceable
669,20260725,20,12,1.9999999999584334e-07,9.999999999940612e-08,1e-10,separable
669,20260725,20,12,1.9999999999584334e-07,9.999999999940612e-08,1e-08,separable
669,20260725,20,12,1.9999999999584334e-07,9.999999999940612e-08,1e-06,replaceable
670,20260725,20,12,1.999999999996536e-07,9.999999999940612e-08,1e-10,separable
670,20260725,20,12,1.999999999996536e-07,9.999999999940612e-08,1e-08,separable
670,20260725,20,12,1.999999999996536e-07,9.999999999940612e-08,1e-06,replaceable
671,20260725,20,12,2.0000000000626478e-07,9.999999999940612e-08,1e-10,separable
671,20260725,20,12,2.0000000000626478e-07,9.999999999940612e-08,1e-08,separable
671,20260725,20,12,2.0000000000626478e-07,9.999999999940612e-08,1e-06,replaceable
672,20260725,20,12,1.9999999999588945e-07,9.999999999940612e-08,1e-10,separable
672,20260725,20,12,1.9999999999588945e-07,9.999999999940612e-08,1e-08,separable
672,20260725,20,12,1.9999999999588945e-07,9.999999999940612e-08,1e-06,replaceable
673,20260725,20,12,2.000000000236285e-07,9.999999999940612e-08,1e-10,separable
673,20260725,20,12,2.000000000236285e-07,9.999999999940612e-08,1e-08,separable
673,20260725,20,12,2.000000000236285e-07,9.999999999940612e-08,1e-06,replaceable
674,20260725,20,12,2.0000000000446475e-07,9.999999999940612e-08,1e-10,separable
674,20260725,20,12,2.0000000000446475e-07,9.999999999940612e-08,1e-08,separable
674,20260725,20,12,2.0000000000446475e-07,9.999999999940612e-08,1e-06,replaceable
675,20260725,20,12,1.999999999988134e-07,9.999999999940612e-08,1e-10,separable
675,20260725,20,12,1.999999999988134e-07,9.999999999940612e-08,1e-08,separable
675,20260725,20,12,1.999999999988134e-07,9.999999999940612e-08,1e-06,replaceable
676,20260725,20,12,2.0000000000791318e-07,9.999999999940612e-08,1e-10,separable
676,20260725,20,12,2.0000000000791318e-07,9.999999999940612e-08,1e-08,separable
676,20260725,20,12,2.0000000000791318e-07,9.999999999940612e-08,1e-06,replaceable
677,20260725,20,12,2.000000000198841e-07,9.999999999940612e-08,1e-10,separable
677,20260725,20,12,2.000000000198841e-07,9.999999999940612e-08,1e-08,separable
677,20260725,20,12,2.000000000198841e-07,9.999999999940612e-08,1e-06,replaceable
678,20260725,20,12,2.0000000000429376e-07,9.999999999940612e-08,1e-10,separable
678,20260725,20,12,2.0000000000429376e-07,9.999999999940612e-08,1e-08,separable
678,20260725,20,12,2.0000000000429376e-07,9.999999999940612e-08,1e-06,replaceable
679,20260725,20,12,2.0000000014233138e-07,9.999999999940612e-08,1e-10,separable
679,20260725,20,12,2.0000000014233138e-07,9.999999999940612e-08,1e-08,separable
679,20260725,20,12,2.0000000014233138e-07,9.999999999940612e-08,1e-06,replaceable
680,20260725,20,12,1.9999999999771957e-07,9.999999999940612e-08,1e-10,separable
680,20260725,20,12,1.9999999999771957e-07,9.999999999940612e-08,1e-08,separable
680,20260725,20,12,1.9999999999771957e-07,9.999999999940612e-08,1e-06,replaceable
681,20260725,20,12,1.9999999999881224e-07,9.999999999940612e-08,1e-10,separable
681,20260725,20,12,1.9999999999881224e-07,9.999999999940612e-08,1e-08,separable
681,20260725,20,12,1.9999999999881224e-07,9.999999999940612e-08,1e-06,replaceable
682,20260725,20,12,1.999999999933626e-07,9.999999999940612e-08,1e-10,separable
682,20260725,20,12,1.999999999933626e-07,9.999999999940612e-08,1e-08,separable
682,20260725,20,12,1.999999999933626e-07,9.999999999940612e-08,1e-06,replaceable
683,20260725,20,12,2.0000000000547818e-07,9.999999999940612e-08,1e-10,separable
683,20260725,20,12,2.0000000000547818e-07,9.999999999940612e-08,1e-08,separable
683,20260725,20,12,2.0000000000547818e-07,9.999999999940612e-08,1e-06,replaceable
684,20260725,20,12,1.999999999975786e-07,9.999999999940612e-08,1e-10,separable
684,20260725,20,12,1.999999999975786e-07,9.999999999940612e-08,1e-08,separable
684,20260725,20,12,1.999999999975786e-07,9.999999999940612e-08,1e-06,replaceable
685,20260725,20,12,1.9999999999612182e-07,9.999999999940612e-08,1e-10,separable
685,20260725,20,12,1.9999999999612182e-07,9.999999999940612e-08,1e-08,separable
685,20260725,20,12,1.9999999999612182e-07,9.999999999940612e-08,1e-06,replaceable
686,20260725,20,12,1.9999999999232762e-07,9.999999999940612e-08,1e-10,separable
686,20260725,20,12,1.9999999999232762e-07,9.999999999940612e-08,1e-08,separable
686,20260725,20,12,1.9999999999232762e-07,9.999999999940612e-08,1e-06,replaceable
687,20260725,20,12,2.0000000002376395e-07,9.999999999940612e-08,1e-10,separable
687,20260725,20,12,2.0000000002376395e-07,9.999999999940612e-08,1e-08,separable
687,20260725,20,12,2.0000000002376395e-07,9.999999999940612e-08,1e-06,replaceable
688,20260725,20,12,1.9999999999648798e-07,9.999999999940612e-08,1e-10,separable
688,20260725,20,12,1.9999999999648798e-07,9.999999999940612e-08,1e-08,separable
688,20260725,20,12,1.9999999999648798e-07,9.999999999940612e-08,1e-06,replaceable
689,20260725,20,12,2.000000000059334e-07,9.999999999940612e-08,1e-10,separable
689,20260725,20,12,2.000000000059334e-07,9.999999999940612e-08,1e-08,separable
689,20260725,20,12,2.000000000059334e-07,9.999999999940612e-08,1e-06,replaceable
690,20260725,20,12,1.9999999999674323e-07,9.999999999940612e-08,1e-10,separable
690,20260725,20,12,1.9999999999674323e-07,9.999999999940612e-08,1e-08,separable
690,20260725,20,12,1.9999999999674323e-07,9.999999999940612e-08,1e-06,replaceable
691,20260725,20,12,1.999999999988123e-07,9.999999999940612e-08,1e-10,separable
691,20260725,20,12,1.999999999988123e-07,9.999999999940612e-08,1e-08,separable
691,20260725,20,12,1.999999999988123e-07,9.999999999940612e-08,1e-06,replaceable
692,20260725,20,12,1.9999999999781433e-07,9.999999999940612e-08,1e-10,separable
692,20260725,20,12,1.9999999999781433e-07,9.999999999940612e-08,1e-08,separable
692,20260725,20,12,1.9999999999781433e-07,9.999999999940612e-08,1e-06,replaceable
693,20260725,20,12,2.000000000162159e-07,9.999999999940612e-08,1e-10,separable
693,20260725,20,12,2.000000000162159e-07,9.999999999940612e-08,1e-08,separable
693,20260725,20,12,2.000000000162159e-07,9.999999999940612e-08,1e-06,replaceable
694,20260725,20,12,1.9999999999534284e-07,9.999999999940612e-08,1e-10,separable
694,20260725,20,12,1.9999999999534284e-07,9.999999999940612e-08,1e-08,separable
694,20260725,20,12,1.9999999999534284e-07,9.999999999940612e-08,1e-06,replaceable
695,20260725,20,12,2.0000000000054696e-07,9.999999999940612e-08,1e-10,separable
695,20260725,20,12,2.0000000000054696e-07,9.999999999940612e-08,1e-08,separable
695,20260725,20,12,2.0000000000054696e-07,9.999999999940612e-08,1e-06,replaceable
696,20260725,20,12,1.9999999998846536e-07,9.999999999940612e-08,1e-10,separable
696,20260725,20,12,1.9999999998846536e-07,9.999999999940612e-08,1e-08,separable
696,20260725,20,12,1.9999999998846536e-07,9.999999999940612e-08,1e-06,replaceable
697,20260725,20,12,2.0000000000182236e-07,9.999999999940612e-08,1e-10,separable
697,20260725,20,12,2.0000000000182236e-07,9.999999999940612e-08,1e-08,separable
697,20260725,20,12,2.0000000000182236e-07,9.999999999940612e-08,1e-06,replaceable
698,20260725,20,12,2.000000000423464e-07,9.999999999940612e-08,1e-10,separable
698,20260725,20,12,2.000000000423464e-07,9.999999999940612e-08,1e-08,separable
698,20260725,20,12,2.000000000423464e-07,9.999999999940612e-08,1e-06,replaceable
699,20260725,20,12,2.000000000022817e-07,9.999999999940612e-08,1e-10,separable
699,20260725,20,12,2.000000000022817e-07,9.999999999940612e-08,1e-08,separable
699,20260725,20,12,2.000000000022817e-07,9.999999999940612e-08,1e-06,replaceable
700,20260725,20,12,2.0000000000051623e-07,9.999999999940612e-08,1e-10,separable
700,20260725,20,12,2.0000000000051623e-07,9.999999999940612e-08,1e-08,separable
700,20260725,20,12,2.0000000000051623e-07,9.999999999940612e-08,1e-06,replaceable
701,20260725,20,12,1.9999999999372774e-07,9.999999999940612e-08,1e-10,separable
701,20260725,20,12,1.9999999999372774e-07,9.999999999940612e-08,1e-08,separable
701,20260725,20,12,1.9999999999372774e-07,9.999999999940612e-08,1e-06,replaceable
702,20260725,20,12,2.0000000000270173e-07,9.999999999940612e-08,1e-10,separable
702,20260725,20,12,2.0000000000270173e-07,9.999999999940612e-08,1e-08,separable
702,20260725,20,12,2.0000000000270173e-07,9.999999999940612e-08,1e-06,replaceable
703,20260725,20,12,1.999999999983232e-07,9.999999999940612e-08,1e-10,separable
703,20260725,20,12,1.999999999983232e-07,9.999999999940612e-08,1e-08,separable
703,20260725,20,12,1.999999999983232e-07,9.999999999940612e-08,1e-06,replaceable
704,20260725,20,12,1.999999999988122e-07,9.999999999940612e-08,1e-10,separable
704,20260725,20,12,1.999999999988122e-07,9.999999999940612e-08,1e-08,separable
704,20260725,20,12,1.999999999988122e-07,9.999999999940612e-08,1e-06,replaceable
705,20260725,20,12,2.0000000003354281e-07,9.999999999940612e-08,1e-10,separable
705,20260725,20,12,2.0000000003354281e-07,9.999999999940612e-08,1e-08,separable
705,20260725,20,12,2.0000000003354281e-07,9.999999999940612e-08,1e-06,replaceable
706,20260725,20,12,1.9999999998702583e-07,9.999999999940612e-08,1e-10,separable
706,20260725,20,12,1.9999999998702583e-07,9.999999999940612e-08,1e-08,separable
706,20260725,20,12,1.9999999998702583e-07,9.999999999940612e-08,1e-06,replaceable
707,20260725,20,12,1.9999999998689798e-07,9.999999999940612e-08,1e-10,separable
707,20260725,20,12,1.9999999998689798e-07,9.999999999940612e-08,1e-08,separable
707,20260725,20,12,1.9999999998689798e-07,9.999999999940612e-08,1e-06,replaceable
708,20260725,20,12,2.0000000002291303e-07,9.999999999940612e-08,1e-10,separable
708,20260725,20,12,2.0000000002291303e-07,9.999999999940612e-08,1e-08,separable
708,20260725,20,12,2.0000000002291303e-07,9.999999999940612e-08,1e-06,replaceable
709,20260725,20,12,2.0000000000077428e-07,9.999999999940612e-08,1e-10,separable
709,20260725,20,12,2.0000000000077428e-07,9.999999999940612e-08,1e-08,separable
709,20260725,20,12,2.0000000000077428e-07,9.999999999940612e-08,1e-06,replaceable
710,20260725,20,12,2.000000000012634e-07,9.999999999940612e-08,1e-10,separable
710,20260725,20,12,2.000000000012634e-07,9.999999999940612e-08,1e-08,separable
710,20260725,20,12,2.000000000012634e-07,9.999999999940612e-08,1e-06,replaceable
711,20260725,20,12,2.0000000000040863e-07,9.999999999940612e-08,1e-10,separable
711,20260725,20,12,2.0000000000040863e-07,9.999999999940612e-08,1e-08,separable
711,20260725,20,12,2.0000000000040863e-07,9.999999999940612e-08,1e-06,replaceable
712,20260725,20,12,1.9999999999294484e-07,9.999999999940612e-08,1e-10,separable
712,20260725,20,12,1.9999999999294484e-07,9.999999999940612e-08,1e-08,separable
712,20260725,20,12,1.9999999999294484e-07,9.999999999940612e-08,1e-06,replaceable
713,20260725,20,12,2.0000000000715858e-07,9.999999999940612e-08,1e-10,separable
713,20260725,20,12,2.0000000000715858e-07,9.999999999940612e-08,1e-08,separable
713,20260725,20,12,2.0000000000715858e-07,9.999999999940612e-08,1e-06,replaceable
714,20260725,20,12,2.000000000197142e-07,9.999999999940612e-08,1e-10,separable
714,20260725,20,12,2.000000000197142e-07,9.999999999940612e-08,1e-08,separable
714,20260725,20,12,2.000000000197142e-07,9.999999999940612e-08,1e-06,replaceable
715,20260725,20,12,2.0000000000228169e-07,9.999999999940612e-08,1e-10,separable
715,20260725,20,12,2.0000000000228169e-07,9.999999999940612e-08,1e-08,separable
715,20260725,20,12,2.0000000000228169e-07,9.999999999940612e-08,1e-06,replaceable
716,20260725,20,12,2.0000000000489761e-07,9.999999999940612e-08,1e-10,separable
716,20260725,20,12,2.0000000000489761e-07,9.999999999940612e-08,1e-08,separable
716,20260725,20,12,2.0000000000489761e-07,9.999999999940612e-08,1e-06,replaceable
717,20260725,20,12,1.999999999556397e-07,9.999999999940612e-08,1e-10,separable
717,20260725,20,12,1.999999999556397e-07,9.999999999940612e-08,1e-08,separable
717,20260725,20,12,1.999999999556397e-07,9.999999999940612e-08,1e-06,replaceable
718,20260725,20,12,2.000000000099892e-07,9.999999999940612e-08,1e-10,separable
718,20260725,20,12,2.000000000099892e-07,9.999999999940612e-08,1e-08,separable
718,20260725,20,12,2.000000000099892e-07,9.999999999940612e-08,1e-06,replaceable
719,20260725,20,12,2.0000000001109641e-07,9.999999999940612e-08,1e-10,separable
719,20260725,20,12,2.0000000001109641e-07,9.999999999940612e-08,1e-08,separable
719,20260725,20,12,2.0000000001109641e-07,9.999999999940612e-08,1e-06,replaceable
840,20260726,3,4,1.99999999987099e-07,1.0000000000287557e-07,1e-10,separable
840,20260726,3,4,1.99999999987099e-07,1.0000000000287557e-07,1e-08,separable
840,20260726,3,4,1.99999999987099e-07,1.0000000000287557e-07,1e-06,replaceable
841,20260726,3,4,1.9999999994677053e-07,9.999999999940612e-08,1e-10,separable
841,20260726,3,4,1.9999999994677053e-07,9.999999999940612e-08,1e-08,separable
841,20260726,3,4,1.9999999994677053e-07,9.999999999940612e-08,1e-06,replaceable
842,20260726,3,4,1.9999999996208928e-07,1.0000000000287557e-07,1e-10,separable
842,20260726,3,4,1.9999999996208928e-07,1.0000000000287557e-07,1e-08,separable
842,20260726,3,4,1.9999999996208928e-07,1.0000000000287557e-07,1e-06,replaceable
843,20260726,3,4,1.9999999985221016e-07,1.0000000000287557e-07,1e-10,separable
843,20260726,3,4,1.9999999985221016e-07,1.0000000000287557e-07,1e-08,separable
843,20260726,3,4,1.9999999985221016e-07,1.0000000000287557e-07,1e-06,replaceable
844,20260726,3,4,1.9999999999612452e-07,1.0000000000287557e-07,1e-10,separable
844,20260726,3,4,1.9999999999612452e-07,1.0000000000287557e-07,1e-08,separable
844,20260726,3,4,1.9999999999612452e-07,1.0000000000287557e-07,1e-06,replaceable
845,20260726,3,4,1.9999999991311447e-07,9.999999999940612e-08,1e-10,separable
845,20260726,3,4,1.9999999991311447e-07,9.999999999940612e-08,1e-08,separable
845,20260726,3,4,1.9999999991311447e-07,9.999999999940612e-08,1e-06,replaceable
846,20260726,3,4,2.0000000010946566e-07,1.0000000000287557e-07,1e-10,separable
846,20260726,3,4,2.0000000010946566e-07,1.0000000000287557e-07,1e-08,separable
846,20260726,3,4,2.0000000010946566e-07,1.0000000000287557e-07,1e-06,replaceable
847,20260726,3,4,1.9999999990590146e-07,1.0000000000287557e-07,1e-10,separable
847,20260726,3,4,1.9999999990590146e-07,1.0000000000287557e-07,1e-08,separable
847,20260726,3,4,1.9999999990590146e-07,1.0000000000287557e-07,1e-06,replaceable
848,20260726,3,4,2.0000000000575105e-07,1.0000000000287557e-07,1e-10,separable
848,20260726,3,4,2.0000000000575105e-07,1.0000000000287557e-07,1e-08,separable
848,20260726,3,4,2.0000000000575105e-07,1.0000000000287557e-07,1e-06,replaceable
849,20260726,3,4,1.9999999984928758e-07,1.0000000000287557e-07,1e-10,separable
849,20260726,3,4,1.9999999984928758e-07,1.0000000000287557e-07,1e-08,separable
849,20260726,3,4,1.9999999984928758e-07,1.0000000000287557e-07,1e-06,replaceable
850,20260726,3,4,1.9999999995045238e-07,9.999999999940612e-08,1e-10,separable
850,20260726,3,4,1.9999999995045238e-07,9.999999999940612e-08,1e-08,separable
850,20260726,3,4,1.9999999995045238e-07,9.999999999940612e-08,1e-06,replaceable
851,20260726,3,4,1.9999999988215907e-07,9.999999999940612e-08,1e-10,separable
851,20260726,3,4,1.9999999988215907e-07,9.999999999940612e-08,1e-08,separable
851,20260726,3,4,1.9999999988215907e-07,9.999999999940612e-08,1e-06,replaceable
852,20260726,3,4,2.0000000002143599e-07,9.999999999940612e-08,1e-10,separable
852,20260726,3,4,2.0000000002143599e-07,9.999999999940612e-08,1e-08,separable
852,20260726,3,4,2.0000000002143599e-07,9.999999999940612e-08,1e-06,replaceable
853,20260726,3,4,1.999999999309764e-07,1.0000000000287557e-07,1e-10,separable
853,20260726,3,4,1.999999999309764e-07,1.0000000000287557e-07,1e-08,separable
853,20260726,3,4,1.999999999309764e-07,1.0000000000287557e-07,1e-06,replaceable
854,20260726,3,4,1.9999999987314897e-07,9.999999999940612e-08,1e-10,separable
854,20260726,3,4,1.9999999987314897e-07,9.999999999940612e-08,1e-08,separable
854,20260726,3,4,1.9999999987314897e-07,9.999999999940612e-08,1e-06,replaceable
855,20260726,3,4,1.999999998599701e-07,9.999999999940612e-08,1e-10,separable
855,20260726,3,4,1.999999998599701e-07,9.999999999940612e-08,1e-08,separable
855,20260726,3,4,1.999999998599701e-07,9.999999999940612e-08,1e-06,replaceable
856,20260726,3,4,1.9999999995672894e-07,9.999999999940612e-08,1e-10,separable
856,20260726,3,4,1.9999999995672894e-07,9.999999999940612e-08,1e-08,separable
856,20260726,3,4,1.9999999995672894e-07,9.999999999940612e-08,1e-06,replaceable
857,20260726,3,4,1.9999999995375795e-07,9.999999999940612e-08,1e-10,separable
857,20260726,3,4,1.9999999995375795e-07,9.999999999940612e-08,1e-08,separable
857,20260726,3,4,1.9999999995375795e-07,9.999999999940612e-08,1e-06,replaceable
858,20260726,3,4,2.0000000004406437e-07,1.0000000000287557e-07,1e-10,separable
858,20260726,3,4,2.0000000004406437e-07,1.0000000000287557e-07,1e-08,separable
858,20260726,3,4,2.0000000004406437e-07,1.0000000000287557e-07,1e-06,replaceable
859,20260726,3,4,2.0000000000228169e-07,9.999999999940612e-08,1e-10,separable
859,20260726,3,4,2.0000000000228169e-07,9.999999999940612e-08,1e-08,separable
859,20260726,3,4,2.0000000000228169e-07,9.999999999940612e-08,1e-06,replaceable
860,20260726,3,4,1.999999999986945e-07,1.0000000000287557e-07,1e-10,separable
860,20260726,3,4,1.999999999986945e-07,1.0000000000287557e-07,1e-08,separable
860,20260726,3,4,1.999999999986945e-07,1.0000000000287557e-07,1e-06,replaceable
861,20260726,3,4,2.0000000001107717e-07,9.999999999940612e-08,1e-10,separable
861,20260726,3,4,2.0000000001107717e-07,9.999999999940612e-08,1e-08,separable
861,20260726,3,4,2.0000000001107717e-07,9.999999999940612e-08,1e-06,replaceable
862,20260726,3,4,1.999999998813877e-07,1.0000000000287557e-07,1e-10,separable
862,20260726,3,4,1.999999998813877e-07,1.0000000000287557e-07,1e-08,separable
862,20260726,3,4,1.999999998813877e-07,1.0000000000287557e-07,1e-06,replaceable
863,20260726,3,4,1.999999999968132e-07,9.999999999940612e-08,1e-10,separable
863,20260726,3,4,1.999999999968132e-07,9.999999999940612e-08,1e-08,separable
863,20260726,3,4,1.999999999968132e-07,9.999999999940612e-08,1e-06,replaceable
864,20260726,3,4,2.0000000000335805e-07,1.0000000000287557e-07,1e-10,separable
864,20260726,3,4,2.0000000000335805e-07,1.0000000000287557e-07,1e-08,separable
864,20260726,3,4,2.0000000000335805e-07,1.0000000000287557e-07,1e-06,replaceable
865,20260726,3,4,2.0000000008245857e-07,1.0000000000287557e-07,1e-10,separable
865,20260726,3,4,2.0000000008245857e-07,1.0000000000287557e-07,1e-08,separable
865,20260726,3,4,2.0000000008245857e-07,1.0000000000287557e-07,1e-06,replaceable
866,20260726,3,4,1.999999999994842e-07,9.999999999940612e-08,1e-10,separable
866,20260726,3,4,1.999999999994842e-07,9.999999999940612e-08,1e-08,separable
866,20260726,3,4,1.999999999994842e-07,9.999999999940612e-08,1e-06,replaceable
867,20260726,3,4,2.0000000000575113e-07,1.0000000000287557e-07,1e-10,separable
867,20260726,3,4,2.0000000000575113e-07,1.0000000000287557e-07,1e-08,separable
867,20260726,3,4,2.0000000000575113e-07,1.0000000000287557e-07,1e-06,replaceable
868,20260726,3,4,2.0000000003992732e-07,1.0000000000287557e-07,1e-10,separable
868,20260726,3,4,2.0000000003992732e-07,1.0000000000287557e-07,1e-08,separable
868,20260726,3,4,2.0000000003992732e-07,1.0000000000287557e-07,1e-06,replaceable
869,20260726,3,4,1.9999999987964121e-07,1.0000000000287557e-07,1e-10,separable
869,20260726,3,4,1.9999999987964121e-07,1.0000000000287557e-07,1e-08,separable
869,20260726,3,4,1.9999999987964121e-07,1.0000000000287557e-07,1e-06,replaceable
870,20260726,3,4,1.9999999996346513e-07,1.0000000000287557e-07,1e-10,separable
870,20260726,3,4,1.9999999996346513e-07,1.0000000000287557e-07,1e-08,separable
870,20260726,3,4,1.9999999996346513e-07,1.0000000000287557e-07,1e-06,replaceable
871,20260726,3,4,2.0000000000575113e-07,1.0000000000287557e-07,1e-10,separable
871,20260726,3,4,2.0000000000575113e-07,1.0000000000287557e-07,1e-08,separable
871,20260726,3,4,2.0000000000575113e-07,1.0000000000287557e-07,1e-06,replaceable
872,20260726,3,4,1.9999999988955042e-07,9.999999999940612e-08,1e-10,separable
872,20260726,3,4,1.9999999988955042e-07,9.999999999940612e-08,1e-08,separable
872,20260726,3,4,1.9999999988955042e-07,9.999999999940612e-08,1e-06,replaceable
873,20260726,3,4,1.999999999326758e-07,9.999999999940612e-08,1e-10,separable
873,20260726,3,4,1.999999999326758e-07,9.999999999940612e-08,1e-08,separable
873,20260726,3,4,1.999999999326758e-07,9.999999999940612e-08,1e-06,replaceable
874,20260726,3,4,1.999999998960745e-07,1.0000000000287557e-07,1e-10,separable
874,20260726,3,4,1.999999998960745e-07,1.0000000000287557e-07,1e-08,separable
874,20260726,3,4,1.999999998960745e-07,1.0000000000287557e-07,1e-06,replaceable
875,20260726,3,4,1.9999999987775493e-07,1.0000000000287557e-07,1e-10,separable
875,20260726,3,4,1.9999999987775493e-07,1.0000000000287557e-07,1e-08,separable
875,20260726,3,4,1.9999999987775493e-07,1.0000000000287557e-07,1e-06,replaceable
876,20260726,3,4,1.9999999985809987e-07,1.0000000000287557e-07,1e-10,separable
876,20260726,3,4,1.9999999985809987e-07,1.0000000000287557e-07,1e-08,separable
876,20260726,3,4,1.9999999985809987e-07,1.0000000000287557e-07,1e-06,replaceable
877,20260726,3,4,2.0000000004953543e-07,1.0000000000287557e-07,1e-10,separable
877,20260726,3,4,2.0000000004953543e-07,1.0000000000287557e-07,1e-08,separable
877,20260726,3,4,2.0000000004953543e-07,1.0000000000287557e-07,1e-06,replaceable
878,20260726,3,4,1.9999999982492402e-07,9.999999999940612e-08,1e-10,separable
878,20260726,3,4,1.9999999982492402e-07,9.999999999940612e-08,1e-08,separable
878,20260726,3,4,1.9999999982492402e-07,9.999999999940612e-08,1e-06,replaceable
879,20260726,3,4,1.9999999999453393e-07,1.0000000000287557e-07,1e-10,separable
879,20260726,3,4,1.9999999999453393e-07,1.0000000000287557e-07,1e-08,separable
879,20260726,3,4,1.9999999999453393e-07,1.0000000000287557e-07,1e-06,replaceable
880,20260726,3,4,2.0000000000663094e-07,9.999999999940612e-08,1e-10,separable
880,20260726,3,4,2.0000000000663094e-07,9.999999999940612e-08,1e-08,separable
880,20260726,3,4,2.0000000000663094e-07,9.999999999940612e-08,1e-06,replaceable
881,20260726,3,4,1.9999999992517035e-07,1.0000000000287557e-07,1e-10,separable
881,20260726,3,4,1.9999999992517035e-07,1.0000000000287557e-07,1e-08,separable
881,20260726,3,4,1.9999999992517035e-07,1.0000000000287557e-07,1e-06,replaceable
882,20260726,3,4,2.0000000003751185e-07,1.0000000000287557e-07,1e-10,separable
882,20260726,3,4,2.0000000003751185e-07,1.0000000000287557e-07,1e-08,separable
882,20260726,3,4,2.0000000003751185e-07,1.0000000000287557e-07,1e-06,replaceable
883,20260726,3,4,2.0000000000575116e-07,1.0000000000287557e-07,1e-10,separable
883,20260726,3,4,2.0000000000575116e-07,1.0000000000287557e-07,1e-08,separable
883,20260726,3,4,2.0000000000575116e-07,1.0000000000287557e-07,1e-06,replaceable
884,20260726,3,4,1.999999999551905e-07,1.0000000000287557e-07,1e-10,separable
884,20260726,3,4,1.999999999551905e-07,1.0000000000287557e-07,1e-08,separable
884,20260726,3,4,1.999999999551905e-07,1.0000000000287557e-07,1e-06,replaceable
885,20260726,3,4,2.0000000001381883e-07,1.0000000000287557e-07,1e-10,separable
885,20260726,3,4,2.0000000001381883e-07,1.0000000000287557e-07,1e-08,separable
885,20260726,3,4,2.0000000001381883e-07,1.0000000000287557e-07,1e-06,replaceable
886,20260726,3,4,1.999999998927122e-07,9.999999999940612e-08,1e-10,separable
886,20260726,3,4,1.999999998927122e-07,9.999999999940612e-08,1e-08,separable
886,20260726,3,4,1.999999998927122e-07,9.999999999940612e-08,1e-06,replaceable
887,20260726,3,4,2.0000000000575113e-07,1.0000000000287557e-07,1e-10,separable
887,20260726,3,4,2.0000000000575113e-07,1.0000000000287557e-07,1e-08,separable
887,20260726,3,4,2.0000000000575113e-07,1.0000000000287557e-07,1e-06,replaceable
888,20260726,3,4,2.0000000000575113e-07,1.0000000000287557e-07,1e-10,separable
888,20260726,3,4,2.0000000000575113e-07,1.0000000000287557e-07,1e-08,separable
888,20260726,3,4,2.0000000000575113e-07,1.0000000000287557e-07,1e-06,replaceable
889,20260726,3,4,1.9999999986441754e-07,9.999999999940612e-08,1e-10,separable
889,20260726,3,4,1.9999999986441754e-07,9.999999999940612e-08,1e-08,separable
889,20260726,3,4,1.9999999986441754e-07,9.999999999940612e-08,1e-06,replaceable
890,20260726,3,4,2.0000000000228169e-07,9.999999999940612e-08,1e-10,separable
890,20260726,3,4,2.0000000000228169e-07,9.999999999940612e-08,1e-08,separable
890,20260726,3,4,2.0000000000228169e-07,9.999999999940612e-08,1e-06,replaceable
891,20260726,3,4,1.9999999995192997e-07,9.999999999940612e-08,1e-10,separable
891,20260726,3,4,1.9999999995192997e-07,9.999999999940612e-08,1e-08,separable
891,20260726,3,4,1.9999999995192997e-07,9.999999999940612e-08,1e-06,replaceable
892,20260726,3,4,1.999999998992515e-07,1.0000000000287557e-07,1e-10,separable
892,20260726,3,4,1.999999998992515e-07,1.0000000000287557e-07,1e-08,separable
892,20260726,3,4,1.999999998992515e-07,1.0000000000287557e-07,1e-06,replaceable
893,20260726,3,4,1.9999999994012048e-07,1.0000000000287557e-07,1e-10,separable
893,20260726,3,4,1.9999999994012048e-07,1.0000000000287557e-07,1e-08,separable
893,20260726,3,4,1.9999999994012048e-07,1.0000000000287557e-07,1e-06,replaceable
894,20260726,3,4,1.99999999973762e-07,1.0000000000287557e-07,1e-10,separable
894,20260726,3,4,1.99999999973762e-07,1.0000000000287557e-07,1e-08,separable
894,20260726,3,4,1.99999999973762e-07,1.0000000000287557e-07,1e-06,replaceable
895,20260726,3,4,2.0000000003234394e-07,9.999999999940612e-08,1e-10,separable
895,20260726,3,4,2.0000000003234394e-07,9.999999999940612e-08,1e-08,separable
895,20260726,3,4,2.0000000003234394e-07,9.999999999940612e-08,1e-06,replaceable
896,20260726,3,4,1.999999999824956e-07,1.0000000000287557e-07,1e-10,separable
896,20260726,3,4,1.999999999824956e-07,1.0000000000287557e-07,1e-08,separable
896,20260726,3,4,1.999999999824956e-07,1.0000000000287557e-07,1e-06,replaceable
897,20260726,3,4,1.9999999997787954e-07,9.999999999940612e-08,1e-10,separable
897,20260726,3,4,1.9999999997787954e-07,9.999999999940612e-08,1e-08,separable
897,20260726,3,4,1.9999999997787954e-07,9.999999999940612e-08,1e-06,replaceable
898,20260726,3,4,1.9999999994817317e-07,9.999999999940612e-08,1e-10,separable
898,20260726,3,4,1.9999999994817317e-07,9.999999999940612e-08,1e-08,separable
898,20260726,3,4,1.9999999994817317e-07,9.999999999940612e-08,1e-06,replaceable
899,20260726,3,4,2.0000000000575113e-07,1.0000000000287557e-07,1e-10,separable
899,20260726,3,4,2.0000000000575113e-07,1.0000000000287557e-07,1e-08,separable
899,20260726,3,4,2.0000000000575113e-07,1.0000000000287557e-07,1e-06,replaceable
1020,20260726,5,5,2.0000000006076547e-07,9.999999999940612e-08,1e-10,separable
1020,20260726,5,5,2.0000000006076547e-07,9.999999999940612e-08,1e-08,separable
1020,20260726,5,5,2.0000000006076547e-07,9.999999999940612e-08,1e-06,replaceable
1021,20260726,5,5,1.999999999921398e-07,9.999999999940612e-08,1e-10,separable
1021,20260726,5,5,1.999999999921398e-07,9.999999999940612e-08,1e-08,separable
1021,20260726,5,5,1.999999999921398e-07,9.999999999940612e-08,1e-06,replaceable
1022,20260726,5,5,2.0000000012897526e-07,9.999999999940612e-08,1e-10,separable
1022,20260726,5,5,2.0000000012897526e-07,9.999999999940612e-08,1e-08,separable
1022,20260726,5,5,2.0000000012897526e-07,9.999999999940612e-08,1e-06,replaceable
1023,20260726,5,5,2.0000000007562336e-07,9.999999999940612e-08,1e-10,separable
1023,20260726,5,5,2.0000000007562336e-07,9.999999999940612e-08,1e-08,separable
1023,20260726,5,5,2.0000000007562336e-07,9.999999999940612e-08,1e-06,replaceable
1024,20260726,5,5,1.9999999999450116e-07,9.999999999940612e-08,1e-10,separable
1024,20260726,5,5,1.9999999999450116e-07,9.999999999940612e-08,1e-08,separable
1024,20260726,5,5,1.9999999999450116e-07,9.999999999940612e-08,1e-06,replaceable
1025,20260726,5,5,2.0000000002583884e-07,9.999999999940612e-08,1e-10,separable
1025,20260726,5,5,2.0000000002583884e-07,9.999999999940612e-08,1e-08,separable
1025,20260726,5,5,2.0000000002583884e-07,9.999999999940612e-08,1e-06,replaceable
1026,20260726,5,5,2.0000000010276618e-07,1.0000000000287557e-07,1e-10,separable
1026,20260726,5,5,2.0000000010276618e-07,1.0000000000287557e-07,1e-08,separable
1026,20260726,5,5,2.0000000010276618e-07,1.0000000000287557e-07,1e-06,replaceable
1027,20260726,5,5,1.9999999996555836e-07,9.999999999940612e-08,1e-10,separable
1027,20260726,5,5,1.9999999996555836e-07,9.999999999940612e-08,1e-08,separable
1027,20260726,5,5,1.9999999996555836e-07,9.999999999940612e-08,1e-06,replaceable
1028,20260726,5,5,2.0000000008003942e-07,9.999999999940612e-08,1e-10,separable
1028,20260726,5,5,2.0000000008003942e-07,9.999999999940612e-08,1e-08,separable
1028,20260726,5,5,2.0000000008003942e-07,9.999999999940612e-08,1e-06,replaceable
1029,20260726,5,5,2.0000000003724308e-07,9.999999999940612e-08,1e-10,separable
1029,20260726,5,5,2.0000000003724308e-07,9.999999999940612e-08,1e-08,separable
1029,20260726,5,5,2.0000000003724308e-07,9.999999999940612e-08,1e-06,replaceable
1030,20260726,5,5,2.0000000000448733e-07,9.999999999940612e-08,1e-10,separable
1030,20260726,5,5,2.0000000000448733e-07,9.999999999940612e-08,1e-08,separable
1030,20260726,5,5,2.0000000000448733e-07,9.999999999940612e-08,1e-06,replaceable
1031,20260726,5,5,1.9999999994446732e-07,9.999999999940612e-08,1e-10,separable
1031,20260726,5,5,1.9999999994446732e-07,9.999999999940612e-08,1e-08,separable
1031,20260726,5,5,1.9999999994446732e-07,9.999999999940612e-08,1e-06,replaceable
1032,20260726,5,5,2.0000000000779839e-07,9.999999999940612e-08,1e-10,separable
1032,20260726,5,5,2.0000000000779839e-07,9.999999999940612e-08,1e-08,separable
1032,20260726,5,5,2.0000000000779839e-07,9.999999999940612e-08,1e-06,replaceable
1033,20260726,5,5,2.0000000008316253e-07,9.999999999940612e-08,1e-10,separable
1033,20260726,5,5,2.0000000008316253e-07,9.999999999940612e-08,1e-08,separable
1033,20260726,5,5,2.0000000008316253e-07,9.999999999940612e-08,1e-06,replaceable
1034,20260726,5,5,2.0000000100879532e-07,9.999999999940612e-08,1e-10,separable
1034,20260726,5,5,2.0000000100879532e-07,9.999999999940612e-08,1e-08,separable
1034,20260726,5,5,2.0000000100879532e-07,9.999999999940612e-08,1e-06,replaceable
1035,20260726,5,5,1.999999999998779e-07,9.999999999940612e-08,1e-10,separable
1035,20260726,5,5,1.999999999998779e-07,9.999999999940612e-08,1e-08,separable
1035,20260726,5,5,1.999999999998779e-07,9.999999999940612e-08,1e-06,replaceable
1036,20260726,5,5,1.9999999996630065e-07,1.0000000000287557e-07,1e-10,separable
1036,20260726,5,5,1.9999999996630065e-07,1.0000000000287557e-07,1e-08,separable
1036,20260726,5,5,1.9999999996630065e-07,1.0000000000287557e-07,1e-06,replaceable
1037,20260726,5,5,2.0000000007973094e-07,9.999999999940612e-08,1e-10,separable
1037,20260726,5,5,2.0000000007973094e-07,9.999999999940612e-08,1e-08,separable
1037,20260726,5,5,2.0000000007973094e-07,9.999999999940612e-08,1e-06,replaceable
1038,20260726,5,5,2.0000000000228174e-07,9.999999999940612e-08,1e-10,separable
1038,20260726,5,5,2.0000000000228174e-07,9.999999999940612e-08,1e-08,separable
1038,20260726,5,5,2.0000000000228174e-07,9.999999999940612e-08,1e-06,replaceable
1039,20260726,5,5,2.000000000984333e-07,9.999999999940612e-08,1e-10,separable
1039,20260726,5,5,2.000000000984333e-07,9.999999999940612e-08,1e-08,separable
1039,20260726,5,5,2.000000000984333e-07,9.999999999940612e-08,1e-06,replaceable
1040,20260726,5,5,1.9999999989142662e-07,9.999999999940612e-08,1e-10,separable
1040,20260726,5,5,1.9999999989142662e-07,9.999999999940612e-08,1e-08,separable
1040,20260726,5,5,1.9999999989142662e-07,9.999999999940612e-08,1e-06,replaceable
1041,20260726,5,5,2.0000000003983553e-07,9.999999999940612e-08,1e-10,separable
1041,20260726,5,5,2.0000000003983553e-07,9.999999999940612e-08,1e-08,separable
1041,20260726,5,5,2.0000000003983553e-07,9.999999999940612e-08,1e-06,replaceable
1042,20260726,5,5,1.999999999535137e-07,9.999999999940612e-08,1e-10,separable
1042,20260726,5,5,1.999999999535137e-07,9.999999999940612e-08,1e-08,separable
1042,20260726,5,5,1.999999999535137e-07,9.999999999940612e-08,1e-06,replaceable
1043,20260726,5,5,1.999999999912036e-07,1.0000000000287557e-07,1e-10,separable
1043,20260726,5,5,1.999999999912036e-07,1.0000000000287557e-07,1e-08,separable
1043,20260726,5,5,1.999999999912036e-07,1.0000000000287557e-07,1e-06,replaceable
1044,20260726,5,5,1.99999999975331e-07,9.999999999940612e-08,1e-10,separable
1044,20260726,5,5,1.99999999975331e-07,9.999999999940612e-08,1e-08,separable
1044,20260726,5,5,1.99999999975331e-07,9.999999999940612e-08,1e-06,replaceable
1045,20260726,5,5,2.0000000000228166e-07,9.999999999940612e-08,1e-10,separable
1045,20260726,5,5,2.0000000000228166e-07,9.999999999940612e-08,1e-08,separable
1045,20260726,5,5,2.0000000000228166e-07,9.999999999940612e-08,1e-06,replaceable
1046,20260726,5,5,2.0000000011816823e-07,9.999999999940612e-08,1e-10,separable
1046,20260726,5,5,2.0000000011816823e-07,9.999999999940612e-08,1e-08,separable
1046,20260726,5,5,2.0000000011816823e-07,9.999999999940612e-08,1e-06,replaceable
1047,20260726,5,5,2.0000000000228169e-07,9.999999999940612e-08,1e-10,separable
1047,20260726,5,5,2.0000000000228169e-07,9.999999999940612e-08,1e-08,separable
1047,20260726,5,5,2.0000000000228169e-07,9.999999999940612e-08,1e-06,replaceable
1048,20260726,5,5,1.9999999992923738e-07,9.999999999940612e-08,1e-10,separable
1048,20260726,5,5,1.9999999992923738e-07,9.999999999940612e-08,1e-08,separable
1048,20260726,5,5,1.9999999992923738e-07,9.999999999940612e-08,1e-06,replaceable
1049,20260726,5,5,2.0000000001513623e-07,9.999999999940612e-08,1e-10,separable
1049,20260726,5,5,2.0000000001513623e-07,9.999999999940612e-08,1e-08,separable
1049,20260726,5,5,2.0000000001513623e-07,9.999999999940612e-08,1e-06,replaceable
1050,20260726,5,5,2.000000000016967e-07,9.999999999940612e-08,1e-10,separable
1050,20260726,5,5,2.000000000016967e-07,9.999999999940612e-08,1e-08,separable
1050,20260726,5,5,2.000000000016967e-07,9.999999999940612e-08,1e-06,replaceable
1051,20260726,5,5,1.9999999995007349e-07,9.999999999940612e-08,1e-10,separable
1051,20260726,5,5,1.9999999995007349e-07,9.999999999940612e-08,1e-08,separable
1051,20260726,5,5,1.9999999995007349e-07,9.999999999940612e-08,1e-06,replaceable
1052,20260726,5,5,1.9999999997127192e-07,9.999999999940612e-08,1e-10,separable
1052,20260726,5,5,1.9999999997127192e-07,9.999999999940612e-08,1e-08,separable
1052,20260726,5,5,1.9999999997127192e-07,9.999999999940612e-08,1e-06,replaceable
1053,20260726,5,5,2.000000000250571e-07,9.999999999940612e-08,1e-10,separable
1053,20260726,5,5,2.000000000250571e-07,9.999999999940612e-08,1e-08,separable
1053,20260726,5,5,2.000000000250571e-07,9.999999999940612e-08,1e-06,replaceable
1054,20260726,5,5,1.9999999996088245e-07,9.999999999940612e-08,1e-10,separable
1054,20260726,5,5,1.9999999996088245e-07,9.999999999940612e-08,1e-08,separable
1054,20260726,5,5,1.9999999996088245e-07,9.999999999940612e-08,1e-06,replaceable
1055,20260726,5,5,2.0000000000228169e-07,9.999999999940612e-08,1e-10,separable
1055,20260726,5,5,2.0000000000228169e-07,9.999999999940612e-08,1e-08,separable
1055,20260726,5,5,2.0000000000228169e-07,9.999999999940612e-08,1e-06,replaceable
1056,20260726,5,5,2.0000000003400267e-07,9.999999999940612e-08,1e-10,separable
1056,20260726,5,5,2.0000000003400267e-07,9.999999999940612e-08,1e-08,separable
1056,20260726,5,5,2.0000000003400267e-07,9.999999999940612e-08,1e-06,replaceable
1057,20260726,5,5,1.9999999993308227e-07,9.999999999940612e-08,1e-10,separable
1057,20260726,5,5,1.9999999993308227e-07,9.999999999940612e-08,1e-08,separable
1057,20260726,5,5,1.9999999993308227e-07,9.999999999940612e-08,1e-06,replaceable
1058,20260726,5,5,1.9999999993399857e-07,9.999999999940612e-08,1e-10,separable
1058,20260726,5,5,1.9999999993399857e-07,9.999999999940612e-08,1e-08,separable
1058,20260726,5,5,1.9999999993399857e-07,9.999999999940612e-08,1e-06,replaceable
1059,20260726,5,5,1.9999999998939077e-07,9.999999999940612e-08,1e-10,separable
1059,20260726,5,5,1.9999999998939077e-07,9.999999999940612e-08,1e-08,separable
1059,20260726,5,5,1.9999999998939077e-07,9.999999999940612e-08,1e-06,replaceable
1060,20260726,5,5,1.9999999996343188e-07,9.999999999940612e-08,1e-10,separable
1060,20260726,5,5,1.9999999996343188e-07,9.999999999940612e-08,1e-08,separable
1060,20260726,5,5,1.9999999996343188e-07,9.999999999940612e-08,1e-06,replaceable
1061,20260726,5,5,2.0000000000331422e-07,9.999999999940612e-08,1e-10,separable
1061,20260726,5,5,2.0000000000331422e-07,9.999999999940612e-08,1e-08,separable
1061,20260726,5,5,2.0000000000331422e-07,9.999999999940612e-08,1e-06,replaceable
1062,20260726,5,5,2.0000000018620811e-07,9.999999999940612e-08,1e-10,separable
1062,20260726,5,5,2.0000000018620811e-07,9.999999999940612e-08,1e-08,separable
1062,20260726,5,5,2.0000000018620811e-07,9.999999999940612e-08,1e-06,replaceable
1063,20260726,5,5,2.0000000007159646e-07,9.999999999940612e-08,1e-10,separable
1063,20260726,5,5,2.0000000007159646e-07,9.999999999940612e-08,1e-08,separable
1063,20260726,5,5,2.0000000007159646e-07,9.999999999940612e-08,1e-06,replaceable
1064,20260726,5,5,2.0000000000401638e-07,9.999999999940612e-08,1e-10,separable
1064,20260726,5,5,2.0000000000401638e-07,9.999999999940612e-08,1e-08,separable
1064,20260726,5,5,2.0000000000401638e-07,9.999999999940612e-08,1e-06,replaceable
1065,20260726,5,5,1.9999999998788154e-07,9.999999999940612e-08,1e-10,separable
1065,20260726,5,5,1.9999999998788154e-07,9.999999999940612e-08,1e-08,separable
1065,20260726,5,5,1.9999999998788154e-07,9.999999999940612e-08,1e-06,replaceable
1066,20260726,5,5,2.000000000310554e-07,1.0000000000287557e-07,1e-10,separable
1066,20260726,5,5,2.000000000310554e-07,1.0000000000287557e-07,1e-08,separable
1066,20260726,5,5,2.000000000310554e-07,1.0000000000287557e-07,1e-06,replaceable
1067,20260726,5,5,2.000000000156765e-07,9.999999999940612e-08,1e-10,separable
1067,20260726,5,5,2.000000000156765e-07,9.999999999940612e-08,1e-08,separable
1067,20260726,5,5,2.000000000156765e-07,9.999999999940612e-08,1e-06,replaceable
1068,20260726,5,5,2.000000000125943e-07,1.0000000000287557e-07,1e-10,separable
1068,20260726,5,5,2.000000000125943e-07,1.0000000000287557e-07,1e-08,separable
1068,20260726,5,5,2.000000000125943e-07,1.0000000000287557e-07,1e-06,replaceable
1069,20260726,5,5,2.0000000005632324e-07,9.999999999940612e-08,1e-10,separable
1069,20260726,5,5,2.0000000005632324e-07,9.999999999940612e-08,1e-08,separable
1069,20260726,5,5,2.0000000005632324e-07,9.999999999940612e-08,1e-06,replaceable
1070,20260726,5,5,1.9999999999721373e-07,9.999999999940612e-08,1e-10,separable
1070,20260726,5,5,1.9999999999721373e-07,9.999999999940612e-08,1e-08,separable
1070,20260726,5,5,1.9999999999721373e-07,9.999999999940612e-08,1e-06,replaceable
1071,20260726,5,5,2.0000000000645176e-07,9.999999999940612e-08,1e-10,separable
1071,20260726,5,5,2.0000000000645176e-07,9.999999999940612e-08,1e-08,separable
1071,20260726,5,5,2.0000000000645176e-07,9.999999999940612e-08,1e-06,replaceable
1072,20260726,5,5,1.9999999994378543e-07,9.999999999940612e-08,1e-10,separable
1072,20260726,5,5,1.9999999994378543e-07,9.999999999940612e-08,1e-08,separable
1072,20260726,5,5,1.9999999994378543e-07,9.999999999940612e-08,1e-06,replaceable
1073,20260726,5,5,2.0000000002836284e-07,9.999999999940612e-08,1e-10,separable
1073,20260726,5,5,2.0000000002836284e-07,9.999999999940612e-08,1e-08,separable
1073,20260726,5,5,2.0000000002836284e-07,9.999999999940612e-08,1e-06,replaceable
1074,20260726,5,5,1.9999999998510852e-07,1.0000000000287557e-07,1e-10,separable
1074,20260726,5,5,1.9999999998510852e-07,1.0000000000287557e-07,1e-08,separable
1074,20260726,5,5,1.9999999998510852e-07,1.0000000000287557e-07,1e-06,replaceable
1075,20260726,5,5,2.0000000000228169e-07,9.999999999940612e-08,1e-10,separable
1075,20260726,5,5,2.0000000000228169e-07,9.999999999940612e-08,1e-08,separable
1075,20260726,5,5,2.0000000000228169e-07,9.999999999940612e-08,1e-06,replaceable
1076,20260726,5,5,1.9999999997747244e-07,9.999999999940612e-08,1e-10,separable
1076,20260726,5,5,1.9999999997747244e-07,9.999999999940612e-08,1e-08,separable
1076,20260726,5,5,1.9999999997747244e-07,9.999999999940612e-08,1e-06,replaceable
1077,20260726,5,5,1.999999999794738e-07,9.999999999940612e-08,1e-10,separable
1077,20260726,5,5,1.999999999794738e-07,9.999999999940612e-08,1e-08,separable
1077,20260726,5,5,1.999999999794738e-07,9.999999999940612e-08,1e-06,replaceable
1078,20260726,5,5,2.0000000001976998e-07,9.999999999940612e-08,1e-10,separable
1078,20260726,5,5,2.0000000001976998e-07,9.999999999940612e-08,1e-08,separable
1078,20260726,5,5,2.0000000001976998e-07,9.999999999940612e-08,1e-06,replaceable
1079,20260726,5,5,2.000000000395467e-07,1.0000000000287557e-07,1e-10,separable
1079,20260726,5,5,2.000000000395467e-07,1.0000000000287557e-07,1e-08,separable
1079,20260726,5,5,2.000000000395467e-07,1.0000000000287557e-07,1e-06,replaceable
1200,20260726,10,8,2.0000000000102675e-07,9.999999999940612e-08,1e-10,separable
1200,20260726,10,8,2.0000000000102675e-07,9.999999999940612e-08,1e-08,separable
1200,20260726,10,8,2.0000000000102675e-07,9.999999999940612e-08,1e-06,replaceable
1201,20260726,10,8,1.999999999713715e-07,9.999999999940612e-08,1e-10,separable
1201,20260726,10,8,1.999999999713715e-07,9.999999999940612e-08,1e-08,separable
1201,20260726,10,8,1.999999999713715e-07,9.999999999940612e-08,1e-06,replaceable
1202,20260726,10,8,2.0000000000515604e-07,9.999999999940612e-08,1e-10,separable
1202,20260726,10,8,2.0000000000515604e-07,9.999999999940612e-08,1e-08,separable
1202,20260726,10,8,2.0000000000515604e-07,9.999999999940612e-08,1e-06,replaceable
1203,20260726,10,8,1.999999999868823e-07,9.999999999940612e-08,1e-10,separable
1203,20260726,10,8,1.999999999868823e-07,9.999999999940612e-08,1e-08,separable
1203,20260726,10,8,1.999999999868823e-07,9.999999999940612e-08,1e-06,replaceable
1204,20260726,10,8,2.0000000001513504e-07,9.999999999940612e-08,1e-10,separable
1204,20260726,10,8,2.0000000001513504e-07,9.999999999940612e-08,1e-08,separable
1204,20260726,10,8,2.0000000001513504e-07,9.999999999940612e-08,1e-06,replaceable
1205,20260726,10,8,1.99999999994818e-07,9.999999999940612e-08,1e-10,separable
1205,20260726,10,8,1.99999999994818e-07,9.999999999940612e-08,1e-08,separable
1205,20260726,10,8,1.99999999994818e-07,9.999999999940612e-08,1e-06,replaceable
1206,20260726,10,8,1.9999999999881227e-07,9.999999999940612e-08,1e-10,separable
1206,20260726,10,8,1.9999999999881227e-07,9.999999999940612e-08,1e-08,separable
1206,20260726,10,8,1.9999999999881227e-07,9.999999999940612e-08,1e-06,replaceable
1207,20260726,10,8,1.99999999999184e-07,9.999999999940612e-08,1e-10,separable
1207,20260726,10,8,1.99999999999184e-07,9.999999999940612e-08,1e-08,separable
1207,20260726,10,8,1.99999999999184e-07,9.999999999940612e-08,1e-06,replaceable
1208,20260726,10,8,2.0000000000228174e-07,9.999999999940612e-08,1e-10,separable
1208,20260726,10,8,2.0000000000228174e-07,9.999999999940612e-08,1e-08,separable
1208,20260726,10,8,2.0000000000228174e-07,9.999999999940612e-08,1e-06,replaceable
1209,20260726,10,8,2.000000000256894e-07,9.999999999940612e-08,1e-10,separable
1209,20260726,10,8,2.000000000256894e-07,9.999999999940612e-08,1e-08,separable
1209,20260726,10,8,2.000000000256894e-07,9.999999999940612e-08,1e-06,replaceable
1210,20260726,10,8,2.0000000014139393e-07,9.999999999940612e-08,1e-10,separable
1210,20260726,10,8,2.0000000014139393e-07,9.999999999940612e-08,1e-08,separable
1210,20260726,10,8,2.0000000014139393e-07,9.999999999940612e-08,1e-06,replaceable
1211,20260726,10,8,1.9999999998688077e-07,9.999999999940612e-08,1e-10,separable
1211,20260726,10,8,1.9999999998688077e-07,9.999999999940612e-08,1e-08,separable
1211,20260726,10,8,1.9999999998688077e-07,9.999999999940612e-08,1e-06,replaceable
1212,20260726,10,8,1.9999999999620197e-07,9.999999999940612e-08,1e-10,separable
1212,20260726,10,8,1.9999999999620197e-07,9.999999999940612e-08,1e-08,separable
1212,20260726,10,8,1.9999999999620197e-07,9.999999999940612e-08,1e-06,replaceable
1213,20260726,10,8,1.9999999999860286e-07,9.999999999940612e-08,1e-10,separable
1213,20260726,10,8,1.9999999999860286e-07,9.999999999940612e-08,1e-08,separable
1213,20260726,10,8,1.9999999999860286e-07,9.999999999940612e-08,1e-06,replaceable
1214,20260726,10,8,1.9999999999563412e-07,9.999999999940612e-08,1e-10,separable
1214,20260726,10,8,1.9999999999563412e-07,9.999999999940612e-08,1e-08,separable
1214,20260726,10,8,1.9999999999563412e-07,9.999999999940612e-08,1e-06,replaceable
1215,20260726,10,8,1.9999999999800428e-07,9.999999999940612e-08,1e-10,separable
1215,20260726,10,8,1.9999999999800428e-07,9.999999999940612e-08,1e-08,separable
1215,20260726,10,8,1.9999999999800428e-07,9.999999999940612e-08,1e-06,replaceable
1216,20260726,10,8,1.999999999974382e-07,9.999999999940612e-08,1e-10,separable
1216,20260726,10,8,1.999999999974382e-07,9.999999999940612e-08,1e-08,separable
1216,20260726,10,8,1.999999999974382e-07,9.999999999940612e-08,1e-06,replaceable
1217,20260726,10,8,2.0000000000657974e-07,9.999999999940612e-08,1e-10,separable
1217,20260726,10,8,2.0000000000657974e-07,9.999999999940612e-08,1e-08,separable
1217,20260726,10,8,2.0000000000657974e-07,9.999999999940612e-08,1e-06,replaceable
1218,20260726,10,8,1.999999999998991e-07,9.999999999940612e-08,1e-10,separable
1218,20260726,10,8,1.999999999998991e-07,9.999999999940612e-08,1e-08,separable
1218,20260726,10,8,1.999999999998991e-07,9.999999999940612e-08,1e-06,replaceable
1219,20260726,10,8,2.0000000004760539e-07,9.999999999940612e-08,1e-10,separable
1219,20260726,10,8,2.0000000004760539e-07,9.999999999940612e-08,1e-08,separable
1219,20260726,10,8,2.0000000004760539e-07,9.999999999940612e-08,1e-06,replaceable
1220,20260726,10,8,1.9999999998270871e-07,9.999999999940612e-08,1e-10,separable
1220,20260726,10,8,1.9999999998270871e-07,9.999999999940612e-08,1e-08,separable
1220,20260726,10,8,1.9999999998270871e-07,9.999999999940612e-08,1e-06,replaceable
1221,20260726,10,8,1.9999999998716644e-07,9.999999999940612e-08,1e-10,separable
1221,20260726,10,8,1.9999999998716644e-07,9.999999999940612e-08,1e-08,separable
1221,20260726,10,8,1.9999999998716644e-07,9.999999999940612e-08,1e-06,replaceable
1222,20260726,10,8,1.9999999995492325e-07,9.999999999940612e-08,1e-10,separable
1222,20260726,10,8,1.9999999995492325e-07,9.999999999940612e-08,1e-08,separable
1222,20260726,10,8,1.9999999995492325e-07,9.999999999940612e-08,1e-06,replaceable
1223,20260726,10,8,2.0000000000054696e-07,9.999999999940612e-08,1e-10,separable
1223,20260726,10,8,2.0000000000054696e-07,9.999999999940612e-08,1e-08,separable
1223,20260726,10,8,2.0000000000054696e-07,9.999999999940612e-08,1e-06,replaceable
1224,20260726,10,8,2.0000000000228169e-07,9.999999999940612e-08,1e-10,separable
1224,20260726,10,8,2.0000000000228169e-07,9.999999999940612e-08,1e-08,separable
1224,20260726,10,8,2.0000000000228169e-07,9.999999999940612e-08,1e-06,replaceable
1225,20260726,10,8,1.999999999975571e-07,9.999999999940612e-08,1e-10,separable
1225,20260726,10,8,1.999999999975571e-07,9.999999999940612e-08,1e-08,separable
1225,20260726,10,8,1.999999999975571e-07,9.999999999940612e-08,1e-06,replaceable
1226,20260726,10,8,2.0000000000458583e-07,9.999999999940612e-08,1e-10,separable
1226,20260726,10,8,2.0000000000458583e-07,9.999999999940612e-08,1e-08,separable
1226,20260726,10,8,2.0000000000458583e-07,9.999999999940612e-08,1e-06,replaceable
1227,20260726,10,8,2.0000000000648646e-07,9.999999999940612e-08,1e-10,separable
1227,20260726,10,8,2.0000000000648646e-07,9.999999999940612e-08,1e-08,separable
1227,20260726,10,8,2.0000000000648646e-07,9.999999999940612e-08,1e-06,replaceable
1228,20260726,10,8,1.9999999999902566e-07,9.999999999940612e-08,1e-10,separable
1228,20260726,10,8,1.9999999999902566e-07,9.999999999940612e-08,1e-08,separable
1228,20260726,10,8,1.9999999999902566e-07,9.999999999940612e-08,1e-06,replaceable
1229,20260726,10,8,1.9999999999551008e-07,9.999999999940612e-08,1e-10,separable
1229,20260726,10,8,1.9999999999551008e-07,9.999999999940612e-08,1e-08,separable
1229,20260726,10,8,1.9999999999551008e-07,9.999999999940612e-08,1e-06,replaceable
1230,20260726,10,8,1.999999999732946e-07,9.999999999940612e-08,1e-10,separable
1230,20260726,10,8,1.999999999732946e-07,9.999999999940612e-08,1e-08,separable
1230,20260726,10,8,1.999999999732946e-07,9.999999999940612e-08,1e-06,replaceable
1231,20260726,10,8,1.999999999975345e-07,9.999999999940612e-08,1e-10,separable
1231,20260726,10,8,1.999999999975345e-07,9.999999999940612e-08,1e-08,separable
1231,20260726,10,8,1.999999999975345e-07,9.999999999940612e-08,1e-06,replaceable
1232,20260726,10,8,1.9999999999306647e-07,9.999999999940612e-08,1e-10,separable
1232,20260726,10,8,1.9999999999306647e-07,9.999999999940612e-08,1e-08,separable
1232,20260726,10,8,1.9999999999306647e-07,9.999999999940612e-08,1e-06,replaceable
1233,20260726,10,8,2.0000000000228169e-07,9.999999999940612e-08,1e-10,separable
1233,20260726,10,8,2.0000000000228169e-07,9.999999999940612e-08,1e-08,separable
1233,20260726,10,8,2.0000000000228169e-07,9.999999999940612e-08,1e-06,replaceable
1234,20260726,10,8,1.9999999999881224e-07,9.999999999940612e-08,1e-10,separable
1234,20260726,10,8,1.9999999999881224e-07,9.999999999940612e-08,1e-08,separable
1234,20260726,10,8,1.9999999999881224e-07,9.999999999940612e-08,1e-06,replaceable
1235,20260726,10,8,1.9999999999397388e-07,9.999999999940612e-08,1e-10,separable
1235,20260726,10,8,1.9999999999397388e-07,9.999999999940612e-08,1e-08,separable
1235,20260726,10,8,1.9999999999397388e-07,9.999999999940612e-08,1e-06,replaceable
1236,20260726,10,8,2.0000000003022525e-07,9.999999999940612e-08,1e-10,separable
1236,20260726,10,8,2.0000000003022525e-07,9.999999999940612e-08,1e-08,separable
1236,20260726,10,8,2.0000000003022525e-07,9.999999999940612e-08,1e-06,replaceable
1237,20260726,10,8,2.0000000003402525e-07,9.999999999940612e-08,1e-10,separable
1237,20260726,10,8,2.0000000003402525e-07,9.999999999940612e-08,1e-08,separable
1237,20260726,10,8,2.0000000003402525e-07,9.999999999940612e-08,1e-06,replaceable
1238,20260726,10,8,2.0000000000228132e-07,9.999999999940612e-08,1e-10,separable
1238,20260726,10,8,2.0000000000228132e-07,9.999999999940612e-08,1e-08,separable
1238,20260726,10,8,2.0000000000228132e-07,9.999999999940612e-08,1e-06,replaceable
1239,20260726,10,8,2.000000000062663e-07,9.999999999940612e-08,1e-10,separable
1239,20260726,10,8,2.000000000062663e-07,9.999999999940612e-08,1e-08,separable
1239,20260726,10,8,2.000000000062663e-07,9.999999999940612e-08,1e-06,replaceable
1240,20260726,10,8,2.0000000008434287e-07,9.999999999940612e-08,1e-10,separable
1240,20260726,10,8,2.0000000008434287e-07,9.999999999940612e-08,1e-08,separable
1240,20260726,10,8,2.0000000008434287e-07,9.999999999940612e-08,1e-06,replaceable
1241,20260726,10,8,1.999999999920656e-07,9.999999999940612e-08,1e-10,separable
1241,20260726,10,8,1.999999999920656e-07,9.999999999940612e-08,1e-08,separable
1241,20260726,10,8,1.999999999920656e-07,9.999999999940612e-08,1e-06,replaceable
1242,20260726,10,8,2.0000000000803632e-07,9.999999999940612e-08,1e-10,separable
1242,20260726,10,8,2.0000000000803632e-07,9.999999999940612e-08,1e-08,separable
1242,20260726,10,8,2.0000000000803632e-07,9.999999999940612e-08,1e-06,replaceable
1243,20260726,10,8,2.000000000117224e-07,9.999999999940612e-08,1e-10,separable
1243,20260726,10,8,2.000000000117224e-07,9.999999999940612e-08,1e-08,separable
1243,20260726,10,8,2.000000000117224e-07,9.999999999940612e-08,1e-06,replaceable
1244,20260726,10,8,2.000000000022816e-07,9.999999999940612e-08,1e-10,separable
1244,20260726,10,8,2.000000000022816e-07,9.999999999940612e-08,1e-08,separable
1244,20260726,10,8,2.000000000022816e-07,9.999999999940612e-08,1e-06,replaceable
1245,20260726,10,8,2.0000000000474417e-07,9.999999999940612e-08,1e-10,separable
1245,20260726,10,8,2.0000000000474417e-07,9.999999999940612e-08,1e-08,separable
1245,20260726,10,8,2.0000000000474417e-07,9.999999999940612e-08,1e-06,replaceable
1246,20260726,10,8,2.0000000001037265e-07,9.999999999940612e-08,1e-10,separable
1246,20260726,10,8,2.0000000001037265e-07,9.999999999940612e-08,1e-08,separable
1246,20260726,10,8,2.0000000001037265e-07,9.999999999940612e-08,1e-06,replaceable
1247,20260726,10,8,2.0000000000406342e-07,9.999999999940612e-08,1e-10,separable
1247,20260726,10,8,2.0000000000406342e-07,9.999999999940612e-08,1e-08,separable
1247,20260726,10,8,2.0000000000406342e-07,9.999999999940612e-08,1e-06,replaceable
1248,20260726,10,8,1.9999999999398055e-07,9.999999999940612e-08,1e-10,separable
1248,20260726,10,8,1.9999999999398055e-07,9.999999999940612e-08,1e-08,separable
1248,20260726,10,8,1.9999999999398055e-07,9.999999999940612e-08,1e-06,replaceable
1249,20260726,10,8,1.9999999998034435e-07,9.999999999940612e-08,1e-10,separable
1249,20260726,10,8,1.9999999998034435e-07,9.999999999940612e-08,1e-08,separable
1249,20260726,10,8,1.9999999998034435e-07,9.999999999940612e-08,1e-06,replaceable
1250,20260726,10,8,2.000000000083816e-07,9.999999999940612e-08,1e-10,separable
1250,20260726,10,8,2.000000000083816e-07,9.999999999940612e-08,1e-08,separable
1250,20260726,10,8,2.000000000083816e-07,9.999999999940612e-08,1e-06,replaceable
1251,20260726,10,8,1.9999999999149493e-07,9.999999999940612e-08,1e-10,separable
1251,20260726,10,8,1.9999999999149493e-07,9.999999999940612e-08,1e-08,separable
1251,20260726,10,8,1.9999999999149493e-07,9.999999999940612e-08,1e-06,replaceable
1252,20260726,10,8,2.0000000000389568e-07,9.999999999940612e-08,1e-10,separable
1252,20260726,10,8,2.0000000000389568e-07,9.999999999940612e-08,1e-08,separable
1252,20260726,10,8,2.0000000000389568e-07,9.999999999940612e-08,1e-06,replaceable
1253,20260726,10,8,2.0000000000101405e-07,9.999999999940612e-08,1e-10,separable
1253,20260726,10,8,2.0000000000101405e-07,9.999999999940612e-08,1e-08,separable
1253,20260726,10,8,2.0000000000101405e-07,9.999999999940612e-08,1e-06,replaceable
1254,20260726,10,8,2.0000000000851807e-07,9.999999999940612e-08,1e-10,separable
1254,20260726,10,8,2.0000000000851807e-07,9.999999999940612e-08,1e-08,separable
1254,20260726,10,8,2.0000000000851807e-07,9.999999999940612e-08,1e-06,replaceable
1255,20260726,10,8,2.0000000000654414e-07,9.999999999940612e-08,1e-10,separable
1255,20260726,10,8,2.0000000000654414e-07,9.999999999940612e-08,1e-08,separable
1255,20260726,10,8,2.0000000000654414e-07,9.999999999940612e-08,1e-06,replaceable
1256,20260726,10,8,2.0000000002100567e-07,9.999999999940612e-08,1e-10,separable
1256,20260726,10,8,2.0000000002100567e-07,9.999999999940612e-08,1e-08,separable
1256,20260726,10,8,2.0000000002100567e-07,9.999999999940612e-08,1e-06,replaceable
1257,20260726,10,8,1.9999999994182704e-07,9.999999999940612e-08,1e-10,separable
1257,20260726,10,8,1.9999999994182704e-07,9.999999999940612e-08,1e-08,separable
1257,20260726,10,8,1.9999999994182704e-07,9.999999999940612e-08,1e-06,replaceable
1258,20260726,10,8,2.0000000000032928e-07,9.999999999940612e-08,1e-10,separable
1258,20260726,10,8,2.0000000000032928e-07,9.999999999940612e-08,1e-08,separable
1258,20260726,10,8,2.0000000000032928e-07,9.999999999940612e-08,1e-06,replaceable
1259,20260726,10,8,1.9999999982588297e-07,9.999999999940612e-08,1e-10,separable
1259,20260726,10,8,1.9999999982588297e-07,9.999999999940612e-08,1e-08,separable
1259,20260726,10,8,1.9999999982588297e-07,9.999999999940612e-08,1e-06,replaceable
1380,20260726,20,12,2.0000000003308062e-07,9.999999999940612e-08,1e-10,separable
1380,20260726,20,12,2.0000000003308062e-07,9.999999999940612e-08,1e-08,separable
1380,20260726,20,12,2.0000000003308062e-07,9.999999999940612e-08,1e-06,replaceable
1381,20260726,20,12,2.0000000001532806e-07,9.999999999940612e-08,1e-10,separable
1381,20260726,20,12,2.0000000001532806e-07,9.999999999940612e-08,1e-08,separable
1381,20260726,20,12,2.0000000001532806e-07,9.999999999940612e-08,1e-06,replaceable
1382,20260726,20,12,1.9999999998294948e-07,9.999999999940612e-08,1e-10,separable
1382,20260726,20,12,1.9999999998294948e-07,9.999999999940612e-08,1e-08,separable
1382,20260726,20,12,1.9999999998294948e-07,9.999999999940612e-08,1e-06,replaceable
1383,20260726,20,12,1.999999999940929e-07,9.999999999940612e-08,1e-10,separable
1383,20260726,20,12,1.999999999940929e-07,9.999999999940612e-08,1e-08,separable
1383,20260726,20,12,1.999999999940929e-07,9.999999999940612e-08,1e-06,replaceable
1384,20260726,20,12,2.0000000000720184e-07,9.999999999940612e-08,1e-10,separable
1384,20260726,20,12,2.0000000000720184e-07,9.999999999940612e-08,1e-08,separable
1384,20260726,20,12,2.0000000000720184e-07,9.999999999940612e-08,1e-06,replaceable
1385,20260726,20,12,1.999999999995151e-07,9.999999999940612e-08,1e-10,separable
1385,20260726,20,12,1.999999999995151e-07,9.999999999940612e-08,1e-08,separable
1385,20260726,20,12,1.999999999995151e-07,9.999999999940612e-08,1e-06,replaceable
1386,20260726,20,12,2.0000000000267656e-07,9.999999999940612e-08,1e-10,separable
1386,20260726,20,12,2.0000000000267656e-07,9.999999999940612e-08,1e-08,separable
1386,20260726,20,12,2.0000000000267656e-07,9.999999999940612e-08,1e-06,replaceable
1387,20260726,20,12,1.999999999783727e-07,9.999999999940612e-08,1e-10,separable
1387,20260726,20,12,1.999999999783727e-07,9.999999999940612e-08,1e-08,separable
1387,20260726,20,12,1.999999999783727e-07,9.999999999940612e-08,1e-06,replaceable
1388,20260726,20,12,2.000000000184827e-07,9.999999999940612e-08,1e-10,separable
1388,20260726,20,12,2.000000000184827e-07,9.999999999940612e-08,1e-08,separable
1388,20260726,20,12,2.000000000184827e-07,9.999999999940612e-08,1e-06,replaceable
1389,20260726,20,12,2.000000000080269e-07,9.999999999940612e-08,1e-10,separable
1389,20260726,20,12,2.000000000080269e-07,9.999999999940612e-08,1e-08,separable
1389,20260726,20,12,2.000000000080269e-07,9.999999999940612e-08,1e-06,replaceable
1390,20260726,20,12,1.9999999999913697e-07,9.999999999940612e-08,1e-10,separable
1390,20260726,20,12,1.9999999999913697e-07,9.999999999940612e-08,1e-08,separable
1390,20260726,20,12,1.9999999999913697e-07,9.999999999940612e-08,1e-06,replaceable
1391,20260726,20,12,1.999999999983714e-07,9.999999999940612e-08,1e-10,separable
1391,20260726,20,12,1.999999999983714e-07,9.999999999940612e-08,1e-08,separable
1391,20260726,20,12,1.999999999983714e-07,9.999999999940612e-08,1e-06,replaceable
1392,20260726,20,12,1.9999999995678448e-07,9.999999999940612e-08,1e-10,separable
1392,20260726,20,12,1.9999999995678448e-07,9.999999999940612e-08,1e-08,separable
1392,20260726,20,12,1.9999999995678448e-07,9.999999999940612e-08,1e-06,replaceable
1393,20260726,20,12,2.0000000000786099e-07,9.999999999940612e-08,1e-10,separable
1393,20260726,20,12,2.0000000000786099e-07,9.999999999940612e-08,1e-08,separable
1393,20260726,20,12,2.0000000000786099e-07,9.999999999940612e-08,1e-06,replaceable
1394,20260726,20,12,2.000000000094686e-07,9.999999999940612e-08,1e-10,separable
1394,20260726,20,12,2.000000000094686e-07,9.999999999940612e-08,1e-08,separable
1394,20260726,20,12,2.000000000094686e-07,9.999999999940612e-08,1e-06,replaceable
1395,20260726,20,12,2.0000000000037501e-07,9.999999999940612e-08,1e-10,separable
1395,20260726,20,12,2.0000000000037501e-07,9.999999999940612e-08,1e-08,separable
1395,20260726,20,12,2.0000000000037501e-07,9.999999999940612e-08,1e-06,replaceable
1396,20260726,20,12,1.9999999998503594e-07,9.999999999940612e-08,1e-10,separable
1396,20260726,20,12,1.9999999998503594e-07,9.999999999940612e-08,1e-08,separable
1396,20260726,20,12,1.9999999998503594e-07,9.999999999940612e-08,1e-06,replaceable
1397,20260726,20,12,1.999999999948442e-07,9.999999999940612e-08,1e-10,separable
1397,20260726,20,12,1.999999999948442e-07,9.999999999940612e-08,1e-08,separable
1397,20260726,20,12,1.999999999948442e-07,9.999999999940612e-08,1e-06,replaceable
1398,20260726,20,12,2.0000000000698394e-07,9.999999999940612e-08,1e-10,separable
1398,20260726,20,12,2.0000000000698394e-07,9.999999999940612e-08,1e-08,separable
1398,20260726,20,12,2.0000000000698394e-07,9.999999999940612e-08,1e-06,replaceable
1399,20260726,20,12,2.0000000000355028e-07,9.999999999940612e-08,1e-10,separable
1399,20260726,20,12,2.0000000000355028e-07,9.999999999940612e-08,1e-08,separable
1399,20260726,20,12,2.0000000000355028e-07,9.999999999940612e-08,1e-06,replaceable
1400,20260726,20,12,1.9999999996244281e-07,9.999999999940612e-08,1e-10,separable
1400,20260726,20,12,1.9999999996244281e-07,9.999999999940612e-08,1e-08,separable
1400,20260726,20,12,1.9999999996244281e-07,9.999999999940612e-08,1e-06,replaceable
1401,20260726,20,12,1.99999999997774e-07,9.999999999940612e-08,1e-10,separable
1401,20260726,20,12,1.99999999997774e-07,9.999999999940612e-08,1e-08,separable
1401,20260726,20,12,1.99999999997774e-07,9.999999999940612e-08,1e-06,replaceable
1402,20260726,20,12,2.000000000199041e-07,9.999999999940612e-08,1e-10,separable
1402,20260726,20,12,2.000000000199041e-07,9.999999999940612e-08,1e-08,separable
1402,20260726,20,12,2.000000000199041e-07,9.999999999940612e-08,1e-06,replaceable
1403,20260726,20,12,2.0000000000639535e-07,9.999999999940612e-08,1e-10,separable
1403,20260726,20,12,2.0000000000639535e-07,9.999999999940612e-08,1e-08,separable
1403,20260726,20,12,2.0000000000639535e-07,9.999999999940612e-08,1e-06,replaceable
1404,20260726,20,12,2.0000000000228169e-07,9.999999999940612e-08,1e-10,separable
1404,20260726,20,12,2.0000000000228169e-07,9.999999999940612e-08,1e-08,separable
1404,20260726,20,12,2.0000000000228169e-07,9.999999999940612e-08,1e-06,replaceable
1405,20260726,20,12,1.9999999999994435e-07,9.999999999940612e-08,1e-10,separable
1405,20260726,20,12,1.9999999999994435e-07,9.999999999940612e-08,1e-08,separable
1405,20260726,20,12,1.9999999999994435e-07,9.999999999940612e-08,1e-06,replaceable
1406,20260726,20,12,2.000000000101942e-07,9.999999999940612e-08,1e-10,separable
1406,20260726,20,12,2.000000000101942e-07,9.999999999940612e-08,1e-08,separable
1406,20260726,20,12,2.000000000101942e-07,9.999999999940612e-08,1e-06,replaceable
1407,20260726,20,12,2.0000000000646756e-07,9.999999999940612e-08,1e-10,separable
1407,20260726,20,12,2.0000000000646756e-07,9.999999999940612e-08,1e-08,separable
1407,20260726,20,12,2.0000000000646756e-07,9.999999999940612e-08,1e-06,replaceable
1408,20260726,20,12,2.0000000000171698e-07,9.999999999940612e-08,1e-10,separable
1408,20260726,20,12,2.0000000000171698e-07,9.999999999940612e-08,1e-08,separable
1408,20260726,20,12,2.0000000000171698e-07,9.999999999940612e-08,1e-06,replaceable
1409,20260726,20,12,2.0000000001034036e-07,9.999999999940612e-08,1e-10,separable
1409,20260726,20,12,2.0000000001034036e-07,9.999999999940612e-08,1e-08,separable
1409,20260726,20,12,2.0000000001034036e-07,9.999999999940612e-08,1e-06,replaceable
1410,20260726,20,12,1.999999999721415e-07,9.999999999940612e-08,1e-10,separable
1410,20260726,20,12,1.999999999721415e-07,9.999999999940612e-08,1e-08,separable
1410,20260726,20,12,1.999999999721415e-07,9.999999999940612e-08,1e-06,replaceable
1411,20260726,20,12,2.00000000006696e-07,9.999999999940612e-08,1e-10,separable
1411,20260726,20,12,2.00000000006696e-07,9.999999999940612e-08,1e-08,separable
1411,20260726,20,12,2.00000000006696e-07,9.999999999940612e-08,1e-06,replaceable
1412,20260726,20,12,1.999999999966148e-07,9.999999999940612e-08,1e-10,separable
1412,20260726,20,12,1.999999999966148e-07,9.999999999940612e-08,1e-08,separable
1412,20260726,20,12,1.999999999966148e-07,9.999999999940612e-08,1e-06,replaceable
1413,20260726,20,12,1.9999999994274316e-07,9.999999999940612e-08,1e-10,separable
1413,20260726,20,12,1.9999999994274316e-07,9.999999999940612e-08,1e-08,separable
1413,20260726,20,12,1.9999999994274316e-07,9.999999999940612e-08,1e-06,replaceable
1414,20260726,20,12,2.0000000001210414e-07,9.999999999940612e-08,1e-10,separable
1414,20260726,20,12,2.0000000001210414e-07,9.999999999940612e-08,1e-08,separable
1414,20260726,20,12,2.0000000001210414e-07,9.999999999940612e-08,1e-06,replaceable
1415,20260726,20,12,1.9999999999999258e-07,9.999999999940612e-08,1e-10,separable
1415,20260726,20,12,1.9999999999999258e-07,9.999999999940612e-08,1e-08,separable
1415,20260726,20,12,1.9999999999999258e-07,9.999999999940612e-08,1e-06,replaceable
1416,20260726,20,12,2.0000000000864068e-07,9.999999999940612e-08,1e-10,separable
1416,20260726,20,12,2.0000000000864068e-07,9.999999999940612e-08,1e-08,separable
1416,20260726,20,12,2.0000000000864068e-07,9.999999999940612e-08,1e-06,replaceable
1417,20260726,20,12,2.0000000000705572e-07,9.999999999940612e-08,1e-10,separable
1417,20260726,20,12,2.0000000000705572e-07,9.999999999940612e-08,1e-08,separable
1417,20260726,20,12,2.0000000000705572e-07,9.999999999940612e-08,1e-06,replaceable
1418,20260726,20,12,1.9999999999570702e-07,9.999999999940612e-08,1e-10,separable
1418,20260726,20,12,1.9999999999570702e-07,9.999999999940612e-08,1e-08,separable
1418,20260726,20,12,1.9999999999570702e-07,9.999999999940612e-08,1e-06,replaceable
1419,20260726,20,12,1.9999999999881224e-07,9.999999999940612e-08,1e-10,separable
1419,20260726,20,12,1.9999999999881224e-07,9.999999999940612e-08,1e-08,separable
1419,20260726,20,12,1.9999999999881224e-07,9.999999999940612e-08,1e-06,replaceable
1420,20260726,20,12,1.9999999999317658e-07,9.999999999940612e-08,1e-10,separable
1420,20260726,20,12,1.9999999999317658e-07,9.999999999940612e-08,1e-08,separable
1420,20260726,20,12,1.9999999999317658e-07,9.999999999940612e-08,1e-06,replaceable
1421,20260726,20,12,1.999999999925747e-07,9.999999999940612e-08,1e-10,separable
1421,20260726,20,12,1.999999999925747e-07,9.999999999940612e-08,1e-08,separable
1421,20260726,20,12,1.999999999925747e-07,9.999999999940612e-08,1e-06,replaceable
1422,20260726,20,12,1.999999999991493e-07,9.999999999940612e-08,1e-10,separable
1422,20260726,20,12,1.999999999991493e-07,9.999999999940612e-08,1e-08,separable
1422,20260726,20,12,1.999999999991493e-07,9.999999999940612e-08,1e-06,replaceable
1423,20260726,20,12,2.0000000000302406e-07,9.999999999940612e-08,1e-10,separable
1423,20260726,20,12,2.0000000000302406e-07,9.999999999940612e-08,1e-08,separable
1423,20260726,20,12,2.0000000000302406e-07,9.999999999940612e-08,1e-06,replaceable
1424,20260726,20,12,2.000000000027926e-07,9.999999999940612e-08,1e-10,separable
1424,20260726,20,12,2.000000000027926e-07,9.999999999940612e-08,1e-08,separable
1424,20260726,20,12,2.000000000027926e-07,9.999999999940612e-08,1e-06,replaceable
1425,20260726,20,12,1.9999999999949243e-07,9.999999999940612e-08,1e-10,separable
1425,20260726,20,12,1.9999999999949243e-07,9.999999999940612e-08,1e-08,separable
1425,20260726,20,12,1.9999999999949243e-07,9.999999999940612e-08,1e-06,replaceable
1426,20260726,20,12,1.99999999993694e-07,9.999999999940612e-08,1e-10,separable
1426,20260726,20,12,1.99999999993694e-07,9.999999999940612e-08,1e-08,separable
1426,20260726,20,12,1.99999999993694e-07,9.999999999940612e-08,1e-06,replaceable
1427,20260726,20,12,1.9999999987999284e-07,9.999999999940612e-08,1e-10,separable
1427,20260726,20,12,1.9999999987999284e-07,9.999999999940612e-08,1e-08,separable
1427,20260726,20,12,1.9999999987999284e-07,9.999999999940612e-08,1e-06,replaceable
1428,20260726,20,12,2.0000000001210557e-07,9.999999999940612e-08,1e-10,separable
1428,20260726,20,12,2.0000000001210557e-07,9.999999999940612e-08,1e-08,separable
1428,20260726,20,12,2.0000000001210557e-07,9.999999999940612e-08,1e-06,replaceable
1429,20260726,20,12,2.000000000116322e-07,9.999999999940612e-08,1e-10,separable
1429,20260726,20,12,2.000000000116322e-07,9.999999999940612e-08,1e-08,separable
1429,20260726,20,12,2.000000000116322e-07,9.999999999940612e-08,1e-06,replaceable
1430,20260726,20,12,1.9999999999389797e-07,9.999999999940612e-08,1e-10,separable
1430,20260726,20,12,1.9999999999389797e-07,9.999999999940612e-08,1e-08,separable
1430,20260726,20,12,1.9999999999389797e-07,9.999999999940612e-08,1e-06,replaceable
1431,20260726,20,12,2.0000000000298372e-07,9.999999999940612e-08,1e-10,separable
1431,20260726,20,12,2.0000000000298372e-07,9.999999999940612e-08,1e-08,separable
1431,20260726,20,12,2.0000000000298372e-07,9.999999999940612e-08,1e-06,replaceable
1432,20260726,20,12,2.0000000000624757e-07,9.999999999940612e-08,1e-10,separable
1432,20260726,20,12,2.0000000000624757e-07,9.999999999940612e-08,1e-08,separable
1432,20260726,20,12,2.0000000000624757e-07,9.999999999940612e-08,1e-06,replaceable
1433,20260726,20,12,2.0000000000166208e-07,9.999999999940612e-08,1e-10,separable
1433,20260726,20,12,2.0000000000166208e-07,9.999999999940612e-08,1e-08,separable
1433,20260726,20,12,2.0000000000166208e-07,9.999999999940612e-08,1e-06,replaceable
1434,20260726,20,12,1.9999999999664733e-07,9.999999999940612e-08,1e-10,separable
1434,20260726,20,12,1.9999999999664733e-07,9.999999999940612e-08,1e-08,separable
1434,20260726,20,12,1.9999999999664733e-07,9.999999999940612e-08,1e-06,replaceable
1435,20260726,20,12,2.0000000000845523e-07,9.999999999940612e-08,1e-10,separable
1435,20260726,20,12,2.0000000000845523e-07,9.999999999940612e-08,1e-08,separable
1435,20260726,20,12,2.0000000000845523e-07,9.999999999940612e-08,1e-06,replaceable
1436,20260726,20,12,1.999999999784564e-07,9.999999999940612e-08,1e-10,separable
1436,20260726,20,12,1.999999999784564e-07,9.999999999940612e-08,1e-08,separable
1436,20260726,20,12,1.999999999784564e-07,9.999999999940612e-08,1e-06,replaceable
1437,20260726,20,12,1.9999999999881224e-07,9.999999999940612e-08,1e-10,separable
1437,20260726,20,12,1.9999999999881224e-07,9.999999999940612e-08,1e-08,separable
1437,20260726,20,12,1.9999999999881224e-07,9.999999999940612e-08,1e-06,replaceable
1438,20260726,20,12,2.0000000001475996e-07,9.999999999940612e-08,1e-10,separable
1438,20260726,20,12,2.0000000001475996e-07,9.999999999940612e-08,1e-08,separable
1438,20260726,20,12,2.0000000001475996e-07,9.999999999940612e-08,1e-06,replaceable
1439,20260726,20,12,2.0000000000829678e-07,9.999999999940612e-08,1e-10,separable
1439,20260726,20,12,2.0000000000829678e-07,9.999999999940612e-08,1e-08,separable
1439,20260726,20,12,2.0000000000829678e-07,9.999999999940612e-08,1e-06,replaceable
1560,20260727,3,4,2.0000000003087683e-07,9.999999999940612e-08,1e-10,separable
1560,20260727,3,4,2.0000000003087683e-07,9.999999999940612e-08,1e-08,separable
1560,20260727,3,4,2.0000000003087683e-07,9.999999999940612e-08,1e-06,replaceable
1561,20260727,3,4,2.0000000008566874e-07,1.0000000000287557e-07,1e-10,separable
1561,20260727,3,4,2.0000000008566874e-07,1.0000000000287557e-07,1e-08,separable
1561,20260727,3,4,2.0000000008566874e-07,1.0000000000287557e-07,1e-06,replaceable
1562,20260727,3,4,2.0000000000575108e-07,1.0000000000287557e-07,1e-10,separable
1562,20260727,3,4,2.0000000000575108e-07,1.0000000000287557e-07,1e-08,separable
1562,20260727,3,4,2.0000000000575108e-07,1.0000000000287557e-07,1e-06,replaceable
1563,20260727,3,4,1.9999999976044706e-07,9.999999999940612e-08,1e-10,separable
1563,20260727,3,4,1.9999999976044706e-07,9.999999999940612e-08,1e-08,separable
1563,20260727,3,4,1.9999999976044706e-07,9.999999999940612e-08,1e-06,replaceable
1564,20260727,3,4,2.0000000010847527e-07,1.0000000000287557e-07,1e-10,separable
1564,20260727,3,4,2.0000000010847527e-07,1.0000000000287557e-07,1e-08,separable
1564,20260727,3,4,2.0000000010847527e-07,1.0000000000287557e-07,1e-06,replaceable
1565,20260727,3,4,1.999999999818542e-07,1.0000000000287557e-07,1e-10,separable
1565,20260727,3,4,1.999999999818542e-07,1.0000000000287557e-07,1e-08,separable
1565,20260727,3,4,1.999999999818542e-07,1.0000000000287557e-07,1e-06,replaceable
1566,20260727,3,4,1.9999999996772216e-07,1.0000000000287557e-07,1e-10,separable
1566,20260727,3,4,1.9999999996772216e-07,1.0000000000287557e-07,1e-08,separable
1566,20260727,3,4,1.9999999996772216e-07,1.0000000000287557e-07,1e-06,replaceable
1567,20260727,3,4,2.0000000009289097e-07,1.0000000000287557e-07,1e-10,separable
1567,20260727,3,4,2.0000000009289097e-07,1.0000000000287557e-07,1e-08,separable
1567,20260727,3,4,2.0000000009289097e-07,1.0000000000287557e-07,1e-06,replaceable
1568,20260727,3,4,1.9999999983640598e-07,1.0000000000287557e-07,1e-10,separable
1568,20260727,3,4,1.9999999983640598e-07,1.0000000000287557e-07,1e-08,separable
1568,20260727,3,4,1.9999999983640598e-07,1.0000000000287557e-07,1e-06,replaceable
1569,20260727,3,4,1.9999999999187335e-07,1.0000000000287557e-07,1e-10,separable
1569,20260727,3,4,1.9999999999187335e-07,1.0000000000287557e-07,1e-08,separable
1569,20260727,3,4,1.9999999999187335e-07,1.0000000000287557e-07,1e-06,replaceable
1570,20260727,3,4,1.9999999990025816e-07,9.999999999940612e-08,1e-10,separable
1570,20260727,3,4,1.9999999990025816e-07,9.999999999940612e-08,1e-08,separable
1570,20260727,3,4,1.9999999990025816e-07,9.999999999940612e-08,1e-06,replaceable
1571,20260727,3,4,1.9999999989228175e-07,9.999999999940612e-08,1e-10,separable
1571,20260727,3,4,1.9999999989228175e-07,9.999999999940612e-08,1e-08,separable
1571,20260727,3,4,1.9999999989228175e-07,9.999999999940612e-08,1e-06,replaceable
1572,20260727,3,4,1.9999999996032836e-07,1.0000000000287557e-07,1e-10,separable
1572,20260727,3,4,1.9999999996032836e-07,1.0000000000287557e-07,1e-08,separable
1572,20260727,3,4,1.9999999996032836e-07,1.0000000000287557e-07,1e-06,replaceable
1573,20260727,3,4,2.0000000009810107e-07,9.999999999940612e-08,1e-10,separable
1573,20260727,3,4,2.0000000009810107e-07,9.999999999940612e-08,1e-08,separable
1573,20260727,3,4,2.0000000009810107e-07,9.999999999940612e-08,1e-06,replaceable
1574,20260727,3,4,2.0000000000575113e-07,1.0000000000287557e-07,1e-10,separable
1574,20260727,3,4,2.0000000000575113e-07,1.0000000000287557e-07,1e-08,separable
1574,20260727,3,4,2.0000000000575113e-07,1.0000000000287557e-07,1e-06,replaceable
1575,20260727,3,4,1.9999999991736954e-07,1.0000000000287557e-07,1e-10,separable
1575,20260727,3,4,1.9999999991736954e-07,1.0000000000287557e-07,1e-08,separable
1575,20260727,3,4,1.9999999991736954e-07,1.0000000000287557e-07,1e-06,replaceable
1576,20260727,3,4,2.0000000012864267e-07,1.0000000000287557e-07,1e-10,separable
1576,20260727,3,4,2.0000000012864267e-07,1.0000000000287557e-07,1e-08,separable
1576,20260727,3,4,2.0000000012864267e-07,1.0000000000287557e-07,1e-06,replaceable
1577,20260727,3,4,1.9999999984463715e-07,1.0000000000287557e-07,1e-10,separable
1577,20260727,3,4,1.9999999984463715e-07,1.0000000000287557e-07,1e-08,separable
1577,20260727,3,4,1.9999999984463715e-07,1.0000000000287557e-07,1e-06,replaceable
1578,20260727,3,4,2.0000000000570703e-07,9.999999999940612e-08,1e-10,separable
1578,20260727,3,4,2.0000000000570703e-07,9.999999999940612e-08,1e-08,separable
1578,20260727,3,4,2.0000000000570703e-07,9.999999999940612e-08,1e-06,replaceable
1579,20260727,3,4,1.9999999996208558e-07,1.0000000000287557e-07,1e-10,separable
1579,20260727,3,4,1.9999999996208558e-07,1.0000000000287557e-07,1e-08,separable
1579,20260727,3,4,1.9999999996208558e-07,1.0000000000287557e-07,1e-06,replaceable
1580,20260727,3,4,1.9999999995962066e-07,1.0000000000287557e-07,1e-10,separable
1580,20260727,3,4,1.9999999995962066e-07,1.0000000000287557e-07,1e-08,separable
1580,20260727,3,4,1.9999999995962066e-07,1.0000000000287557e-07,1e-06,replaceable
1581,20260727,3,4,1.999999999224639e-07,1.0000000000287557e-07,1e-10,separable
1581,20260727,3,4,1.999999999224639e-07,1.0000000000287557e-07,1e-08,separable
1581,20260727,3,4,1.999999999224639e-07,1.0000000000287557e-07,1e-06,replaceable
1582,20260727,3,4,1.9999999989700907e-07,1.0000000000287557e-07,1e-10,separable
1582,20260727,3,4,1.9999999989700907e-07,1.0000000000287557e-07,1e-08,separable
1582,20260727,3,4,1.9999999989700907e-07,1.0000000000287557e-07,1e-06,replaceable
1583,20260727,3,4,2.0000000004076e-07,9.999999999940612e-08,1e-10,separable
1583,20260727,3,4,2.0000000004076e-07,9.999999999940612e-08,1e-08,separable
1583,20260727,3,4,2.0000000004076e-07,9.999999999940612e-08,1e-06,replaceable
1584,20260727,3,4,2.0000000010138062e-07,9.999999999940612e-08,1e-10,separable
1584,20260727,3,4,2.0000000010138062e-07,9.999999999940612e-08,1e-08,separable
1584,20260727,3,4,2.0000000010138062e-07,9.999999999940612e-08,1e-06,replaceable
1585,20260727,3,4,2.0000000001941129e-07,9.999999999940612e-08,1e-10,separable
1585,20260727,3,4,2.0000000001941129e-07,9.999999999940612e-08,1e-08,separable
1585,20260727,3,4,2.0000000001941129e-07,9.999999999940612e-08,1e-06,replaceable
1586,20260727,3,4,1.999999999535219e-07,1.0000000000287557e-07,1e-10,separable
1586,20260727,3,4,1.999999999535219e-07,1.0000000000287557e-07,1e-08,separable
1586,20260727,3,4,1.999999999535219e-07,1.0000000000287557e-07,1e-06,replaceable
1587,20260727,3,4,1.99999999965158e-07,9.999999999940612e-08,1e-10,separable
1587,20260727,3,4,1.99999999965158e-07,9.999999999940612e-08,1e-08,separable
1587,20260727,3,4,1.99999999965158e-07,9.999999999940612e-08,1e-06,replaceable
1588,20260727,3,4,2.0000000000441518e-07,9.999999999940612e-08,1e-10,separable
1588,20260727,3,4,2.0000000000441518e-07,9.999999999940612e-08,1e-08,separable
1588,20260727,3,4,2.0000000000441518e-07,9.999999999940612e-08,1e-06,replaceable
1589,20260727,3,4,2.0000000000161872e-07,1.0000000000287557e-07,1e-10,separable
1589,20260727,3,4,2.0000000000161872e-07,1.0000000000287557e-07,1e-08,separable
1589,20260727,3,4,2.0000000000161872e-07,1.0000000000287557e-07,1e-06,replaceable
1590,20260727,3,4,2.0000000003300823e-07,9.999999999940612e-08,1e-10,separable
1590,20260727,3,4,2.0000000003300823e-07,9.999999999940612e-08,1e-08,separable
1590,20260727,3,4,2.0000000003300823e-07,9.999999999940612e-08,1e-06,replaceable
1591,20260727,3,4,1.9999999989199924e-07,1.0000000000287557e-07,1e-10,separable
1591,20260727,3,4,1.9999999989199924e-07,1.0000000000287557e-07,1e-08,separable
1591,20260727,3,4,1.9999999989199924e-07,1.0000000000287557e-07,1e-06,replaceable
1592,20260727,3,4,1.9999999992364855e-07,1.0000000000287557e-07,1e-10,separable
1592,20260727,3,4,1.9999999992364855e-07,1.0000000000287557e-07,1e-08,separable
1592,20260727,3,4,1.9999999992364855e-07,1.0000000000287557e-07,1e-06,replaceable
1593,20260727,3,4,2.000000000057511e-07,1.0000000000287557e-07,1e-10,separable
1593,20260727,3,4,2.000000000057511e-07,1.0000000000287557e-07,1e-08,separable
1593,20260727,3,4,2.000000000057511e-07,1.0000000000287557e-07,1e-06,replaceable
1594,20260727,3,4,1.9999999993712362e-07,9.999999999940612e-08,1e-10,separable
1594,20260727,3,4,1.9999999993712362e-07,9.999999999940612e-08,1e-08,separable
1594,20260727,3,4,1.9999999993712362e-07,9.999999999940612e-08,1e-06,replaceable
1595,20260727,3,4,1.9999999987393187e-07,1.0000000000287557e-07,1e-10,separable
1595,20260727,3,4,1.9999999987393187e-07,1.0000000000287557e-07,1e-08,separable
1595,20260727,3,4,1.9999999987393187e-07,1.0000000000287557e-07,1e-06,replaceable
1596,20260727,3,4,2.0000000000228169e-07,9.999999999940612e-08,1e-10,separable
1596,20260727,3,4,2.0000000000228169e-07,9.999999999940612e-08,1e-08,separable
1596,20260727,3,4,2.0000000000228169e-07,9.999999999940612e-08,1e-06,replaceable
1597,20260727,3,4,2.0000000000120617e-07,9.999999999940612e-08,1e-10,separable
1597,20260727,3,4,2.0000000000120617e-07,9.999999999940612e-08,1e-08,separable
1597,20260727,3,4,2.0000000000120617e-07,9.999999999940612e-08,1e-06,replaceable
1598,20260727,3,4,2.000000000567577e-07,1.0000000000287557e-07,1e-10,separable
1598,20260727,3,4,2.000000000567577e-07,1.0000000000287557e-07,1e-08,separable
1598,20260727,3,4,2.000000000567577e-07,1.0000000000287557e-07,1e-06,replaceable
1599,20260727,3,4,1.9999999994677053e-07,9.999999999940612e-08,1e-10,separable
1599,20260727,3,4,1.9999999994677053e-07,9.999999999940612e-08,1e-08,separable
1599,20260727,3,4,1.9999999994677053e-07,9.999999999940612e-08,1e-06,replaceable
1600,20260727,3,4,1.999999999468612e-07,9.999999999940612e-08,1e-10,separable
1600,20260727,3,4,1.999999999468612e-07,9.999999999940612e-08,1e-08,separable
1600,20260727,3,4,1.999999999468612e-07,9.999999999940612e-08,1e-06,replaceable
1601,20260727,3,4,2.0000000006631304e-07,9.999999999940612e-08,1e-10,separable
1601,20260727,3,4,2.0000000006631304e-07,9.999999999940612e-08,1e-08,separable
1601,20260727,3,4,2.0000000006631304e-07,9.999999999940612e-08,1e-06,replaceable
1602,20260727,3,4,1.9999999992811294e-07,1.0000000000287557e-07,1e-10,separable
1602,20260727,3,4,1.9999999992811294e-07,1.0000000000287557e-07,1e-08,separable
1602,20260727,3,4,1.9999999992811294e-07,1.0000000000287557e-07,1e-06,replaceable
1603,20260727,3,4,1.999999998911626e-07,9.999999999940612e-08,1e-10,separable
1603,20260727,3,4,1.999999998911626e-07,9.999999999940612e-08,1e-08,separable
1603,20260727,3,4,1.999999998911626e-07,9.999999999940612e-08,1e-06,replaceable
1604,20260727,3,4,1.9999999999745868e-07,1.0000000000287557e-07,1e-10,separable
1604,20260727,3,4,1.9999999999745868e-07,1.0000000000287557e-07,1e-08,separable
1604,20260727,3,4,1.9999999999745868e-07,1.0000000000287557e-07,1e-06,replaceable
1605,20260727,3,4,2.0000000003262444e-07,9.999999999940612e-08,1e-10,separable
1605,20260727,3,4,2.0000000003262444e-07,9.999999999940612e-08,1e-08,separable
1605,20260727,3,4,2.0000000003262444e-07,9.999999999940612e-08,1e-06,replaceable
1606,20260727,3,4,2.0000000002698614e-07,1.0000000000287557e-07,1e-10,separable
1606,20260727,3,4,2.0000000002698614e-07,1.0000000000287557e-07,1e-08,separable
1606,20260727,3,4,2.0000000002698614e-07,1.0000000000287557e-07,1e-06,replaceable
1607,20260727,3,4,2.0000000005079846e-07,1.0000000000287557e-07,1e-10,separable
1607,20260727,3,4,2.0000000005079846e-07,1.0000000000287557e-07,1e-08,separable
1607,20260727,3,4,2.0000000005079846e-07,1.0000000000287557e-07,1e-06,replaceable
1608,20260727,3,4,1.9999999997452606e-07,9.999999999940612e-08,1e-10,separable
1608,20260727,3,4,1.9999999997452606e-07,9.999999999940612e-08,1e-08,separable
1608,20260727,3,4,1.9999999997452606e-07,9.999999999940612e-08,1e-06,replaceable
1609,20260727,3,4,2.0000000000440247e-07,1.0000000000287557e-07,1e-10,separable
1609,20260727,3,4,2.0000000000440247e-07,1.0000000000287557e-07,1e-08,separable
1609,20260727,3,4,2.0000000000440247e-07,1.0000000000287557e-07,1e-06,replaceable
1610,20260727,3,4,1.9999999989669453e-07,9.999999999940612e-08,1e-10,separable
1610,20260727,3,4,1.9999999989669453e-07,9.999999999940612e-08,1e-08,separable
1610,20260727,3,4,1.9999999989669453e-07,9.999999999940612e-08,1e-06,replaceable
1611,20260727,3,4,2.0000000009920634e-07,9.999999999940612e-08,1e-10,separable
1611,20260727,3,4,2.0000000009920634e-07,9.999999999940612e-08,1e-08,separable
1611,20260727,3,4,2.0000000009920634e-07,9.999999999940612e-08,1e-06,replaceable
1612,20260727,3,4,2.0000000001956148e-07,9.999999999940612e-08,1e-10,separable
1612,20260727,3,4,2.0000000001956148e-07,9.999999999940612e-08,1e-08,separable
1612,20260727,3,4,2.0000000001956148e-07,9.999999999940612e-08,1e-06,replaceable
1613,20260727,3,4,2.00000000000325e-07,9.999999999940612e-08,1e-10,separable
1613,20260727,3,4,2.00000000000325e-07,9.999999999940612e-08,1e-08,separable
1613,20260727,3,4,2.00000000000325e-07,9.999999999940612e-08,1e-06,replaceable
1614,20260727,3,4,1.9999999998252062e-07,1.0000000000287557e-07,1e-10,separable
1614,20260727,3,4,1.9999999998252062e-07,1.0000000000287557e-07,1e-08,separable
1614,20260727,3,4,1.9999999998252062e-07,1.0000000000287557e-07,1e-06,replaceable
1615,20260727,3,4,1.999999999390518e-07,1.0000000000287557e-07,1e-10,separable
1615,20260727,3,4,1.999999999390518e-07,1.0000000000287557e-07,1e-08,separable
1615,20260727,3,4,1.999999999390518e-07,1.0000000000287557e-07,1e-06,replaceable
1616,20260727,3,4,2.0000000003812764e-07,9.999999999940612e-08,1e-10,separable
1616,20260727,3,4,2.0000000003812764e-07,9.999999999940612e-08,1e-08,separable
1616,20260727,3,4,2.0000000003812764e-07,9.999999999940612e-08,1e-06,replaceable
1617,20260727,3,4,1.9999999999983053e-07,1.0000000000287557e-07,1e-10,separable
1617,20260727,3,4,1.9999999999983053e-07,1.0000000000287557e-07,1e-08,separable
1617,20260727,3,4,1.9999999999983053e-07,1.0000000000287557e-07,1e-06,replaceable
1618,20260727,3,4,1.9999999989752197e-07,9.999999999940612e-08,1e-10,separable
1618,20260727,3,4,1.9999999989752197e-07,9.999999999940612e-08,1e-08,separable
1618,20260727,3,4,1.9999999989752197e-07,9.999999999940612e-08,1e-06,replaceable
1619,20260727,3,4,1.999999999500404e-07,9.999999999940612e-08,1e-10,separable
1619,20260727,3,4,1.999999999500404e-07,9.999999999940612e-08,1e-08,separable
1619,20260727,3,4,1.999999999500404e-07,9.999999999940612e-08,1e-06,replaceable
1740,20260727,5,5,1.9999999993699276e-07,9.999999999940612e-08,1e-10,separable
1740,20260727,5,5,1.9999999993699276e-07,9.999999999940612e-08,1e-08,separable
1740,20260727,5,5,1.9999999993699276e-07,9.999999999940612e-08,1e-06,replaceable
1741,20260727,5,5,2.000000000871168e-07,9.999999999940612e-08,1e-10,separable
1741,20260727,5,5,2.000000000871168e-07,9.999999999940612e-08,1e-08,separable
1741,20260727,5,5,2.000000000871168e-07,9.999999999940612e-08,1e-06,replaceable
1742,20260727,5,5,1.9999999995247371e-07,9.999999999940612e-08,1e-10,separable
1742,20260727,5,5,1.9999999995247371e-07,9.999999999940612e-08,1e-08,separable
1742,20260727,5,5,1.9999999995247371e-07,9.999999999940612e-08,1e-06,replaceable
1743,20260727,5,5,2.00000000023929e-07,9.999999999940612e-08,1e-10,separable
1743,20260727,5,5,2.00000000023929e-07,9.999999999940612e-08,1e-08,separable
1743,20260727,5,5,2.00000000023929e-07,9.999999999940612e-08,1e-06,replaceable
1744,20260727,5,5,2.0000000011606473e-07,9.999999999940612e-08,1e-10,separable
1744,20260727,5,5,2.0000000011606473e-07,9.999999999940612e-08,1e-08,separable
1744,20260727,5,5,2.0000000011606473e-07,9.999999999940612e-08,1e-06,replaceable
1745,20260727,5,5,1.9999999999881224e-07,9.999999999940612e-08,1e-10,separable
1745,20260727,5,5,1.9999999999881224e-07,9.999999999940612e-08,1e-08,separable
1745,20260727,5,5,1.9999999999881224e-07,9.999999999940612e-08,1e-06,replaceable
1746,20260727,5,5,1.9999999997835367e-07,9.999999999940612e-08,1e-10,separable
1746,20260727,5,5,1.9999999997835367e-07,9.999999999940612e-08,1e-08,separable
1746,20260727,5,5,1.9999999997835367e-07,9.999999999940612e-08,1e-06,replaceable
1747,20260727,5,5,2.0000000000228163e-07,9.999999999940612e-08,1e-10,separable
1747,20260727,5,5,2.0000000000228163e-07,9.999999999940612e-08,1e-08,separable
1747,20260727,5,5,2.0000000000228163e-07,9.999999999940612e-08,1e-06,replaceable
1748,20260727,5,5,1.9999999999271535e-07,9.999999999940612e-08,1e-10,separable
1748,20260727,5,5,1.9999999999271535e-07,9.999999999940612e-08,1e-08,separable
1748,20260727,5,5,1.9999999999271535e-07,9.999999999940612e-08,1e-06,replaceable
1749,20260727,5,5,2.000000000219635e-07,1.0000000000287557e-07,1e-10,separable
1749,20260727,5,5,2.000000000219635e-07,1.0000000000287557e-07,1e-08,separable
1749,20260727,5,5,2.000000000219635e-07,1.0000000000287557e-07,1e-06,replaceable
1750,20260727,5,5,2.0000000026577458e-07,9.999999999940612e-08,1e-10,separable
1750,20260727,5,5,2.0000000026577458e-07,9.999999999940612e-08,1e-08,separable
1750,20260727,5,5,2.0000000026577458e-07,9.999999999940612e-08,1e-06,replaceable
1751,20260727,5,5,1.999999999846094e-07,9.999999999940612e-08,1e-10,separable
1751,20260727,5,5,1.999999999846094e-07,9.999999999940612e-08,1e-08,separable
1751,20260727,5,5,1.999999999846094e-07,9.999999999940612e-08,1e-06,replaceable
1752,20260727,5,5,2.00000000056818e-07,9.999999999940612e-08,1e-10,separable
1752,20260727,5,5,2.00000000056818e-07,9.999999999940612e-08,1e-08,separable
1752,20260727,5,5,2.00000000056818e-07,9.999999999940612e-08,1e-06,replaceable
1753,20260727,5,5,2.0000000000228163e-07,9.999999999940612e-08,1e-10,separable
1753,20260727,5,5,2.0000000000228163e-07,9.999999999940612e-08,1e-08,separable
1753,20260727,5,5,2.0000000000228163e-07,9.999999999940612e-08,1e-06,replaceable
1754,20260727,5,5,2.0000000000710768e-07,9.999999999940612e-08,1e-10,separable
1754,20260727,5,5,2.0000000000710768e-07,9.999999999940612e-08,1e-08,separable
1754,20260727,5,5,2.0000000000710768e-07,9.999999999940612e-08,1e-06,replaceable
1755,20260727,5,5,1.999999999676831e-07,9.999999999940612e-08,1e-10,separable
1755,20260727,5,5,1.999999999676831e-07,9.999999999940612e-08,1e-08,separable
1755,20260727,5,5,1.999999999676831e-07,9.999999999940612e-08,1e-06,replaceable
1756,20260727,5,5,1.999999999364675e-07,9.999999999940612e-08,1e-10,separable
1756,20260727,5,5,1.999999999364675e-07,9.999999999940612e-08,1e-08,separable
1756,20260727,5,5,1.999999999364675e-07,9.999999999940612e-08,1e-06,replaceable
1757,20260727,5,5,2.0000000000228169e-07,9.999999999940612e-08,1e-10,separable
1757,20260727,5,5,2.0000000000228169e-07,9.999999999940612e-08,1e-08,separable
1757,20260727,5,5,2.0000000000228169e-07,9.999999999940612e-08,1e-06,replaceable
1758,20260727,5,5,2.0000000000579698e-07,9.999999999940612e-08,1e-10,separable
1758,20260727,5,5,2.0000000000579698e-07,9.999999999940612e-08,1e-08,separable
1758,20260727,5,5,2.0000000000579698e-07,9.999999999940612e-08,1e-06,replaceable
1759,20260727,5,5,2.0000000000085946e-07,9.999999999940612e-08,1e-10,separable
1759,20260727,5,5,2.0000000000085946e-07,9.999999999940612e-08,1e-08,separable
1759,20260727,5,5,2.0000000000085946e-07,9.999999999940612e-08,1e-06,replaceable
1760,20260727,5,5,1.9999999987281408e-07,9.999999999940612e-08,1e-10,separable
1760,20260727,5,5,1.9999999987281408e-07,9.999999999940612e-08,1e-08,separable
1760,20260727,5,5,1.9999999987281408e-07,9.999999999940612e-08,1e-06,replaceable
1761,20260727,5,5,1.9999999985114584e-07,9.999999999940612e-08,1e-10,separable
1761,20260727,5,5,1.9999999985114584e-07,9.999999999940612e-08,1e-08,separable
1761,20260727,5,5,1.9999999985114584e-07,9.999999999940612e-08,1e-06,replaceable
1762,20260727,5,5,1.999999999891767e-07,9.999999999940612e-08,1e-10,separable
1762,20260727,5,5,1.999999999891767e-07,9.999999999940612e-08,1e-08,separable
1762,20260727,5,5,1.999999999891767e-07,9.999999999940612e-08,1e-06,replaceable
1763,20260727,5,5,1.9999999967348613e-07,9.999999999940612e-08,1e-10,separable
1763,20260727,5,5,1.9999999967348613e-07,9.999999999940612e-08,1e-08,separable
1763,20260727,5,5,1.9999999967348613e-07,9.999999999940612e-08,1e-06,replaceable
1764,20260727,5,5,1.9999999998480263e-07,9.999999999940612e-08,1e-10,separable
1764,20260727,5,5,1.9999999998480263e-07,9.999999999940612e-08,1e-08,separable
1764,20260727,5,5,1.9999999998480263e-07,9.999999999940612e-08,1e-06,replaceable
1765,20260727,5,5,2.0000000005434536e-07,9.999999999940612e-08,1e-10,separable
1765,20260727,5,5,2.0000000005434536e-07,9.999999999940612e-08,1e-08,separable
1765,20260727,5,5,2.0000000005434536e-07,9.999999999940612e-08,1e-06,replaceable
1766,20260727,5,5,1.999999999893028e-07,9.999999999940612e-08,1e-10,separable
1766,20260727,5,5,1.999999999893028e-07,9.999999999940612e-08,1e-08,separable
1766,20260727,5,5,1.999999999893028e-07,9.999999999940612e-08,1e-06,replaceable
1767,20260727,5,5,1.9999999989408284e-07,9.999999999940612e-08,1e-10,separable
1767,20260727,5,5,1.9999999989408284e-07,9.999999999940612e-08,1e-08,separable
1767,20260727,5,5,1.9999999989408284e-07,9.999999999940612e-08,1e-06,replaceable
1768,20260727,5,5,2.0000000006942482e-07,9.999999999940612e-08,1e-10,separable
1768,20260727,5,5,2.0000000006942482e-07,9.999999999940612e-08,1e-08,separable
1768,20260727,5,5,2.0000000006942482e-07,9.999999999940612e-08,1e-06,replaceable
1769,20260727,5,5,1.9999999996289526e-07,9.999999999940612e-08,1e-10,separable
1769,20260727,5,5,1.9999999996289526e-07,9.999999999940612e-08,1e-08,separable
1769,20260727,5,5,1.9999999996289526e-07,9.999999999940612e-08,1e-06,replaceable
1770,20260727,5,5,2.0000000006317197e-07,9.999999999940612e-08,1e-10,separable
1770,20260727,5,5,2.0000000006317197e-07,9.999999999940612e-08,1e-08,separable
1770,20260727,5,5,2.0000000006317197e-07,9.999999999940612e-08,1e-06,replaceable
1771,20260727,5,5,2.0000000000228169e-07,9.999999999940612e-08,1e-10,separable
1771,20260727,5,5,2.0000000000228169e-07,9.999999999940612e-08,1e-08,separable
1771,20260727,5,5,2.0000000000228169e-07,9.999999999940612e-08,1e-06,replaceable
1772,20260727,5,5,1.999999999917295e-07,9.999999999940612e-08,1e-10,separable
1772,20260727,5,5,1.999999999917295e-07,9.999999999940612e-08,1e-08,separable
1772,20260727,5,5,1.999999999917295e-07,9.999999999940612e-08,1e-06,replaceable
1773,20260727,5,5,1.9999999997619514e-07,9.999999999940612e-08,1e-10,separable
1773,20260727,5,5,1.9999999997619514e-07,9.999999999940612e-08,1e-08,separable
1773,20260727,5,5,1.9999999997619514e-07,9.999999999940612e-08,1e-06,replaceable
1774,20260727,5,5,2.0000000002779845e-07,9.999999999940612e-08,1e-10,separable
1774,20260727,5,5,2.0000000002779845e-07,9.999999999940612e-08,1e-08,separable
1774,20260727,5,5,2.0000000002779845e-07,9.999999999940612e-08,1e-06,replaceable
1775,20260727,5,5,2.0000000002305927e-07,9.999999999940612e-08,1e-10,separable
1775,20260727,5,5,2.0000000002305927e-07,9.999999999940612e-08,1e-08,separable
1775,20260727,5,5,2.0000000002305927e-07,9.999999999940612e-08,1e-06,replaceable
1776,20260727,5,5,2.000000000264013e-07,1.0000000000287557e-07,1e-10,separable
1776,20260727,5,5,2.000000000264013e-07,1.0000000000287557e-07,1e-08,separable
1776,20260727,5,5,2.000000000264013e-07,1.0000000000287557e-07,1e-06,replaceable
1777,20260727,5,5,2.000000000336686e-07,9.999999999940612e-08,1e-10,separable
1777,20260727,5,5,2.000000000336686e-07,9.999999999940612e-08,1e-08,separable
1777,20260727,5,5,2.000000000336686e-07,9.999999999940612e-08,1e-06,replaceable
1778,20260727,5,5,1.9999999998316037e-07,9.999999999940612e-08,1e-10,separable
1778,20260727,5,5,1.9999999998316037e-07,9.999999999940612e-08,1e-08,separable
1778,20260727,5,5,1.9999999998316037e-07,9.999999999940612e-08,1e-06,replaceable
1779,20260727,5,5,1.9999999999881224e-07,9.999999999940612e-08,1e-10,separable
1779,20260727,5,5,1.9999999999881224e-07,9.999999999940612e-08,1e-08,separable
1779,20260727,5,5,1.9999999999881224e-07,9.999999999940612e-08,1e-06,replaceable
1780,20260727,5,5,1.9999999998674625e-07,9.999999999940612e-08,1e-10,separable
1780,20260727,5,5,1.9999999998674625e-07,9.999999999940612e-08,1e-08,separable
1780,20260727,5,5,1.9999999998674625e-07,9.999999999940612e-08,1e-06,replaceable
1781,20260727,5,5,1.9999999999881242e-07,9.999999999940612e-08,1e-10,separable
1781,20260727,5,5,1.9999999999881242e-07,9.999999999940612e-08,1e-08,separable
1781,20260727,5,5,1.9999999999881242e-07,9.999999999940612e-08,1e-06,replaceable
1782,20260727,5,5,2.0000000000979524e-07,9.999999999940612e-08,1e-10,separable
1782,20260727,5,5,2.0000000000979524e-07,9.999999999940612e-08,1e-08,separable
1782,20260727,5,5,2.0000000000979524e-07,9.999999999940612e-08,1e-06,replaceable
1783,20260727,5,5,2.0000000013788774e-07,9.999999999940612e-08,1e-10,separable
1783,20260727,5,5,2.0000000013788774e-07,9.999999999940612e-08,1e-08,separable
1783,20260727,5,5,2.0000000013788774e-07,9.999999999940612e-08,1e-06,replaceable
1784,20260727,5,5,1.9999999981127846e-07,9.999999999940612e-08,1e-10,separable
1784,20260727,5,5,1.9999999981127846e-07,9.999999999940612e-08,1e-08,separable
1784,20260727,5,5,1.9999999981127846e-07,9.999999999940612e-08,1e-06,replaceable
1785,20260727,5,5,2.0000000000091855e-07,9.999999999940612e-08,1e-10,separable
1785,20260727,5,5,2.0000000000091855e-07,9.999999999940612e-08,1e-08,separable
1785,20260727,5,5,2.0000000000091855e-07,9.999999999940612e-08,1e-06,replaceable
1786,20260727,5,5,2.0000000004843725e-07,9.999999999940612e-08,1e-10,separable
1786,20260727,5,5,2.0000000004843725e-07,9.999999999940612e-08,1e-08,separable
1786,20260727,5,5,2.0000000004843725e-07,9.999999999940612e-08,1e-06,replaceable
1787,20260727,5,5,1.9999999996414795e-07,1.0000000000287557e-07,1e-10,separable
1787,20260727,5,5,1.9999999996414795e-07,1.0000000000287557e-07,1e-08,separable
1787,20260727,5,5,1.9999999996414795e-07,1.0000000000287557e-07,1e-06,replaceable
1788,20260727,5,5,2.0000000000053484e-07,9.999999999940612e-08,1e-10,separable
1788,20260727,5,5,2.0000000000053484e-07,9.999999999940612e-08,1e-08,separable
1788,20260727,5,5,2.0000000000053484e-07,9.999999999940612e-08,1e-06,replaceable
1789,20260727,5,5,1.9999999994901054e-07,9.999999999940612e-08,1e-10,separable
1789,20260727,5,5,1.9999999994901054e-07,9.999999999940612e-08,1e-08,separable
1789,20260727,5,5,1.9999999994901054e-07,9.999999999940612e-08,1e-06,replaceable
1790,20260727,5,5,1.9999999993192461e-07,1.0000000000287557e-07,1e-10,separable
1790,20260727,5,5,1.9999999993192461e-07,1.0000000000287557e-07,1e-08,separable
1790,20260727,5,5,1.9999999993192461e-07,1.0000000000287557e-07,1e-06,replaceable
1791,20260727,5,5,1.9999999996103542e-07,9.999999999940612e-08,1e-10,separable
1791,20260727,5,5,1.9999999996103542e-07,9.999999999940612e-08,1e-08,separable
1791,20260727,5,5,1.9999999996103542e-07,9.999999999940612e-08,1e-06,replaceable
1792,20260727,5,5,1.9999999999204715e-07,9.999999999940612e-08,1e-10,separable
1792,20260727,5,5,1.9999999999204715e-07,9.999999999940612e-08,1e-08,separable
1792,20260727,5,5,1.9999999999204715e-07,9.999999999940612e-08,1e-06,replaceable
1793,20260727,5,5,1.9999999998085816e-07,9.999999999940612e-08,1e-10,separable
1793,20260727,5,5,1.9999999998085816e-07,9.999999999940612e-08,1e-08,separable
1793,20260727,5,5,1.9999999998085816e-07,9.999999999940612e-08,1e-06,replaceable
1794,20260727,5,5,1.9999999989672243e-07,9.999999999940612e-08,1e-10,separable
1794,20260727,5,5,1.9999999989672243e-07,9.999999999940612e-08,1e-08,separable
1794,20260727,5,5,1.9999999989672243e-07,9.999999999940612e-08,1e-06,replaceable
1795,20260727,5,5,1.9999999999306774e-07,9.999999999940612e-08,1e-10,separable
1795,20260727,5,5,1.9999999999306774e-07,9.999999999940612e-08,1e-08,separable
1795,20260727,5,5,1.9999999999306774e-07,9.999999999940612e-08,1e-06,replaceable
1796,20260727,5,5,2.0000000000228169e-07,9.999999999940612e-08,1e-10,separable
1796,20260727,5,5,2.0000000000228169e-07,9.999999999940612e-08,1e-08,separable
1796,20260727,5,5,2.0000000000228169e-07,9.999999999940612e-08,1e-06,replaceable
1797,20260727,5,5,2.000000000068563e-07,9.999999999940612e-08,1e-10,separable
1797,20260727,5,5,2.000000000068563e-07,9.999999999940612e-08,1e-08,separable
1797,20260727,5,5,2.000000000068563e-07,9.999999999940612e-08,1e-06,replaceable
1798,20260727,5,5,1.9999999999041775e-07,9.999999999940612e-08,1e-10,separable
1798,20260727,5,5,1.9999999999041775e-07,9.999999999940612e-08,1e-08,separable
1798,20260727,5,5,1.9999999999041775e-07,9.999999999940612e-08,1e-06,replaceable
1799,20260727,5,5,2.000000000386466e-07,9.999999999940612e-08,1e-10,separable
1799,20260727,5,5,2.000000000386466e-07,9.999999999940612e-08,1e-08,separable
1799,20260727,5,5,2.000000000386466e-07,9.999999999940612e-08,1e-06,replaceable
1920,20260727,10,8,2.0000000000517187e-07,9.999999999940612e-08,1e-10,separable
1920,20260727,10,8,2.0000000000517187e-07,9.999999999940612e-08,1e-08,separable
1920,20260727,10,8,2.0000000000517187e-07,9.999999999940612e-08,1e-06,replaceable
1921,20260727,10,8,1.9999999997811938e-07,9.999999999940612e-08,1e-10,separable
1921,20260727,10,8,1.9999999997811938e-07,9.999999999940612e-08,1e-08,separable
1921,20260727,10,8,1.9999999997811938e-07,9.999999999940612e-08,1e-06,replaceable
1922,20260727,10,8,2.000000000543203e-07,9.999999999940612e-08,1e-10,separable
1922,20260727,10,8,2.000000000543203e-07,9.999999999940612e-08,1e-08,separable
1922,20260727,10,8,2.000000000543203e-07,9.999999999940612e-08,1e-06,replaceable
1923,20260727,10,8,2.00000000029012e-07,9.999999999940612e-08,1e-10,separable
1923,20260727,10,8,2.00000000029012e-07,9.999999999940612e-08,1e-08,separable
1923,20260727,10,8,2.00000000029012e-07,9.999999999940612e-08,1e-06,replaceable
1924,20260727,10,8,1.9999999994096156e-07,9.999999999940612e-08,1e-10,separable
1924,20260727,10,8,1.9999999994096156e-07,9.999999999940612e-08,1e-08,separable
1924,20260727,10,8,1.9999999994096156e-07,9.999999999940612e-08,1e-06,replaceable
1925,20260727,10,8,2.0000000000131443e-07,9.999999999940612e-08,1e-10,separable
1925,20260727,10,8,2.0000000000131443e-07,9.999999999940612e-08,1e-08,separable
1925,20260727,10,8,2.0000000000131443e-07,9.999999999940612e-08,1e-06,replaceable
1926,20260727,10,8,2.000000000130085e-07,9.999999999940612e-08,1e-10,separable
1926,20260727,10,8,2.000000000130085e-07,9.999999999940612e-08,1e-08,separable
1926,20260727,10,8,2.000000000130085e-07,9.999999999940612e-08,1e-06,replaceable
1927,20260727,10,8,1.999999999785554e-07,9.999999999940612e-08,1e-10,separable
1927,20260727,10,8,1.999999999785554e-07,9.999999999940612e-08,1e-08,separable
1927,20260727,10,8,1.999999999785554e-07,9.999999999940612e-08,1e-06,replaceable
1928,20260727,10,8,2.0000000000228174e-07,9.999999999940612e-08,1e-10,separable
1928,20260727,10,8,2.0000000000228174e-07,9.999999999940612e-08,1e-08,separable
1928,20260727,10,8,2.0000000000228174e-07,9.999999999940612e-08,1e-06,replaceable
1929,20260727,10,8,1.9999999999881224e-07,9.999999999940612e-08,1e-10,separable
1929,20260727,10,8,1.9999999999881224e-07,9.999999999940612e-08,1e-08,separable
1929,20260727,10,8,1.9999999999881224e-07,9.999999999940612e-08,1e-06,replaceable
1930,20260727,10,8,1.9999999999186104e-07,9.999999999940612e-08,1e-10,separable
1930,20260727,10,8,1.9999999999186104e-07,9.999999999940612e-08,1e-08,separable
1930,20260727,10,8,1.9999999999186104e-07,9.999999999940612e-08,1e-06,replaceable
1931,20260727,10,8,1.999999999904022e-07,9.999999999940612e-08,1e-10,separable
1931,20260727,10,8,1.999999999904022e-07,9.999999999940612e-08,1e-08,separable
1931,20260727,10,8,1.999999999904022e-07,9.999999999940612e-08,1e-06,replaceable
1932,20260727,10,8,2.000000000044944e-07,9.999999999940612e-08,1e-10,separable
1932,20260727,10,8,2.000000000044944e-07,9.999999999940612e-08,1e-08,separable
1932,20260727,10,8,2.000000000044944e-07,9.999999999940612e-08,1e-06,replaceable
1933,20260727,10,8,2.0000000002234753e-07,9.999999999940612e-08,1e-10,separable
1933,20260727,10,8,2.0000000002234753e-07,9.999999999940612e-08,1e-08,separable
1933,20260727,10,8,2.0000000002234753e-07,9.999999999940612e-08,1e-06,replaceable
1934,20260727,10,8,1.9999999997836335e-07,9.999999999940612e-08,1e-10,separable
1934,20260727,10,8,1.9999999997836335e-07,9.999999999940612e-08,1e-08,separable
1934,20260727,10,8,1.9999999997836335e-07,9.999999999940612e-08,1e-06,replaceable
1935,20260727,10,8,2.0000000000362442e-07,9.999999999940612e-08,1e-10,separable
1935,20260727,10,8,2.0000000000362442e-07,9.999999999940612e-08,1e-08,separable
1935,20260727,10,8,2.0000000000362442e-07,9.999999999940612e-08,1e-06,replaceable
1936,20260727,10,8,1.9999999999881224e-07,9.999999999940612e-08,1e-10,separable
1936,20260727,10,8,1.9999999999881224e-07,9.999999999940612e-08,1e-08,separable
1936,20260727,10,8,1.9999999999881224e-07,9.999999999940612e-08,1e-06,replaceable
1937,20260727,10,8,2.000000000015368e-07,9.999999999940612e-08,1e-10,separable
1937,20260727,10,8,2.000000000015368e-07,9.999999999940612e-08,1e-08,separable
1937,20260727,10,8,2.000000000015368e-07,9.999999999940612e-08,1e-06,replaceable
1938,20260727,10,8,1.9999999997359692e-07,9.999999999940612e-08,1e-10,separable
1938,20260727,10,8,1.9999999997359692e-07,9.999999999940612e-08,1e-08,separable
1938,20260727,10,8,1.9999999997359692e-07,9.999999999940612e-08,1e-06,replaceable
1939,20260727,10,8,1.999999999696705e-07,9.999999999940612e-08,1e-10,separable
1939,20260727,10,8,1.999999999696705e-07,9.999999999940612e-08,1e-08,separable
1939,20260727,10,8,1.999999999696705e-07,9.999999999940612e-08,1e-06,replaceable
1940,20260727,10,8,1.999999999827856e-07,9.999999999940612e-08,1e-10,separable
1940,20260727,10,8,1.999999999827856e-07,9.999999999940612e-08,1e-08,separable
1940,20260727,10,8,1.999999999827856e-07,9.999999999940612e-08,1e-06,replaceable
1941,20260727,10,8,2.0000000000595344e-07,9.999999999940612e-08,1e-10,separable
1941,20260727,10,8,2.0000000000595344e-07,9.999999999940612e-08,1e-08,separable
1941,20260727,10,8,2.0000000000595344e-07,9.999999999940612e-08,1e-06,replaceable
1942,20260727,10,8,2.0000000001187095e-07,9.999999999940612e-08,1e-10,separable
1942,20260727,10,8,2.0000000001187095e-07,9.999999999940612e-08,1e-08,separable
1942,20260727,10,8,2.0000000001187095e-07,9.999999999940612e-08,1e-06,replaceable
1943,20260727,10,8,2.000000000088319e-07,9.999999999940612e-08,1e-10,separable
1943,20260727,10,8,2.000000000088319e-07,9.999999999940612e-08,1e-08,separable
1943,20260727,10,8,2.000000000088319e-07,9.999999999940612e-08,1e-06,replaceable
1944,20260727,10,8,2.0000000000436544e-07,9.999999999940612e-08,1e-10,separable
1944,20260727,10,8,2.0000000000436544e-07,9.999999999940612e-08,1e-08,separable
1944,20260727,10,8,2.0000000000436544e-07,9.999999999940612e-08,1e-06,replaceable
1945,20260727,10,8,1.9999999998782053e-07,9.999999999940612e-08,1e-10,separable
1945,20260727,10,8,1.9999999998782053e-07,9.999999999940612e-08,1e-08,separable
1945,20260727,10,8,1.9999999998782053e-07,9.999999999940612e-08,1e-06,replaceable
1946,20260727,10,8,1.999999999988122e-07,9.999999999940612e-08,1e-10,separable
1946,20260727,10,8,1.999999999988122e-07,9.999999999940612e-08,1e-08,separable
1946,20260727,10,8,1.999999999988122e-07,9.999999999940612e-08,1e-06,replaceable
1947,20260727,10,8,1.9999999997789405e-07,9.999999999940612e-08,1e-10,separable
1947,20260727,10,8,1.9999999997789405e-07,9.999999999940612e-08,1e-08,separable
1947,20260727,10,8,1.9999999997789405e-07,9.999999999940612e-08,1e-06,replaceable
1948,20260727,10,8,1.9999999998516469e-07,9.999999999940612e-08,1e-10,separable
1948,20260727,10,8,1.9999999998516469e-07,9.999999999940612e-08,1e-08,separable
1948,20260727,10,8,1.9999999998516469e-07,9.999999999940612e-08,1e-06,replaceable
1949,20260727,10,8,1.9999999998540188e-07,9.999999999940612e-08,1e-10,separable
1949,20260727,10,8,1.9999999998540188e-07,9.999999999940612e-08,1e-08,separable
1949,20260727,10,8,1.9999999998540188e-07,9.999999999940612e-08,1e-06,replaceable
1950,20260727,10,8,2.0000000000228166e-07,9.999999999940612e-08,1e-10,separable
1950,20260727,10,8,2.0000000000228166e-07,9.999999999940612e-08,1e-08,separable
1950,20260727,10,8,2.0000000000228166e-07,9.999999999940612e-08,1e-06,replaceable
1951,20260727,10,8,1.999999999785583e-07,9.999999999940612e-08,1e-10,separable
1951,20260727,10,8,1.999999999785583e-07,9.999999999940612e-08,1e-08,separable
1951,20260727,10,8,1.999999999785583e-07,9.999999999940612e-08,1e-06,replaceable
1952,20260727,10,8,2.0000000001781767e-07,9.999999999940612e-08,1e-10,separable
1952,20260727,10,8,2.0000000001781767e-07,9.999999999940612e-08,1e-08,separable
1952,20260727,10,8,2.0000000001781767e-07,9.999999999940612e-08,1e-06,replaceable
1953,20260727,10,8,1.9999999995846102e-07,9.999999999940612e-08,1e-10,separable
1953,20260727,10,8,1.9999999995846102e-07,9.999999999940612e-08,1e-08,separable
1953,20260727,10,8,1.9999999995846102e-07,9.999999999940612e-08,1e-06,replaceable
1954,20260727,10,8,1.9999999998171138e-07,9.999999999940612e-08,1e-10,separable
1954,20260727,10,8,1.9999999998171138e-07,9.999999999940612e-08,1e-08,separable
1954,20260727,10,8,1.9999999998171138e-07,9.999999999940612e-08,1e-06,replaceable
1955,20260727,10,8,2.0000000001175723e-07,9.999999999940612e-08,1e-10,separable
1955,20260727,10,8,2.0000000001175723e-07,9.999999999940612e-08,1e-08,separable
1955,20260727,10,8,2.0000000001175723e-07,9.999999999940612e-08,1e-06,replaceable
1956,20260727,10,8,2.0000000000290603e-07,9.999999999940612e-08,1e-10,separable
1956,20260727,10,8,2.0000000000290603e-07,9.999999999940612e-08,1e-08,separable
1956,20260727,10,8,2.0000000000290603e-07,9.999999999940612e-08,1e-06,replaceable
1957,20260727,10,8,2.0000000000179014e-07,9.999999999940612e-08,1e-10,separable
1957,20260727,10,8,2.0000000000179014e-07,9.999999999940612e-08,1e-08,separable
1957,20260727,10,8,2.0000000000179014e-07,9.999999999940612e-08,1e-06,replaceable
1958,20260727,10,8,2.0000000000445374e-07,9.999999999940612e-08,1e-10,separable
1958,20260727,10,8,2.0000000000445374e-07,9.999999999940612e-08,1e-08,separable
1958,20260727,10,8,2.0000000000445374e-07,9.999999999940612e-08,1e-06,replaceable
1959,20260727,10,8,2.0000000000228169e-07,9.999999999940612e-08,1e-10,separable
1959,20260727,10,8,2.0000000000228169e-07,9.999999999940612e-08,1e-08,separable
1959,20260727,10,8,2.0000000000228169e-07,9.999999999940612e-08,1e-06,replaceable
1960,20260727,10,8,1.999999999993867e-07,9.999999999940612e-08,1e-10,separable
1960,20260727,10,8,1.999999999993867e-07,9.999999999940612e-08,1e-08,separable
1960,20260727,10,8,1.999999999993867e-07,9.999999999940612e-08,1e-06,replaceable
1961,20260727,10,8,1.9999999997139092e-07,9.999999999940612e-08,1e-10,separable
1961,20260727,10,8,1.9999999997139092e-07,9.999999999940612e-08,1e-08,separable
1961,20260727,10,8,1.9999999997139092e-07,9.999999999940612e-08,1e-06,replaceable
1962,20260727,10,8,1.9999999998498421e-07,9.999999999940612e-08,1e-10,separable
1962,20260727,10,8,1.9999999998498421e-07,9.999999999940612e-08,1e-08,separable
1962,20260727,10,8,1.9999999998498421e-07,9.999999999940612e-08,1e-06,replaceable
1963,20260727,10,8,2.000000000214177e-07,9.999999999940612e-08,1e-10,separable
1963,20260727,10,8,2.000000000214177e-07,9.999999999940612e-08,1e-08,separable
1963,20260727,10,8,2.000000000214177e-07,9.999999999940612e-08,1e-06,replaceable
1964,20260727,10,8,2.0000000000995337e-07,9.999999999940612e-08,1e-10,separable
1964,20260727,10,8,2.0000000000995337e-07,9.999999999940612e-08,1e-08,separable
1964,20260727,10,8,2.0000000000995337e-07,9.999999999940612e-08,1e-06,replaceable
1965,20260727,10,8,1.9999999997514132e-07,9.999999999940612e-08,1e-10,separable
1965,20260727,10,8,1.9999999997514132e-07,9.999999999940612e-08,1e-08,separable
1965,20260727,10,8,1.9999999997514132e-07,9.999999999940612e-08,1e-06,replaceable
1966,20260727,10,8,2.0000000001573236e-07,9.999999999940612e-08,1e-10,separable
1966,20260727,10,8,2.0000000001573236e-07,9.999999999940612e-08,1e-08,separable
1966,20260727,10,8,2.0000000001573236e-07,9.999999999940612e-08,1e-06,replaceable
1967,20260727,10,8,2.0000000000228169e-07,9.999999999940612e-08,1e-10,separable
1967,20260727,10,8,2.0000000000228169e-07,9.999999999940612e-08,1e-08,separable
1967,20260727,10,8,2.0000000000228169e-07,9.999999999940612e-08,1e-06,replaceable
1968,20260727,10,8,2.0000000001615947e-07,9.999999999940612e-08,1e-10,separable
1968,20260727,10,8,2.0000000001615947e-07,9.999999999940612e-08,1e-08,separable
1968,20260727,10,8,2.0000000001615947e-07,9.999999999940612e-08,1e-06,replaceable
1969,20260727,10,8,2.0000000001352089e-07,9.999999999940612e-08,1e-10,separable
1969,20260727,10,8,2.0000000001352089e-07,9.999999999940612e-08,1e-08,separable
1969,20260727,10,8,2.0000000001352089e-07,9.999999999940612e-08,1e-06,replaceable
1970,20260727,10,8,1.999999999966034e-07,9.999999999940612e-08,1e-10,separable
1970,20260727,10,8,1.999999999966034e-07,9.999999999940612e-08,1e-08,separable
1970,20260727,10,8,1.999999999966034e-07,9.999999999940612e-08,1e-06,replaceable
1971,20260727,10,8,2.0000000000089832e-07,9.999999999940612e-08,1e-10,separable
1971,20260727,10,8,2.0000000000089832e-07,9.999999999940612e-08,1e-08,separable
1971,20260727,10,8,2.0000000000089832e-07,9.999999999940612e-08,1e-06,replaceable
1972,20260727,10,8,1.9999999999881224e-07,9.999999999940612e-08,1e-10,separable
1972,20260727,10,8,1.9999999999881224e-07,9.999999999940612e-08,1e-08,separable
1972,20260727,10,8,1.9999999999881224e-07,9.999999999940612e-08,1e-06,replaceable
1973,20260727,10,8,1.999999999988123e-07,9.999999999940612e-08,1e-10,separable
1973,20260727,10,8,1.999999999988123e-07,9.999999999940612e-08,1e-08,separable
1973,20260727,10,8,1.999999999988123e-07,9.999999999940612e-08,1e-06,replaceable
1974,20260727,10,8,2.000000000359433e-07,9.999999999940612e-08,1e-10,separable
1974,20260727,10,8,2.000000000359433e-07,9.999999999940612e-08,1e-08,separable
1974,20260727,10,8,2.000000000359433e-07,9.999999999940612e-08,1e-06,replaceable
1975,20260727,10,8,2.0000000000309963e-07,9.999999999940612e-08,1e-10,separable
1975,20260727,10,8,2.0000000000309963e-07,9.999999999940612e-08,1e-08,separable
1975,20260727,10,8,2.0000000000309963e-07,9.999999999940612e-08,1e-06,replaceable
1976,20260727,10,8,1.9999999999790374e-07,9.999999999940612e-08,1e-10,separable
1976,20260727,10,8,1.9999999999790374e-07,9.999999999940612e-08,1e-08,separable
1976,20260727,10,8,1.9999999999790374e-07,9.999999999940612e-08,1e-06,replaceable
1977,20260727,10,8,1.9999999996556254e-07,9.999999999940612e-08,1e-10,separable
1977,20260727,10,8,1.9999999996556254e-07,9.999999999940612e-08,1e-08,separable
1977,20260727,10,8,1.9999999996556254e-07,9.999999999940612e-08,1e-06,replaceable
1978,20260727,10,8,1.9999999991122448e-07,9.999999999940612e-08,1e-10,separable
1978,20260727,10,8,1.9999999991122448e-07,9.999999999940612e-08,1e-08,separable
1978,20260727,10,8,1.9999999991122448e-07,9.999999999940612e-08,1e-06,replaceable
1979,20260727,10,8,2.0000000000228169e-07,9.999999999940612e-08,1e-10,separable
1979,20260727,10,8,2.0000000000228169e-07,9.999999999940612e-08,1e-08,separable
1979,20260727,10,8,2.0000000000228169e-07,9.999999999940612e-08,1e-06,replaceable
2100,20260727,20,12,1.999999999986019e-07,9.999999999940612e-08,1e-10,separable
2100,20260727,20,12,1.999999999986019e-07,9.999999999940612e-08,1e-08,separable
2100,20260727,20,12,1.999999999986019e-07,9.999999999940612e-08,1e-06,replaceable
2101,20260727,20,12,1.9999999999848285e-07,9.999999999940612e-08,1e-10,separable
2101,20260727,20,12,1.9999999999848285e-07,9.999999999940612e-08,1e-08,separable
2101,20260727,20,12,1.9999999999848285e-07,9.999999999940612e-08,1e-06,replaceable
2102,20260727,20,12,2.0000000000996798e-07,9.999999999940612e-08,1e-10,separable
2102,20260727,20,12,2.0000000000996798e-07,9.999999999940612e-08,1e-08,separable
2102,20260727,20,12,2.0000000000996798e-07,9.999999999940612e-08,1e-06,replaceable
2103,20260727,20,12,1.9999999999881213e-07,9.999999999940612e-08,1e-10,separable
2103,20260727,20,12,1.9999999999881213e-07,9.999999999940612e-08,1e-08,separable
2103,20260727,20,12,1.9999999999881213e-07,9.999999999940612e-08,1e-06,replaceable
2104,20260727,20,12,2.000000000057903e-07,9.999999999940612e-08,1e-10,separable
2104,20260727,20,12,2.000000000057903e-07,9.999999999940612e-08,1e-08,separable
2104,20260727,20,12,2.000000000057903e-07,9.999999999940612e-08,1e-06,replaceable
2105,20260727,20,12,1.999999998459067e-07,9.999999999940612e-08,1e-10,separable
2105,20260727,20,12,1.999999998459067e-07,9.999999999940612e-08,1e-08,separable
2105,20260727,20,12,1.999999998459067e-07,9.999999999940612e-08,1e-06,replaceable
2106,20260727,20,12,2.0000000000027173e-07,9.999999999940612e-08,1e-10,separable
2106,20260727,20,12,2.0000000000027173e-07,9.999999999940612e-08,1e-08,separable
2106,20260727,20,12,2.0000000000027173e-07,9.999999999940612e-08,1e-06,replaceable
2107,20260727,20,12,1.9999999999294632e-07,9.999999999940612e-08,1e-10,separable
2107,20260727,20,12,1.9999999999294632e-07,9.999999999940612e-08,1e-08,separable
2107,20260727,20,12,1.9999999999294632e-07,9.999999999940612e-08,1e-06,replaceable
2108,20260727,20,12,2.0000000001268913e-07,9.999999999940612e-08,1e-10,separable
2108,20260727,20,12,2.0000000001268913e-07,9.999999999940612e-08,1e-08,separable
2108,20260727,20,12,2.0000000001268913e-07,9.999999999940612e-08,1e-06,replaceable
2109,20260727,20,12,2.0000000000264363e-07,9.999999999940612e-08,1e-10,separable
2109,20260727,20,12,2.0000000000264363e-07,9.999999999940612e-08,1e-08,separable
2109,20260727,20,12,2.0000000000264363e-07,9.999999999940612e-08,1e-06,replaceable
2110,20260727,20,12,2.000000000229233e-07,9.999999999940612e-08,1e-10,separable
2110,20260727,20,12,2.000000000229233e-07,9.999999999940612e-08,1e-08,separable
2110,20260727,20,12,2.000000000229233e-07,9.999999999940612e-08,1e-06,replaceable
2111,20260727,20,12,2.0000000000282201e-07,9.999999999940612e-08,1e-10,separable
2111,20260727,20,12,2.0000000000282201e-07,9.999999999940612e-08,1e-08,separable
2111,20260727,20,12,2.0000000000282201e-07,9.999999999940612e-08,1e-06,replaceable
2112,20260727,20,12,2.000000000006468e-07,9.999999999940612e-08,1e-10,separable
2112,20260727,20,12,2.000000000006468e-07,9.999999999940612e-08,1e-08,separable
2112,20260727,20,12,2.000000000006468e-07,9.999999999940612e-08,1e-06,replaceable
2113,20260727,20,12,2.0000000000093032e-07,9.999999999940612e-08,1e-10,separable
2113,20260727,20,12,2.0000000000093032e-07,9.999999999940612e-08,1e-08,separable
2113,20260727,20,12,2.0000000000093032e-07,9.999999999940612e-08,1e-06,replaceable
2114,20260727,20,12,1.9999999999881224e-07,9.999999999940612e-08,1e-10,separable
2114,20260727,20,12,1.9999999999881224e-07,9.999999999940612e-08,1e-08,separable
2114,20260727,20,12,1.9999999999881224e-07,9.999999999940612e-08,1e-06,replaceable
2115,20260727,20,12,1.999999999786082e-07,9.999999999940612e-08,1e-10,separable
2115,20260727,20,12,1.999999999786082e-07,9.999999999940612e-08,1e-08,separable
2115,20260727,20,12,1.999999999786082e-07,9.999999999940612e-08,1e-06,replaceable
2116,20260727,20,12,2.000000000177837e-07,9.999999999940612e-08,1e-10,separable
2116,20260727,20,12,2.000000000177837e-07,9.999999999940612e-08,1e-08,separable
2116,20260727,20,12,2.000000000177837e-07,9.999999999940612e-08,1e-06,replaceable
2117,20260727,20,12,2.0000000006678939e-07,9.999999999940612e-08,1e-10,separable
2117,20260727,20,12,2.0000000006678939e-07,9.999999999940612e-08,1e-08,separable
2117,20260727,20,12,2.0000000006678939e-07,9.999999999940612e-08,1e-06,replaceable
2118,20260727,20,12,1.999999999936407e-07,9.999999999940612e-08,1e-10,separable
2118,20260727,20,12,1.999999999936407e-07,9.999999999940612e-08,1e-08,separable
2118,20260727,20,12,1.999999999936407e-07,9.999999999940612e-08,1e-06,replaceable
2119,20260727,20,12,1.999999999988122e-07,9.999999999940612e-08,1e-10,separable
2119,20260727,20,12,1.999999999988122e-07,9.999999999940612e-08,1e-08,separable
2119,20260727,20,12,1.999999999988122e-07,9.999999999940612e-08,1e-06,replaceable
2120,20260727,20,12,1.9999999998804137e-07,9.999999999940612e-08,1e-10,separable
2120,20260727,20,12,1.9999999998804137e-07,9.999999999940612e-08,1e-08,separable
2120,20260727,20,12,1.9999999998804137e-07,9.999999999940612e-08,1e-06,replaceable
2121,20260727,20,12,1.9999999999954813e-07,9.999999999940612e-08,1e-10,separable
2121,20260727,20,12,1.9999999999954813e-07,9.999999999940612e-08,1e-08,separable
2121,20260727,20,12,1.9999999999954813e-07,9.999999999940612e-08,1e-06,replaceable
2122,20260727,20,12,2.0000000000072198e-07,9.999999999940612e-08,1e-10,separable
2122,20260727,20,12,2.0000000000072198e-07,9.999999999940612e-08,1e-08,separable
2122,20260727,20,12,2.0000000000072198e-07,9.999999999940612e-08,1e-06,replaceable
2123,20260727,20,12,2.0000000000382943e-07,9.999999999940612e-08,1e-10,separable
2123,20260727,20,12,2.0000000000382943e-07,9.999999999940612e-08,1e-08,separable
2123,20260727,20,12,2.0000000000382943e-07,9.999999999940612e-08,1e-06,replaceable
2124,20260727,20,12,2.0000000004819124e-07,9.999999999940612e-08,1e-10,separable
2124,20260727,20,12,2.0000000004819124e-07,9.999999999940612e-08,1e-08,separable
2124,20260727,20,12,2.0000000004819124e-07,9.999999999940612e-08,1e-06,replaceable
2125,20260727,20,12,2.0000000000677265e-07,9.999999999940612e-08,1e-10,separable
2125,20260727,20,12,2.0000000000677265e-07,9.999999999940612e-08,1e-08,separable
2125,20260727,20,12,2.0000000000677265e-07,9.999999999940612e-08,1e-06,replaceable
2126,20260727,20,12,2.0000000000944586e-07,9.999999999940612e-08,1e-10,separable
2126,20260727,20,12,2.0000000000944586e-07,9.999999999940612e-08,1e-08,separable
2126,20260727,20,12,2.0000000000944586e-07,9.999999999940612e-08,1e-06,replaceable
2127,20260727,20,12,1.999999999962009e-07,9.999999999940612e-08,1e-10,separable
2127,20260727,20,12,1.999999999962009e-07,9.999999999940612e-08,1e-08,separable
2127,20260727,20,12,1.999999999962009e-07,9.999999999940612e-08,1e-06,replaceable
2128,20260727,20,12,1.999999999974358e-07,9.999999999940612e-08,1e-10,separable
2128,20260727,20,12,1.999999999974358e-07,9.999999999940612e-08,1e-08,separable
2128,20260727,20,12,1.999999999974358e-07,9.999999999940612e-08,1e-06,replaceable
2129,20260727,20,12,1.999999999964856e-07,9.999999999940612e-08,1e-10,separable
2129,20260727,20,12,1.999999999964856e-07,9.999999999940612e-08,1e-08,separable
2129,20260727,20,12,1.999999999964856e-07,9.999999999940612e-08,1e-06,replaceable
2130,20260727,20,12,1.9999999999881224e-07,9.999999999940612e-08,1e-10,separable
2130,20260727,20,12,1.9999999999881224e-07,9.999999999940612e-08,1e-08,separable
2130,20260727,20,12,1.9999999999881224e-07,9.999999999940612e-08,1e-06,replaceable
2131,20260727,20,12,1.9999999998667693e-07,9.999999999940612e-08,1e-10,separable
2131,20260727,20,12,1.9999999998667693e-07,9.999999999940612e-08,1e-08,separable
2131,20260727,20,12,1.9999999998667693e-07,9.999999999940612e-08,1e-06,replaceable
2132,20260727,20,12,2.00000000028971e-07,9.999999999940612e-08,1e-10,separable
2132,20260727,20,12,2.00000000028971e-07,9.999999999940612e-08,1e-08,separable
2132,20260727,20,12,2.00000000028971e-07,9.999999999940612e-08,1e-06,replaceable
2133,20260727,20,12,1.999999999996541e-07,9.999999999940612e-08,1e-10,separable
2133,20260727,20,12,1.999999999996541e-07,9.999999999940612e-08,1e-08,separable
2133,20260727,20,12,1.999999999996541e-07,9.999999999940612e-08,1e-06,replaceable
2134,20260727,20,12,1.9999999999767314e-07,9.999999999940612e-08,1e-10,separable
2134,20260727,20,12,1.9999999999767314e-07,9.999999999940612e-08,1e-08,separable
2134,20260727,20,12,1.9999999999767314e-07,9.999999999940612e-08,1e-06,replaceable
2135,20260727,20,12,2.0000000000511062e-07,9.999999999940612e-08,1e-10,separable
2135,20260727,20,12,2.0000000000511062e-07,9.999999999940612e-08,1e-08,separable
2135,20260727,20,12,2.0000000000511062e-07,9.999999999940612e-08,1e-06,replaceable
2136,20260727,20,12,2.0000000002608164e-07,9.999999999940612e-08,1e-10,separable
2136,20260727,20,12,2.0000000002608164e-07,9.999999999940612e-08,1e-08,separable
2136,20260727,20,12,2.0000000002608164e-07,9.999999999940612e-08,1e-06,replaceable
2137,20260727,20,12,1.9999999999389958e-07,9.999999999940612e-08,1e-10,separable
2137,20260727,20,12,1.9999999999389958e-07,9.999999999940612e-08,1e-08,separable
2137,20260727,20,12,1.9999999999389958e-07,9.999999999940612e-08,1e-06,replaceable
2138,20260727,20,12,2.0000000024973463e-07,9.999999999940612e-08,1e-10,separable
2138,20260727,20,12,2.0000000024973463e-07,9.999999999940612e-08,1e-08,separable
2138,20260727,20,12,2.0000000024973463e-07,9.999999999940612e-08,1e-06,replaceable
2139,20260727,20,12,2.0000000000209674e-07,9.999999999940612e-08,1e-10,separable
2139,20260727,20,12,2.0000000000209674e-07,9.999999999940612e-08,1e-08,separable
2139,20260727,20,12,2.0000000000209674e-07,9.999999999940612e-08,1e-06,replaceable
2140,20260727,20,12,1.9999999999748764e-07,9.999999999940612e-08,1e-10,separable
2140,20260727,20,12,1.9999999999748764e-07,9.999999999940612e-08,1e-08,separable
2140,20260727,20,12,1.9999999999748764e-07,9.999999999940612e-08,1e-06,replaceable
2141,20260727,20,12,1.9999999999667989e-07,9.999999999940612e-08,1e-10,separable
2141,20260727,20,12,1.9999999999667989e-07,9.999999999940612e-08,1e-08,separable
2141,20260727,20,12,1.9999999999667989e-07,9.999999999940612e-08,1e-06,replaceable
2142,20260727,20,12,1.9999999999084653e-07,9.999999999940612e-08,1e-10,separable
2142,20260727,20,12,1.9999999999084653e-07,9.999999999940612e-08,1e-08,separable
2142,20260727,20,12,1.9999999999084653e-07,9.999999999940612e-08,1e-06,replaceable
2143,20260727,20,12,2.0000000001443478e-07,9.999999999940612e-08,1e-10,separable
2143,20260727,20,12,2.0000000001443478e-07,9.999999999940612e-08,1e-08,separable
2143,20260727,20,12,2.0000000001443478e-07,9.999999999940612e-08,1e-06,replaceable
2144,20260727,20,12,1.9999999999670297e-07,9.999999999940612e-08,1e-10,separable
2144,20260727,20,12,1.9999999999670297e-07,9.999999999940612e-08,1e-08,separable
2144,20260727,20,12,1.9999999999670297e-07,9.999999999940612e-08,1e-06,replaceable
2145,20260727,20,12,1.9999999996916812e-07,9.999999999940612e-08,1e-10,separable
2145,20260727,20,12,1.9999999996916812e-07,9.999999999940612e-08,1e-08,separable
2145,20260727,20,12,1.9999999996916812e-07,9.999999999940612e-08,1e-06,replaceable
2146,20260727,20,12,1.9999999997870998e-07,9.999999999940612e-08,1e-10,separable
2146,20260727,20,12,1.9999999997870998e-07,9.999999999940612e-08,1e-08,separable
2146,20260727,20,12,1.9999999997870998e-07,9.999999999940612e-08,1e-06,replaceable
2147,20260727,20,12,1.9999999999492213e-07,9.999999999940612e-08,1e-10,separable
2147,20260727,20,12,1.9999999999492213e-07,9.999999999940612e-08,1e-08,separable
2147,20260727,20,12,1.9999999999492213e-07,9.999999999940612e-08,1e-06,replaceable
2148,20260727,20,12,2.0000000000760883e-07,9.999999999940612e-08,1e-10,separable
2148,20260727,20,12,2.0000000000760883e-07,9.999999999940612e-08,1e-08,separable
2148,20260727,20,12,2.0000000000760883e-07,9.999999999940612e-08,1e-06,replaceable
2149,20260727,20,12,2.0000000000228166e-07,9.999999999940612e-08,1e-10,separable
2149,20260727,20,12,2.0000000000228166e-07,9.999999999940612e-08,1e-08,separable
2149,20260727,20,12,2.0000000000228166e-07,9.999999999940612e-08,1e-06,replaceable
2150,20260727,20,12,2.0000000002510414e-07,9.999999999940612e-08,1e-10,separable
2150,20260727,20,12,2.0000000002510414e-07,9.999999999940612e-08,1e-08,separable
2150,20260727,20,12,2.0000000002510414e-07,9.999999999940612e-08,1e-06,replaceable
2151,20260727,20,12,2.0000000001334388e-07,9.999999999940612e-08,1e-10,separable
2151,20260727,20,12,2.0000000001334388e-07,9.999999999940612e-08,1e-08,separable
2151,20260727,20,12,2.0000000001334388e-07,9.999999999940612e-08,1e-06,replaceable
2152,20260727,20,12,2.0000000003961869e-07,9.999999999940612e-08,1e-10,separable
2152,20260727,20,12,2.0000000003961869e-07,9.999999999940612e-08,1e-08,separable
2152,20260727,20,12,2.0000000003961869e-07,9.999999999940612e-08,1e-06,replaceable
2153,20260727,20,12,1.9999999997523227e-07,9.999999999940612e-08,1e-10,separable
2153,20260727,20,12,1.9999999997523227e-07,9.999999999940612e-08,1e-08,separable
2153,20260727,20,12,1.9999999997523227e-07,9.999999999940612e-08,1e-06,replaceable
2154,20260727,20,12,1.9999999999185588e-07,9.999999999940612e-08,1e-10,separable
2154,20260727,20,12,1.9999999999185588e-07,9.999999999940612e-08,1e-08,separable
2154,20260727,20,12,1.9999999999185588e-07,9.999999999940612e-08,1e-06,replaceable
2155,20260727,20,12,1.999999999932539e-07,9.999999999940612e-08,1e-10,separable
2155,20260727,20,12,1.999999999932539e-07,9.999999999940612e-08,1e-08,separable
2155,20260727,20,12,1.999999999932539e-07,9.999999999940612e-08,1e-06,replaceable
2156,20260727,20,12,2.0000000000198507e-07,9.999999999940612e-08,1e-10,separable
2156,20260727,20,12,2.0000000000198507e-07,9.999999999940612e-08,1e-08,separable
2156,20260727,20,12,2.0000000000198507e-07,9.999999999940612e-08,1e-06,replaceable
2157,20260727,20,12,2.000000000144089e-07,9.999999999940612e-08,1e-10,separable
2157,20260727,20,12,2.000000000144089e-07,9.999999999940612e-08,1e-08,separable
2157,20260727,20,12,2.000000000144089e-07,9.999999999940612e-08,1e-06,replaceable
2158,20260727,20,12,1.9999999999325554e-07,9.999999999940612e-08,1e-10,separable
2158,20260727,20,12,1.9999999999325554e-07,9.999999999940612e-08,1e-08,separable
2158,20260727,20,12,1.9999999999325554e-07,9.999999999940612e-08,1e-06,replaceable
2159,20260727,20,12,2.0000000000228169e-07,9.999999999940612e-08,1e-10,separable
2159,20260727,20,12,2.0000000000228169e-07,9.999999999940612e-08,1e-08,separable
2159,20260727,20,12,2.0000000000228169e-07,9.999999999940612e-08,1e-06,replaceable
2280,20260728,3,4,1.9999999989974814e-07,1.0000000000287557e-07,1e-10,separable
2280,20260728,3,4,1.9999999989974814e-07,1.0000000000287557e-07,1e-08,separable
2280,20260728,3,4,1.9999999989974814e-07,1.0000000000287557e-07,1e-06,replaceable
2281,20260728,3,4,1.999999999349574e-07,1.0000000000287557e-07,1e-10,separable
2281,20260728,3,4,1.999999999349574e-07,1.0000000000287557e-07,1e-08,separable
2281,20260728,3,4,1.999999999349574e-07,1.0000000000287557e-07,1e-06,replaceable
2282,20260728,3,4,2.0000000000575116e-07,1.0000000000287557e-07,1e-10,separable
2282,20260728,3,4,2.0000000000575116e-07,1.0000000000287557e-07,1e-08,separable
2282,20260728,3,4,2.0000000000575116e-07,1.0000000000287557e-07,1e-06,replaceable
2283,20260728,3,4,1.9999999999848756e-07,1.0000000000287557e-07,1e-10,separable
2283,20260728,3,4,1.9999999999848756e-07,1.0000000000287557e-07,1e-08,separable
2283,20260728,3,4,1.9999999999848756e-07,1.0000000000287557e-07,1e-06,replaceable
2284,20260728,3,4,1.9999999992491746e-07,1.0000000000287557e-07,1e-10,separable
2284,20260728,3,4,1.9999999992491746e-07,1.0000000000287557e-07,1e-08,separable
2284,20260728,3,4,1.9999999992491746e-07,1.0000000000287557e-07,1e-06,replaceable
2285,20260728,3,4,2.0000000003143672e-07,9.999999999940612e-08,1e-10,separable
2285,20260728,3,4,2.0000000003143672e-07,9.999999999940612e-08,1e-08,separable
2285,20260728,3,4,2.0000000003143672e-07,9.999999999940612e-08,1e-06,replaceable
2286,20260728,3,4,2.0000000000575113e-07,1.0000000000287557e-07,1e-10,separable
2286,20260728,3,4,2.0000000000575113e-07,1.0000000000287557e-07,1e-08,separable
2286,20260728,3,4,2.0000000000575113e-07,1.0000000000287557e-07,1e-06,replaceable
2287,20260728,3,4,1.9999999993374619e-07,9.999999999940612e-08,1e-10,separable
2287,20260728,3,4,1.9999999993374619e-07,9.999999999940612e-08,1e-08,separable
2287,20260728,3,4,1.9999999993374619e-07,9.999999999940612e-08,1e-06,replaceable
2288,20260728,3,4,2.0000000002030004e-07,1.0000000000287557e-07,1e-10,separable
2288,20260728,3,4,2.0000000002030004e-07,1.0000000000287557e-07,1e-08,separable
2288,20260728,3,4,2.0000000002030004e-07,1.0000000000287557e-07,1e-06,replaceable
2289,20260728,3,4,2.0000000002471583e-07,1.0000000000287557e-07,1e-10,separable
2289,20260728,3,4,2.0000000002471583e-07,1.0000000000287557e-07,1e-08,separable
2289,20260728,3,4,2.0000000002471583e-07,1.0000000000287557e-07,1e-06,replaceable
2290,20260728,3,4,2.0000000000228169e-07,9.999999999940612e-08,1e-10,separable
2290,20260728,3,4,2.0000000000228169e-07,9.999999999940612e-08,1e-08,separable
2290,20260728,3,4,2.0000000000228169e-07,9.999999999940612e-08,1e-06,replaceable
2291,20260728,3,4,1.9999999988906642e-07,1.0000000000287557e-07,1e-10,separable
2291,20260728,3,4,1.9999999988906642e-07,1.0000000000287557e-07,1e-08,separable
2291,20260728,3,4,1.9999999988906642e-07,1.0000000000287557e-07,1e-06,replaceable
2292,20260728,3,4,2.000000001144459e-07,1.0000000000287557e-07,1e-10,separable
2292,20260728,3,4,2.000000001144459e-07,1.0000000000287557e-07,1e-08,separable
2292,20260728,3,4,2.000000001144459e-07,1.0000000000287557e-07,1e-06,replaceable
2293,20260728,3,4,1.999999999897718e-07,9.999999999940612e-08,1e-10,separable
2293,20260728,3,4,1.999999999897718e-07,9.999999999940612e-08,1e-08,separable
2293,20260728,3,4,1.999999999897718e-07,9.999999999940612e-08,1e-06,replaceable
2294,20260728,3,4,1.9999999966836327e-07,9.999999999940612e-08,1e-10,separable
2294,20260728,3,4,1.9999999966836327e-07,9.999999999940612e-08,1e-08,separable
2294,20260728,3,4,1.9999999966836327e-07,9.999999999940612e-08,1e-06,replaceable
2295,20260728,3,4,2.0000000013214105e-07,1.0000000000287557e-07,1e-10,separable
2295,20260728,3,4,2.0000000013214105e-07,1.0000000000287557e-07,1e-08,separable
2295,20260728,3,4,2.0000000013214105e-07,1.0000000000287557e-07,1e-06,replaceable
2296,20260728,3,4,1.9999999997856858e-07,9.999999999940612e-08,1e-10,separable
2296,20260728,3,4,1.9999999997856858e-07,9.999999999940612e-08,1e-08,separable
2296,20260728,3,4,1.9999999997856858e-07,9.999999999940612e-08,1e-06,replaceable
2297,20260728,3,4,1.9999999997933488e-07,1.0000000000287557e-07,1e-10,separable
2297,20260728,3,4,1.9999999997933488e-07,1.0000000000287557e-07,1e-08,separable
2297,20260728,3,4,1.9999999997933488e-07,1.0000000000287557e-07,1e-06,replaceable
2298,20260728,3,4,2.0000000015663105e-07,1.0000000000287557e-07,1e-10,separable
2298,20260728,3,4,2.0000000015663105e-07,1.0000000000287557e-07,1e-08,separable
2298,20260728,3,4,2.0000000015663105e-07,1.0000000000287557e-07,1e-06,replaceable
2299,20260728,3,4,2.0000000002755392e-07,9.999999999940612e-08,1e-10,separable
2299,20260728,3,4,2.0000000002755392e-07,9.999999999940612e-08,1e-08,separable
2299,20260728,3,4,2.0000000002755392e-07,9.999999999940612e-08,1e-06,replaceable
2300,20260728,3,4,2.0000000028312245e-07,1.0000000000287557e-07,1e-10,separable
2300,20260728,3,4,2.0000000028312245e-07,1.0000000000287557e-07,1e-08,separable
2300,20260728,3,4,2.0000000028312245e-07,1.0000000000287557e-07,1e-06,replaceable
2301,20260728,3,4,2.0000000002050968e-07,1.0000000000287557e-07,1e-10,separable
2301,20260728,3,4,2.0000000002050968e-07,1.0000000000287557e-07,1e-08,separable
2301,20260728,3,4,2.0000000002050968e-07,1.0000000000287557e-07,1e-06,replaceable
2302,20260728,3,4,1.9999999996139038e-07,1.0000000000287557e-07,1e-10,separable
2302,20260728,3,4,1.9999999996139038e-07,1.0000000000287557e-07,1e-08,separable
2302,20260728,3,4,1.9999999996139038e-07,1.0000000000287557e-07,1e-06,replaceable
2303,20260728,3,4,2.000000000006242e-07,1.0000000000287557e-07,1e-10,separable
2303,20260728,3,4,2.000000000006242e-07,1.0000000000287557e-07,1e-08,separable
2303,20260728,3,4,2.000000000006242e-07,1.0000000000287557e-07,1e-06,replaceable
2304,20260728,3,4,1.999999996204898e-07,9.999999999940612e-08,1e-10,separable
2304,20260728,3,4,1.999999996204898e-07,9.999999999940612e-08,1e-08,separable
2304,20260728,3,4,1.999999996204898e-07,9.999999999940612e-08,1e-06,replaceable
2305,20260728,3,4,1.9999999999862658e-07,9.999999999940612e-08,1e-10,separable
2305,20260728,3,4,1.9999999999862658e-07,9.999999999940612e-08,1e-08,separable
2305,20260728,3,4,1.9999999999862658e-07,9.999999999940612e-08,1e-06,replaceable
2306,20260728,3,4,2.0000000000196463e-07,9.999999999940612e-08,1e-10,separable
2306,20260728,3,4,2.0000000000196463e-07,9.999999999940612e-08,1e-08,separable
2306,20260728,3,4,2.0000000000196463e-07,9.999999999940612e-08,1e-06,replaceable
2307,20260728,3,4,1.9999999997795329e-07,9.999999999940612e-08,1e-10,separable
2307,20260728,3,4,1.9999999997795329e-07,9.999999999940612e-08,1e-08,separable
2307,20260728,3,4,1.9999999997795329e-07,9.999999999940612e-08,1e-06,replaceable
2308,20260728,3,4,1.9999999993833827e-07,9.999999999940612e-08,1e-10,separable
2308,20260728,3,4,1.9999999993833827e-07,9.999999999940612e-08,1e-08,separable
2308,20260728,3,4,1.9999999993833827e-07,9.999999999940612e-08,1e-06,replaceable
2309,20260728,3,4,1.99999999947918e-07,9.999999999940612e-08,1e-10,separable
2309,20260728,3,4,1.99999999947918e-07,9.999999999940612e-08,1e-08,separable
2309,20260728,3,4,1.99999999947918e-07,9.999999999940612e-08,1e-06,replaceable
2310,20260728,3,4,1.9999999998402267e-07,9.999999999940612e-08,1e-10,separable
2310,20260728,3,4,1.9999999998402267e-07,9.999999999940612e-08,1e-08,separable
2310,20260728,3,4,1.9999999998402267e-07,9.999999999940612e-08,1e-06,replaceable
2311,20260728,3,4,2.0000000005397468e-07,9.999999999940612e-08,1e-10,separable
2311,20260728,3,4,2.0000000005397468e-07,9.999999999940612e-08,1e-08,separable
2311,20260728,3,4,2.0000000005397468e-07,9.999999999940612e-08,1e-06,replaceable
2312,20260728,3,4,2.0000000014481396e-07,9.999999999940612e-08,1e-10,separable
2312,20260728,3,4,2.0000000014481396e-07,9.999999999940612e-08,1e-08,separable
2312,20260728,3,4,2.0000000014481396e-07,9.999999999940612e-08,1e-06,replaceable
2313,20260728,3,4,1.999999999983035e-07,9.999999999940612e-08,1e-10,separable
2313,20260728,3,4,1.999999999983035e-07,9.999999999940612e-08,1e-08,separable
2313,20260728,3,4,1.999999999983035e-07,9.999999999940612e-08,1e-06,replaceable
2314,20260728,3,4,1.9999999998290575e-07,1.0000000000287557e-07,1e-10,separable
2314,20260728,3,4,1.9999999998290575e-07,1.0000000000287557e-07,1e-08,separable
2314,20260728,3,4,1.9999999998290575e-07,1.0000000000287557e-07,1e-06,replaceable
2315,20260728,3,4,1.99999999957544e-07,1.0000000000287557e-07,1e-10,separable
2315,20260728,3,4,1.99999999957544e-07,1.0000000000287557e-07,1e-08,separable
2315,20260728,3,4,1.99999999957544e-07,1.0000000000287557e-07,1e-06,replaceable
2316,20260728,3,4,1.9999999999896868e-07,1.0000000000287557e-07,1e-10,separable
2316,20260728,3,4,1.9999999999896868e-07,1.0000000000287557e-07,1e-08,separable
2316,20260728,3,4,1.9999999999896868e-07,1.0000000000287557e-07,1e-06,replaceable
2317,20260728,3,4,2.0000000000575113e-07,1.0000000000287557e-07,1e-10,separable
2317,20260728,3,4,2.0000000000575113e-07,1.0000000000287557e-07,1e-08,separable
2317,20260728,3,4,2.0000000000575113e-07,1.0000000000287557e-07,1e-06,replaceable
2318,20260728,3,4,2.000000000100754e-07,1.0000000000287557e-07,1e-10,separable
2318,20260728,3,4,2.000000000100754e-07,1.0000000000287557e-07,1e-08,separable
2318,20260728,3,4,2.000000000100754e-07,1.0000000000287557e-07,1e-06,replaceable
2319,20260728,3,4,1.9999999998940673e-07,9.999999999940612e-08,1e-10,separable
2319,20260728,3,4,1.9999999998940673e-07,9.999999999940612e-08,1e-08,separable
2319,20260728,3,4,1.9999999998940673e-07,9.999999999940612e-08,1e-06,replaceable
2320,20260728,3,4,1.999999999684335e-07,9.999999999940612e-08,1e-10,separable
2320,20260728,3,4,1.999999999684335e-07,9.999999999940612e-08,1e-08,separable
2320,20260728,3,4,1.999999999684335e-07,9.999999999940612e-08,1e-06,replaceable
2321,20260728,3,4,1.999999999797449e-07,9.999999999940612e-08,1e-10,separable
2321,20260728,3,4,1.999999999797449e-07,9.999999999940612e-08,1e-08,separable
2321,20260728,3,4,1.999999999797449e-07,9.999999999940612e-08,1e-06,replaceable
2322,20260728,3,4,2.000000000428043e-07,9.999999999940612e-08,1e-10,separable
2322,20260728,3,4,2.000000000428043e-07,9.999999999940612e-08,1e-08,separable
2322,20260728,3,4,2.000000000428043e-07,9.999999999940612e-08,1e-06,replaceable
2323,20260728,3,4,2.0000000008694353e-07,1.0000000000287557e-07,1e-10,separable
2323,20260728,3,4,2.0000000008694353e-07,1.0000000000287557e-07,1e-08,separable
2323,20260728,3,4,2.0000000008694353e-07,1.0000000000287557e-07,1e-06,replaceable
2324,20260728,3,4,1.9999999999120048e-07,9.999999999940612e-08,1e-10,separable
2324,20260728,3,4,1.9999999999120048e-07,9.999999999940612e-08,1e-08,separable
2324,20260728,3,4,1.9999999999120048e-07,9.999999999940612e-08,1e-06,replaceable
2325,20260728,3,4,2.0000000000531687e-07,1.0000000000287557e-07,1e-10,separable
2325,20260728,3,4,2.0000000000531687e-07,1.0000000000287557e-07,1e-08,separable
2325,20260728,3,4,2.0000000000531687e-07,1.0000000000287557e-07,1e-06,replaceable
2326,20260728,3,4,1.9999999995023998e-07,1.0000000000287557e-07,1e-10,separable
2326,20260728,3,4,1.9999999995023998e-07,1.0000000000287557e-07,1e-08,separable
2326,20260728,3,4,1.9999999995023998e-07,1.0000000000287557e-07,1e-06,replaceable
2327,20260728,3,4,1.9999999988404902e-07,1.0000000000287557e-07,1e-10,separable
2327,20260728,3,4,1.9999999988404902e-07,1.0000000000287557e-07,1e-08,separable
2327,20260728,3,4,1.9999999988404902e-07,1.0000000000287557e-07,1e-06,replaceable
2328,20260728,3,4,1.9999999992315748e-07,1.0000000000287557e-07,1e-10,separable
2328,20260728,3,4,1.9999999992315748e-07,1.0000000000287557e-07,1e-08,separable
2328,20260728,3,4,1.9999999992315748e-07,1.0000000000287557e-07,1e-06,replaceable
2329,20260728,3,4,2.0000000008336222e-07,1.0000000000287557e-07,1e-10,separable
2329,20260728,3,4,2.0000000008336222e-07,1.0000000000287557e-07,1e-08,separable
2329,20260728,3,4,2.0000000008336222e-07,1.0000000000287557e-07,1e-06,replaceable
2330,20260728,3,4,1.9999999995665207e-07,1.0000000000287557e-07,1e-10,separable
2330,20260728,3,4,1.9999999995665207e-07,1.0000000000287557e-07,1e-08,separable
2330,20260728,3,4,1.9999999995665207e-07,1.0000000000287557e-07,1e-06,replaceable
2331,20260728,3,4,2.0000000000575113e-07,1.0000000000287557e-07,1e-10,separable
2331,20260728,3,4,2.0000000000575113e-07,1.0000000000287557e-07,1e-08,separable
2331,20260728,3,4,2.0000000000575113e-07,1.0000000000287557e-07,1e-06,replaceable
2332,20260728,3,4,1.9999999995078478e-07,1.0000000000287557e-07,1e-10,separable
2332,20260728,3,4,1.9999999995078478e-07,1.0000000000287557e-07,1e-08,separable
2332,20260728,3,4,1.9999999995078478e-07,1.0000000000287557e-07,1e-06,replaceable
2333,20260728,3,4,2.0000000001509383e-07,1.0000000000287557e-07,1e-10,separable
2333,20260728,3,4,2.0000000001509383e-07,1.0000000000287557e-07,1e-08,separable
2333,20260728,3,4,2.0000000001509383e-07,1.0000000000287557e-07,1e-06,replaceable
2334,20260728,3,4,2.000000000050319e-07,1.0000000000287557e-07,1e-10,separable
2334,20260728,3,4,2.000000000050319e-07,1.0000000000287557e-07,1e-08,separable
2334,20260728,3,4,2.000000000050319e-07,1.0000000000287557e-07,1e-06,replaceable
2335,20260728,3,4,2.0000000003281754e-07,1.0000000000287557e-07,1e-10,separable
2335,20260728,3,4,2.0000000003281754e-07,1.0000000000287557e-07,1e-08,separable
2335,20260728,3,4,2.0000000003281754e-07,1.0000000000287557e-07,1e-06,replaceable
2336,20260728,3,4,2.0000000023135156e-07,9.999999999940612e-08,1e-10,separable
2336,20260728,3,4,2.0000000023135156e-07,9.999999999940612e-08,1e-08,separable
2336,20260728,3,4,2.0000000023135156e-07,9.999999999940612e-08,1e-06,replaceable
2337,20260728,3,4,1.9999999984803175e-07,1.0000000000287557e-07,1e-10,separable
2337,20260728,3,4,1.9999999984803175e-07,1.0000000000287557e-07,1e-08,separable
2337,20260728,3,4,1.9999999984803175e-07,1.0000000000287557e-07,1e-06,replaceable
2338,20260728,3,4,1.9999999999784959e-07,9.999999999940612e-08,1e-10,separable
2338,20260728,3,4,1.9999999999784959e-07,9.999999999940612e-08,1e-08,separable
2338,20260728,3,4,1.9999999999784959e-07,9.999999999940612e-08,1e-06,replaceable
2339,20260728,3,4,2.000000000044178e-07,1.0000000000287557e-07,1e-10,separable
2339,20260728,3,4,2.000000000044178e-07,1.0000000000287557e-07,1e-08,separable
2339,20260728,3,4,2.000000000044178e-07,1.0000000000287557e-07,1e-06,replaceable
2460,20260728,5,5,1.9999999997293332e-07,9.999999999940612e-08,1e-10,separable
2460,20260728,5,5,1.9999999997293332e-07,9.999999999940612e-08,1e-08,separable
2460,20260728,5,5,1.9999999997293332e-07,9.999999999940612e-08,1e-06,replaceable
2461,20260728,5,5,1.9999999991099859e-07,9.999999999940612e-08,1e-10,separable
2461,20260728,5,5,1.9999999991099859e-07,9.999999999940612e-08,1e-08,separable
2461,20260728,5,5,1.9999999991099859e-07,9.999999999940612e-08,1e-06,replaceable
2462,20260728,5,5,2.0000000003806888e-07,9.999999999940612e-08,1e-10,separable
2462,20260728,5,5,2.0000000003806888e-07,9.999999999940612e-08,1e-08,separable
2462,20260728,5,5,2.0000000003806888e-07,9.999999999940612e-08,1e-06,replaceable
2463,20260728,5,5,1.9999999997889204e-07,9.999999999940612e-08,1e-10,separable
2463,20260728,5,5,1.9999999997889204e-07,9.999999999940612e-08,1e-08,separable
2463,20260728,5,5,1.9999999997889204e-07,9.999999999940612e-08,1e-06,replaceable
2464,20260728,5,5,2.000000000040164e-07,9.999999999940612e-08,1e-10,separable
2464,20260728,5,5,2.000000000040164e-07,9.999999999940612e-08,1e-08,separable
2464,20260728,5,5,2.000000000040164e-07,9.999999999940612e-08,1e-06,replaceable
2465,20260728,5,5,2.0000000046234123e-07,9.999999999940612e-08,1e-10,separable
2465,20260728,5,5,2.0000000046234123e-07,9.999999999940612e-08,1e-08,separable
2465,20260728,5,5,2.0000000046234123e-07,9.999999999940612e-08,1e-06,replaceable
2466,20260728,5,5,2.0000000005165307e-07,9.999999999940612e-08,1e-10,separable
2466,20260728,5,5,2.0000000005165307e-07,9.999999999940612e-08,1e-08,separable
2466,20260728,5,5,2.0000000005165307e-07,9.999999999940612e-08,1e-06,replaceable
2467,20260728,5,5,2.0000000009151602e-07,9.999999999940612e-08,1e-10,separable
2467,20260728,5,5,2.0000000009151602e-07,9.999999999940612e-08,1e-08,separable
2467,20260728,5,5,2.0000000009151602e-07,9.999999999940612e-08,1e-06,replaceable
2468,20260728,5,5,1.9999999997932423e-07,9.999999999940612e-08,1e-10,separable
2468,20260728,5,5,1.9999999997932423e-07,9.999999999940612e-08,1e-08,separable
2468,20260728,5,5,1.9999999997932423e-07,9.999999999940612e-08,1e-06,replaceable
2469,20260728,5,5,1.999999999854191e-07,9.999999999940612e-08,1e-10,separable
2469,20260728,5,5,1.999999999854191e-07,9.999999999940612e-08,1e-08,separable
2469,20260728,5,5,1.999999999854191e-07,9.999999999940612e-08,1e-06,replaceable
2470,20260728,5,5,1.9999999995327792e-07,9.999999999940612e-08,1e-10,separable
2470,20260728,5,5,1.9999999995327792e-07,9.999999999940612e-08,1e-08,separable
2470,20260728,5,5,1.9999999995327792e-07,9.999999999940612e-08,1e-06,replaceable
2471,20260728,5,5,1.999999999804286e-07,9.999999999940612e-08,1e-10,separable
2471,20260728,5,5,1.999999999804286e-07,9.999999999940612e-08,1e-08,separable
2471,20260728,5,5,1.999999999804286e-07,9.999999999940612e-08,1e-06,replaceable
2472,20260728,5,5,1.9999999999881224e-07,9.999999999940612e-08,1e-10,separable
2472,20260728,5,5,1.9999999999881224e-07,9.999999999940612e-08,1e-08,separable
2472,20260728,5,5,1.9999999999881224e-07,9.999999999940612e-08,1e-06,replaceable
2473,20260728,5,5,1.999999999978506e-07,9.999999999940612e-08,1e-10,separable
2473,20260728,5,5,1.999999999978506e-07,9.999999999940612e-08,1e-08,separable
2473,20260728,5,5,1.999999999978506e-07,9.999999999940612e-08,1e-06,replaceable
2474,20260728,5,5,2.000000000661566e-07,9.999999999940612e-08,1e-10,separable
2474,20260728,5,5,2.000000000661566e-07,9.999999999940612e-08,1e-08,separable
2474,20260728,5,5,2.000000000661566e-07,9.999999999940612e-08,1e-06,replaceable
2475,20260728,5,5,2.0000000001118458e-07,9.999999999940612e-08,1e-10,separable
2475,20260728,5,5,2.0000000001118458e-07,9.999999999940612e-08,1e-08,separable
2475,20260728,5,5,2.0000000001118458e-07,9.999999999940612e-08,1e-06,replaceable
2476,20260728,5,5,2.0000000021865096e-07,9.999999999940612e-08,1e-10,separable
2476,20260728,5,5,2.0000000021865096e-07,9.999999999940612e-08,1e-08,separable
2476,20260728,5,5,2.0000000021865096e-07,9.999999999940612e-08,1e-06,replaceable
2477,20260728,5,5,1.9999999996567054e-07,9.999999999940612e-08,1e-10,separable
2477,20260728,5,5,1.9999999996567054e-07,9.999999999940612e-08,1e-08,separable
2477,20260728,5,5,1.9999999996567054e-07,9.999999999940612e-08,1e-06,replaceable
2478,20260728,5,5,1.9999999992358002e-07,9.999999999940612e-08,1e-10,separable
2478,20260728,5,5,1.9999999992358002e-07,9.999999999940612e-08,1e-08,separable
2478,20260728,5,5,1.9999999992358002e-07,9.999999999940612e-08,1e-06,replaceable
2479,20260728,5,5,2.0000000000228169e-07,9.999999999940612e-08,1e-10,separable
2479,20260728,5,5,2.0000000000228169e-07,9.999999999940612e-08,1e-08,separable
2479,20260728,5,5,2.0000000000228169e-07,9.999999999940612e-08,1e-06,replaceable
2480,20260728,5,5,1.9999999999095352e-07,9.999999999940612e-08,1e-10,separable
2480,20260728,5,5,1.9999999999095352e-07,9.999999999940612e-08,1e-08,separable
2480,20260728,5,5,1.9999999999095352e-07,9.999999999940612e-08,1e-06,replaceable
2481,20260728,5,5,2.0000000000228169e-07,9.999999999940612e-08,1e-10,separable
2481,20260728,5,5,2.0000000000228169e-07,9.999999999940612e-08,1e-08,separable
2481,20260728,5,5,2.0000000000228169e-07,9.999999999940612e-08,1e-06,replaceable
2482,20260728,5,5,2.0000000000692623e-07,9.999999999940612e-08,1e-10,separable
2482,20260728,5,5,2.0000000000692623e-07,9.999999999940612e-08,1e-08,separable
2482,20260728,5,5,2.0000000000692623e-07,9.999999999940612e-08,1e-06,replaceable
2483,20260728,5,5,2.0000000000336388e-07,9.999999999940612e-08,1e-10,separable
2483,20260728,5,5,2.0000000000336388e-07,9.999999999940612e-08,1e-08,separable
2483,20260728,5,5,2.0000000000336388e-07,9.999999999940612e-08,1e-06,replaceable
2484,20260728,5,5,2.0000000003910634e-07,9.999999999940612e-08,1e-10,separable
2484,20260728,5,5,2.0000000003910634e-07,9.999999999940612e-08,1e-08,separable
2484,20260728,5,5,2.0000000003910634e-07,9.999999999940612e-08,1e-06,replaceable
2485,20260728,5,5,2.0000000001424513e-07,1.0000000000287557e-07,1e-10,separable
2485,20260728,5,5,2.0000000001424513e-07,1.0000000000287557e-07,1e-08,separable
2485,20260728,5,5,2.0000000001424513e-07,1.0000000000287557e-07,1e-06,replaceable
2486,20260728,5,5,2.000000001538361e-07,9.999999999940612e-08,1e-10,separable
2486,20260728,5,5,2.000000001538361e-07,9.999999999940612e-08,1e-08,separable
2486,20260728,5,5,2.000000001538361e-07,9.999999999940612e-08,1e-06,replaceable
2487,20260728,5,5,2.000000000270224e-07,9.999999999940612e-08,1e-10,separable
2487,20260728,5,5,2.000000000270224e-07,9.999999999940612e-08,1e-08,separable
2487,20260728,5,5,2.000000000270224e-07,9.999999999940612e-08,1e-06,replaceable
2488,20260728,5,5,2.0000000000772755e-07,9.999999999940612e-08,1e-10,separable
2488,20260728,5,5,2.0000000000772755e-07,9.999999999940612e-08,1e-08,separable
2488,20260728,5,5,2.0000000000772755e-07,9.999999999940612e-08,1e-06,replaceable
2489,20260728,5,5,2.0000000000177447e-07,9.999999999940612e-08,1e-10,separable
2489,20260728,5,5,2.0000000000177447e-07,9.999999999940612e-08,1e-08,separable
2489,20260728,5,5,2.0000000000177447e-07,9.999999999940612e-08,1e-06,replaceable
2490,20260728,5,5,1.9999999996393703e-07,9.999999999940612e-08,1e-10,separable
2490,20260728,5,5,1.9999999996393703e-07,9.999999999940612e-08,1e-08,separable
2490,20260728,5,5,1.9999999996393703e-07,9.999999999940612e-08,1e-06,replaceable
2491,20260728,5,5,2.0000000002556593e-07,9.999999999940612e-08,1e-10,separable
2491,20260728,5,5,2.0000000002556593e-07,9.999999999940612e-08,1e-08,separable
2491,20260728,5,5,2.0000000002556593e-07,9.999999999940612e-08,1e-06,replaceable
2492,20260728,5,5,1.9999999994344577e-07,9.999999999940612e-08,1e-10,separable
2492,20260728,5,5,1.9999999994344577e-07,9.999999999940612e-08,1e-08,separable
2492,20260728,5,5,1.9999999994344577e-07,9.999999999940612e-08,1e-06,replaceable
2493,20260728,5,5,1.9999999990160436e-07,9.999999999940612e-08,1e-10,separable
2493,20260728,5,5,1.9999999990160436e-07,9.999999999940612e-08,1e-08,separable
2493,20260728,5,5,1.9999999990160436e-07,9.999999999940612e-08,1e-06,replaceable
2494,20260728,5,5,1.9999999996602103e-07,9.999999999940612e-08,1e-10,separable
2494,20260728,5,5,1.9999999996602103e-07,9.999999999940612e-08,1e-08,separable
2494,20260728,5,5,1.9999999996602103e-07,9.999999999940612e-08,1e-06,replaceable
2495,20260728,5,5,2.0000000006134556e-07,9.999999999940612e-08,1e-10,separable
2495,20260728,5,5,2.0000000006134556e-07,9.999999999940612e-08,1e-08,separable
2495,20260728,5,5,2.0000000006134556e-07,9.999999999940612e-08,1e-06,replaceable
2496,20260728,5,5,2.0000000004171965e-07,9.999999999940612e-08,1e-10,separable
2496,20260728,5,5,2.0000000004171965e-07,9.999999999940612e-08,1e-08,separable
2496,20260728,5,5,2.0000000004171965e-07,9.999999999940612e-08,1e-06,replaceable
2497,20260728,5,5,2.000000000410919e-07,9.999999999940612e-08,1e-10,separable
2497,20260728,5,5,2.000000000410919e-07,9.999999999940612e-08,1e-08,separable
2497,20260728,5,5,2.000000000410919e-07,9.999999999940612e-08,1e-06,replaceable
2498,20260728,5,5,2.0000000001955507e-07,1.0000000000287557e-07,1e-10,separable
2498,20260728,5,5,2.0000000001955507e-07,1.0000000000287557e-07,1e-08,separable
2498,20260728,5,5,2.0000000001955507e-07,1.0000000000287557e-07,1e-06,replaceable
2499,20260728,5,5,1.9999999988888759e-07,9.999999999940612e-08,1e-10,separable
2499,20260728,5,5,1.9999999988888759e-07,9.999999999940612e-08,1e-08,separable
2499,20260728,5,5,1.9999999988888759e-07,9.999999999940612e-08,1e-06,replaceable
2500,20260728,5,5,2.0000000000228169e-07,9.999999999940612e-08,1e-10,separable
2500,20260728,5,5,2.0000000000228169e-07,9.999999999940612e-08,1e-08,separable
2500,20260728,5,5,2.0000000000228169e-07,9.999999999940612e-08,1e-06,replaceable
2501,20260728,5,5,1.9999999997965198e-07,9.999999999940612e-08,1e-10,separable
2501,20260728,5,5,1.9999999997965198e-07,9.999999999940612e-08,1e-08,separable
2501,20260728,5,5,1.9999999997965198e-07,9.999999999940612e-08,1e-06,replaceable
2502,20260728,5,5,1.9999999996142386e-07,9.999999999940612e-08,1e-10,separable
2502,20260728,5,5,1.9999999996142386e-07,9.999999999940612e-08,1e-08,separable
2502,20260728,5,5,1.9999999996142386e-07,9.999999999940612e-08,1e-06,replaceable
2503,20260728,5,5,2.0000000000726145e-07,9.999999999940612e-08,1e-10,separable
2503,20260728,5,5,2.0000000000726145e-07,9.999999999940612e-08,1e-08,separable
2503,20260728,5,5,2.0000000000726145e-07,9.999999999940612e-08,1e-06,replaceable
2504,20260728,5,5,1.9999999990152098e-07,9.999999999940612e-08,1e-10,separable
2504,20260728,5,5,1.9999999990152098e-07,9.999999999940612e-08,1e-08,separable
2504,20260728,5,5,1.9999999990152098e-07,9.999999999940612e-08,1e-06,replaceable
2505,20260728,5,5,1.9999999994695614e-07,9.999999999940612e-08,1e-10,separable
2505,20260728,5,5,1.9999999994695614e-07,9.999999999940612e-08,1e-08,separable
2505,20260728,5,5,1.9999999994695614e-07,9.999999999940612e-08,1e-06,replaceable
2506,20260728,5,5,2.0000000013636232e-07,9.999999999940612e-08,1e-10,separable
2506,20260728,5,5,2.0000000013636232e-07,9.999999999940612e-08,1e-08,separable
2506,20260728,5,5,2.0000000013636232e-07,9.999999999940612e-08,1e-06,replaceable
2507,20260728,5,5,1.9999999986148882e-07,9.999999999940612e-08,1e-10,separable
2507,20260728,5,5,1.9999999986148882e-07,9.999999999940612e-08,1e-08,separable
2507,20260728,5,5,1.9999999986148882e-07,9.999999999940612e-08,1e-06,replaceable
2508,20260728,5,5,2.0000000000072775e-07,9.999999999940612e-08,1e-10,separable
2508,20260728,5,5,2.0000000000072775e-07,9.999999999940612e-08,1e-08,separable
2508,20260728,5,5,2.0000000000072775e-07,9.999999999940612e-08,1e-06,replaceable
2509,20260728,5,5,2.0000000000228169e-07,9.999999999940612e-08,1e-10,separable
2509,20260728,5,5,2.0000000000228169e-07,9.999999999940612e-08,1e-08,separable
2509,20260728,5,5,2.0000000000228169e-07,9.999999999940612e-08,1e-06,replaceable
2510,20260728,5,5,2.00000000322365e-07,9.999999999940612e-08,1e-10,separable
2510,20260728,5,5,2.00000000322365e-07,9.999999999940612e-08,1e-08,separable
2510,20260728,5,5,2.00000000322365e-07,9.999999999940612e-08,1e-06,replaceable
2511,20260728,5,5,1.9999999994751177e-07,9.999999999940612e-08,1e-10,separable
2511,20260728,5,5,1.9999999994751177e-07,9.999999999940612e-08,1e-08,separable
2511,20260728,5,5,1.9999999994751177e-07,9.999999999940612e-08,1e-06,replaceable
2512,20260728,5,5,2.000000000020137e-07,9.999999999940612e-08,1e-10,separable
2512,20260728,5,5,2.000000000020137e-07,9.999999999940612e-08,1e-08,separable
2512,20260728,5,5,2.000000000020137e-07,9.999999999940612e-08,1e-06,replaceable
2513,20260728,5,5,2.0000000000382982e-07,9.999999999940612e-08,1e-10,separable
2513,20260728,5,5,2.0000000000382982e-07,9.999999999940612e-08,1e-08,separable
2513,20260728,5,5,2.0000000000382982e-07,9.999999999940612e-08,1e-06,replaceable
2514,20260728,5,5,2.0000000004347888e-07,9.999999999940612e-08,1e-10,separable
2514,20260728,5,5,2.0000000004347888e-07,9.999999999940612e-08,1e-08,separable
2514,20260728,5,5,2.0000000004347888e-07,9.999999999940612e-08,1e-06,replaceable
2515,20260728,5,5,2.000000000130308e-07,9.999999999940612e-08,1e-10,separable
2515,20260728,5,5,2.000000000130308e-07,9.999999999940612e-08,1e-08,separable
2515,20260728,5,5,2.000000000130308e-07,9.999999999940612e-08,1e-06,replaceable
2516,20260728,5,5,1.9999999998191928e-07,9.999999999940612e-08,1e-10,separable
2516,20260728,5,5,1.9999999998191928e-07,9.999999999940612e-08,1e-08,separable
2516,20260728,5,5,1.9999999998191928e-07,9.999999999940612e-08,1e-06,replaceable
2517,20260728,5,5,1.9999999996356746e-07,9.999999999940612e-08,1e-10,separable
2517,20260728,5,5,1.9999999996356746e-07,9.999999999940612e-08,1e-08,separable
2517,20260728,5,5,1.9999999996356746e-07,9.999999999940612e-08,1e-06,replaceable
2518,20260728,5,5,2.0000000001396735e-07,9.999999999940612e-08,1e-10,separable
2518,20260728,5,5,2.0000000001396735e-07,9.999999999940612e-08,1e-08,separable
2518,20260728,5,5,2.0000000001396735e-07,9.999999999940612e-08,1e-06,replaceable
2519,20260728,5,5,1.99999999930043e-07,9.999999999940612e-08,1e-10,separable
2519,20260728,5,5,1.99999999930043e-07,9.999999999940612e-08,1e-08,separable
2519,20260728,5,5,1.99999999930043e-07,9.999999999940612e-08,1e-06,replaceable
2640,20260728,10,8,1.9999999996673372e-07,9.999999999940612e-08,1e-10,separable
2640,20260728,10,8,1.9999999996673372e-07,9.999999999940612e-08,1e-08,separable
2640,20260728,10,8,1.9999999996673372e-07,9.999999999940612e-08,1e-06,replaceable
2641,20260728,10,8,1.999999999988122e-07,9.999999999940612e-08,1e-10,separable
2641,20260728,10,8,1.999999999988122e-07,9.999999999940612e-08,1e-08,separable
2641,20260728,10,8,1.999999999988122e-07,9.999999999940612e-08,1e-06,replaceable
2642,20260728,10,8,2.0000000002816905e-07,9.999999999940612e-08,1e-10,separable
2642,20260728,10,8,2.0000000002816905e-07,9.999999999940612e-08,1e-08,separable
2642,20260728,10,8,2.0000000002816905e-07,9.999999999940612e-08,1e-06,replaceable
2643,20260728,10,8,1.9999999999714766e-07,9.999999999940612e-08,1e-10,separable
2643,20260728,10,8,1.9999999999714766e-07,9.999999999940612e-08,1e-08,separable
2643,20260728,10,8,1.9999999999714766e-07,9.999999999940612e-08,1e-06,replaceable
2644,20260728,10,8,2.0000000001752844e-07,9.999999999940612e-08,1e-10,separable
2644,20260728,10,8,2.0000000001752844e-07,9.999999999940612e-08,1e-08,separable
2644,20260728,10,8,2.0000000001752844e-07,9.999999999940612e-08,1e-06,replaceable
2645,20260728,10,8,2.000000000074965e-07,9.999999999940612e-08,1e-10,separable
2645,20260728,10,8,2.000000000074965e-07,9.999999999940612e-08,1e-08,separable
2645,20260728,10,8,2.000000000074965e-07,9.999999999940612e-08,1e-06,replaceable
2646,20260728,10,8,1.999999999910523e-07,9.999999999940612e-08,1e-10,separable
2646,20260728,10,8,1.999999999910523e-07,9.999999999940612e-08,1e-08,separable
2646,20260728,10,8,1.999999999910523e-07,9.999999999940612e-08,1e-06,replaceable
2647,20260728,10,8,2.0000000000096002e-07,9.999999999940612e-08,1e-10,separable
2647,20260728,10,8,2.0000000000096002e-07,9.999999999940612e-08,1e-08,separable
2647,20260728,10,8,2.0000000000096002e-07,9.999999999940612e-08,1e-06,replaceable
2648,20260728,10,8,2.0000000004083958e-07,9.999999999940612e-08,1e-10,separable
2648,20260728,10,8,2.0000000004083958e-07,9.999999999940612e-08,1e-08,separable
2648,20260728,10,8,2.0000000004083958e-07,9.999999999940612e-08,1e-06,replaceable
2649,20260728,10,8,2.0000000000345499e-07,9.999999999940612e-08,1e-10,separable
2649,20260728,10,8,2.0000000000345499e-07,9.999999999940612e-08,1e-08,separable
2649,20260728,10,8,2.0000000000345499e-07,9.999999999940612e-08,1e-06,replaceable
2650,20260728,10,8,2.0000000000294e-07,9.999999999940612e-08,1e-10,separable
2650,20260728,10,8,2.0000000000294e-07,9.999999999940612e-08,1e-08,separable
2650,20260728,10,8,2.0000000000294e-07,9.999999999940612e-08,1e-06,replaceable
2651,20260728,10,8,1.9999999999746906e-07,9.999999999940612e-08,1e-10,separable
2651,20260728,10,8,1.9999999999746906e-07,9.999999999940612e-08,1e-08,separable
2651,20260728,10,8,1.9999999999746906e-07,9.999999999940612e-08,1e-06,replaceable
2652,20260728,10,8,1.9999999999529673e-07,9.999999999940612e-08,1e-10,separable
2652,20260728,10,8,1.9999999999529673e-07,9.999999999940612e-08,1e-08,separable
2652,20260728,10,8,1.9999999999529673e-07,9.999999999940612e-08,1e-06,replaceable
2653,20260728,10,8,1.9999999999881224e-07,9.999999999940612e-08,1e-10,separable
2653,20260728,10,8,1.9999999999881224e-07,9.999999999940612e-08,1e-08,separable
2653,20260728,10,8,1.9999999999881224e-07,9.999999999940612e-08,1e-06,replaceable
2654,20260728,10,8,2.0000000000507e-07,9.999999999940612e-08,1e-10,separable
2654,20260728,10,8,2.0000000000507e-07,9.999999999940612e-08,1e-08,separable
2654,20260728,10,8,2.0000000000507e-07,9.999999999940612e-08,1e-06,replaceable
2655,20260728,10,8,1.999999999988123e-07,9.999999999940612e-08,1e-10,separable
2655,20260728,10,8,1.999999999988123e-07,9.999999999940612e-08,1e-08,separable
2655,20260728,10,8,1.999999999988123e-07,9.999999999940612e-08,1e-06,replaceable
2656,20260728,10,8,1.999999999957455e-07,9.999999999940612e-08,1e-10,separable
2656,20260728,10,8,1.999999999957455e-07,9.999999999940612e-08,1e-08,separable
2656,20260728,10,8,1.999999999957455e-07,9.999999999940612e-08,1e-06,replaceable
2657,20260728,10,8,2.0000000000260038e-07,9.999999999940612e-08,1e-10,separable
2657,20260728,10,8,2.0000000000260038e-07,9.999999999940612e-08,1e-08,separable
2657,20260728,10,8,2.0000000000260038e-07,9.999999999940612e-08,1e-06,replaceable
2658,20260728,10,8,2.000000000008961e-07,9.999999999940612e-08,1e-10,separable
2658,20260728,10,8,2.000000000008961e-07,9.999999999940612e-08,1e-08,separable
2658,20260728,10,8,2.000000000008961e-07,9.999999999940612e-08,1e-06,replaceable
2659,20260728,10,8,2.0000000000990556e-07,9.999999999940612e-08,1e-10,separable
2659,20260728,10,8,2.0000000000990556e-07,9.999999999940612e-08,1e-08,separable
2659,20260728,10,8,2.0000000000990556e-07,9.999999999940612e-08,1e-06,replaceable
2660,20260728,10,8,1.999999999860984e-07,9.999999999940612e-08,1e-10,separable
2660,20260728,10,8,1.999999999860984e-07,9.999999999940612e-08,1e-08,separable
2660,20260728,10,8,1.999999999860984e-07,9.999999999940612e-08,1e-06,replaceable
2661,20260728,10,8,2.0000000001541692e-07,9.999999999940612e-08,1e-10,separable
2661,20260728,10,8,2.0000000001541692e-07,9.999999999940612e-08,1e-08,separable
2661,20260728,10,8,2.0000000001541692e-07,9.999999999940612e-08,1e-06,replaceable
2662,20260728,10,8,2.0000000000094406e-07,9.999999999940612e-08,1e-10,separable
2662,20260728,10,8,2.0000000000094406e-07,9.999999999940612e-08,1e-08,separable
2662,20260728,10,8,2.0000000000094406e-07,9.999999999940612e-08,1e-06,replaceable
2663,20260728,10,8,1.9999999956545345e-07,9.999999999940612e-08,1e-10,separable
2663,20260728,10,8,1.9999999956545345e-07,9.999999999940612e-08,1e-08,separable
2663,20260728,10,8,1.9999999956545345e-07,9.999999999940612e-08,1e-06,replaceable
2664,20260728,10,8,2.0000000001204136e-07,9.999999999940612e-08,1e-10,separable
2664,20260728,10,8,2.0000000001204136e-07,9.999999999940612e-08,1e-08,separable
2664,20260728,10,8,2.0000000001204136e-07,9.999999999940612e-08,1e-06,replaceable
2665,20260728,10,8,1.9999999998201282e-07,9.999999999940612e-08,1e-10,separable
2665,20260728,10,8,1.9999999998201282e-07,9.999999999940612e-08,1e-08,separable
2665,20260728,10,8,1.9999999998201282e-07,9.999999999940612e-08,1e-06,replaceable
2666,20260728,10,8,2.0000000000228169e-07,9.999999999940612e-08,1e-10,separable
2666,20260728,10,8,2.0000000000228169e-07,9.999999999940612e-08,1e-08,separable
2666,20260728,10,8,2.0000000000228169e-07,9.999999999940612e-08,1e-06,replaceable
2667,20260728,10,8,2.0000000000406136e-07,9.999999999940612e-08,1e-10,separable
2667,20260728,10,8,2.0000000000406136e-07,9.999999999940612e-08,1e-08,separable
2667,20260728,10,8,2.0000000000406136e-07,9.999999999940612e-08,1e-06,replaceable
2668,20260728,10,8,2.000000000268945e-07,9.999999999940612e-08,1e-10,separable
2668,20260728,10,8,2.000000000268945e-07,9.999999999940612e-08,1e-08,separable
2668,20260728,10,8,2.000000000268945e-07,9.999999999940612e-08,1e-06,replaceable
2669,20260728,10,8,2.0000000000262394e-07,9.999999999940612e-08,1e-10,separable
2669,20260728,10,8,2.0000000000262394e-07,9.999999999940612e-08,1e-08,separable
2669,20260728,10,8,2.0000000000262394e-07,9.999999999940612e-08,1e-06,replaceable
2670,20260728,10,8,2.000000000033196e-07,9.999999999940612e-08,1e-10,separable
2670,20260728,10,8,2.000000000033196e-07,9.999999999940612e-08,1e-08,separable
2670,20260728,10,8,2.000000000033196e-07,9.999999999940612e-08,1e-06,replaceable
2671,20260728,10,8,2.0000000000852813e-07,9.999999999940612e-08,1e-10,separable
2671,20260728,10,8,2.0000000000852813e-07,9.999999999940612e-08,1e-08,separable
2671,20260728,10,8,2.0000000000852813e-07,9.999999999940612e-08,1e-06,replaceable
2672,20260728,10,8,1.9999999999881224e-07,9.999999999940612e-08,1e-10,separable
2672,20260728,10,8,1.9999999999881224e-07,9.999999999940612e-08,1e-08,separable
2672,20260728,10,8,1.9999999999881224e-07,9.999999999940612e-08,1e-06,replaceable
2673,20260728,10,8,1.9999999999881224e-07,9.999999999940612e-08,1e-10,separable
2673,20260728,10,8,1.9999999999881224e-07,9.999999999940612e-08,1e-08,separable
2673,20260728,10,8,1.9999999999881224e-07,9.999999999940612e-08,1e-06,replaceable
2674,20260728,10,8,2.0000000001694187e-07,9.999999999940612e-08,1e-10,separable
2674,20260728,10,8,2.0000000001694187e-07,9.999999999940612e-08,1e-08,separable
2674,20260728,10,8,2.0000000001694187e-07,9.999999999940612e-08,1e-06,replaceable
2675,20260728,10,8,2.0000000000054696e-07,9.999999999940612e-08,1e-10,separable
2675,20260728,10,8,2.0000000000054696e-07,9.999999999940612e-08,1e-08,separable
2675,20260728,10,8,2.0000000000054696e-07,9.999999999940612e-08,1e-06,replaceable
2676,20260728,10,8,1.9999999999979347e-07,9.999999999940612e-08,1e-10,separable
2676,20260728,10,8,1.9999999999979347e-07,9.999999999940612e-08,1e-08,separable
2676,20260728,10,8,1.9999999999979347e-07,9.999999999940612e-08,1e-06,replaceable
2677,20260728,10,8,2.0000000000510014e-07,9.999999999940612e-08,1e-10,separable
2677,20260728,10,8,2.0000000000510014e-07,9.999999999940612e-08,1e-08,separable
2677,20260728,10,8,2.0000000000510014e-07,9.999999999940612e-08,1e-06,replaceable
2678,20260728,10,8,2.0000000003539668e-07,9.999999999940612e-08,1e-10,separable
2678,20260728,10,8,2.0000000003539668e-07,9.999999999940612e-08,1e-08,separable
2678,20260728,10,8,2.0000000003539668e-07,9.999999999940612e-08,1e-06,replaceable
2679,20260728,10,8,1.9999999999650765e-07,9.999999999940612e-08,1e-10,separable
2679,20260728,10,8,1.9999999999650765e-07,9.999999999940612e-08,1e-08,separable
2679,20260728,10,8,1.9999999999650765e-07,9.999999999940612e-08,1e-06,replaceable
2680,20260728,10,8,2.0000000000091084e-07,9.999999999940612e-08,1e-10,separable
2680,20260728,10,8,2.0000000000091084e-07,9.999999999940612e-08,1e-08,separable
2680,20260728,10,8,2.0000000000091084e-07,9.999999999940612e-08,1e-06,replaceable
2681,20260728,10,8,1.9999999989693067e-07,9.999999999940612e-08,1e-10,separable
2681,20260728,10,8,1.9999999989693067e-07,9.999999999940612e-08,1e-08,separable
2681,20260728,10,8,1.9999999989693067e-07,9.999999999940612e-08,1e-06,replaceable
2682,20260728,10,8,1.999999999949979e-07,9.999999999940612e-08,1e-10,separable
2682,20260728,10,8,1.999999999949979e-07,9.999999999940612e-08,1e-08,separable
2682,20260728,10,8,1.999999999949979e-07,9.999999999940612e-08,1e-06,replaceable
2683,20260728,10,8,1.9999999999881227e-07,9.999999999940612e-08,1e-10,separable
2683,20260728,10,8,1.9999999999881227e-07,9.999999999940612e-08,1e-08,separable
2683,20260728,10,8,1.9999999999881227e-07,9.999999999940612e-08,1e-06,replaceable
2684,20260728,10,8,1.999999999883477e-07,9.999999999940612e-08,1e-10,separable
2684,20260728,10,8,1.999999999883477e-07,9.999999999940612e-08,1e-08,separable
2684,20260728,10,8,1.999999999883477e-07,9.999999999940612e-08,1e-06,replaceable
2685,20260728,10,8,1.9999999997928988e-07,9.999999999940612e-08,1e-10,separable
2685,20260728,10,8,1.9999999997928988e-07,9.999999999940612e-08,1e-08,separable
2685,20260728,10,8,1.9999999997928988e-07,9.999999999940612e-08,1e-06,replaceable
2686,20260728,10,8,2.0000000000318764e-07,9.999999999940612e-08,1e-10,separable
2686,20260728,10,8,2.0000000000318764e-07,9.999999999940612e-08,1e-08,separable
2686,20260728,10,8,2.0000000000318764e-07,9.999999999940612e-08,1e-06,replaceable
2687,20260728,10,8,1.9999999995526596e-07,9.999999999940612e-08,1e-10,separable
2687,20260728,10,8,1.9999999995526596e-07,9.999999999940612e-08,1e-08,separable
2687,20260728,10,8,1.9999999995526596e-07,9.999999999940612e-08,1e-06,replaceable
2688,20260728,10,8,1.9999999995510523e-07,9.999999999940612e-08,1e-10,separable
2688,20260728,10,8,1.9999999995510523e-07,9.999999999940612e-08,1e-08,separable
2688,20260728,10,8,1.9999999995510523e-07,9.999999999940612e-08,1e-06,replaceable
2689,20260728,10,8,1.9999999993993162e-07,9.999999999940612e-08,1e-10,separable
2689,20260728,10,8,1.9999999993993162e-07,9.999999999940612e-08,1e-08,separable
2689,20260728,10,8,1.9999999993993162e-07,9.999999999940612e-08,1e-06,replaceable
2690,20260728,10,8,1.999999999917889e-07,9.999999999940612e-08,1e-10,separable
2690,20260728,10,8,1.999999999917889e-07,9.999999999940612e-08,1e-08,separable
2690,20260728,10,8,1.999999999917889e-07,9.999999999940612e-08,1e-06,replaceable
2691,20260728,10,8,2.000000000060215e-07,9.999999999940612e-08,1e-10,separable
2691,20260728,10,8,2.000000000060215e-07,9.999999999940612e-08,1e-08,separable
2691,20260728,10,8,2.000000000060215e-07,9.999999999940612e-08,1e-06,replaceable
2692,20260728,10,8,1.9999999999530282e-07,9.999999999940612e-08,1e-10,separable
2692,20260728,10,8,1.9999999999530282e-07,9.999999999940612e-08,1e-08,separable
2692,20260728,10,8,1.9999999999530282e-07,9.999999999940612e-08,1e-06,replaceable
2693,20260728,10,8,1.9999999999078922e-07,9.999999999940612e-08,1e-10,separable
2693,20260728,10,8,1.9999999999078922e-07,9.999999999940612e-08,1e-08,separable
2693,20260728,10,8,1.9999999999078922e-07,9.999999999940612e-08,1e-06,replaceable
2694,20260728,10,8,1.9999999998965745e-07,9.999999999940612e-08,1e-10,separable
2694,20260728,10,8,1.9999999998965745e-07,9.999999999940612e-08,1e-08,separable
2694,20260728,10,8,1.9999999998965745e-07,9.999999999940612e-08,1e-06,replaceable
2695,20260728,10,8,2.0000000000228169e-07,9.999999999940612e-08,1e-10,separable
2695,20260728,10,8,2.0000000000228169e-07,9.999999999940612e-08,1e-08,separable
2695,20260728,10,8,2.0000000000228169e-07,9.999999999940612e-08,1e-06,replaceable
2696,20260728,10,8,1.999999999826787e-07,9.999999999940612e-08,1e-10,separable
2696,20260728,10,8,1.999999999826787e-07,9.999999999940612e-08,1e-08,separable
2696,20260728,10,8,1.999999999826787e-07,9.999999999940612e-08,1e-06,replaceable
2697,20260728,10,8,2.00000000005946e-07,9.999999999940612e-08,1e-10,separable
2697,20260728,10,8,2.00000000005946e-07,9.999999999940612e-08,1e-08,separable
2697,20260728,10,8,2.00000000005946e-07,9.999999999940612e-08,1e-06,replaceable
2698,20260728,10,8,2.000000000006924e-07,9.999999999940612e-08,1e-10,separable
2698,20260728,10,8,2.000000000006924e-07,9.999999999940612e-08,1e-08,separable
2698,20260728,10,8,2.000000000006924e-07,9.999999999940612e-08,1e-06,replaceable
2699,20260728,10,8,2.0000000000545094e-07,9.999999999940612e-08,1e-10,separable
2699,20260728,10,8,2.0000000000545094e-07,9.999999999940612e-08,1e-08,separable
2699,20260728,10,8,2.0000000000545094e-07,9.999999999940612e-08,1e-06,replaceable
2820,20260728,20,12,1.9999999996567218e-07,9.999999999940612e-08,1e-10,separable
2820,20260728,20,12,1.9999999996567218e-07,9.999999999940612e-08,1e-08,separable
2820,20260728,20,12,1.9999999996567218e-07,9.999999999940612e-08,1e-06,replaceable
2821,20260728,20,12,2.000000000017756e-07,9.999999999940612e-08,1e-10,separable
2821,20260728,20,12,2.000000000017756e-07,9.999999999940612e-08,1e-08,separable
2821,20260728,20,12,2.000000000017756e-07,9.999999999940612e-08,1e-06,replaceable
2822,20260728,20,12,1.9999999999965686e-07,9.999999999940612e-08,1e-10,separable
2822,20260728,20,12,1.9999999999965686e-07,9.999999999940612e-08,1e-08,separable
2822,20260728,20,12,1.9999999999965686e-07,9.999999999940612e-08,1e-06,replaceable
2823,20260728,20,12,1.9999999999641143e-07,9.999999999940612e-08,1e-10,separable
2823,20260728,20,12,1.9999999999641143e-07,9.999999999940612e-08,1e-08,separable
2823,20260728,20,12,1.9999999999641143e-07,9.999999999940612e-08,1e-06,replaceable
2824,20260728,20,12,1.9999999999809348e-07,9.999999999940612e-08,1e-10,separable
2824,20260728,20,12,1.9999999999809348e-07,9.999999999940612e-08,1e-08,separable
2824,20260728,20,12,1.9999999999809348e-07,9.999999999940612e-08,1e-06,replaceable
2825,20260728,20,12,1.9999999999215496e-07,9.999999999940612e-08,1e-10,separable
2825,20260728,20,12,1.9999999999215496e-07,9.999999999940612e-08,1e-08,separable
2825,20260728,20,12,1.9999999999215496e-07,9.999999999940612e-08,1e-06,replaceable
2826,20260728,20,12,2.0000000000702692e-07,9.999999999940612e-08,1e-10,separable
2826,20260728,20,12,2.0000000000702692e-07,9.999999999940612e-08,1e-08,separable
2826,20260728,20,12,2.0000000000702692e-07,9.999999999940612e-08,1e-06,replaceable
2827,20260728,20,12,2.0000000001533806e-07,9.999999999940612e-08,1e-10,separable
2827,20260728,20,12,2.0000000001533806e-07,9.999999999940612e-08,1e-08,separable
2827,20260728,20,12,2.0000000001533806e-07,9.999999999940612e-08,1e-06,replaceable
2828,20260728,20,12,1.9999999999373597e-07,9.999999999940612e-08,1e-10,separable
2828,20260728,20,12,1.9999999999373597e-07,9.999999999940612e-08,1e-08,separable
2828,20260728,20,12,1.9999999999373597e-07,9.999999999940612e-08,1e-06,replaceable
2829,20260728,20,12,1.9999999999709583e-07,9.999999999940612e-08,1e-10,separable
2829,20260728,20,12,1.9999999999709583e-07,9.999999999940612e-08,1e-08,separable
2829,20260728,20,12,1.9999999999709583e-07,9.999999999940612e-08,1e-06,replaceable
2830,20260728,20,12,1.9999999999687762e-07,9.999999999940612e-08,1e-10,separable
2830,20260728,20,12,1.9999999999687762e-07,9.999999999940612e-08,1e-08,separable
2830,20260728,20,12,1.9999999999687762e-07,9.999999999940612e-08,1e-06,replaceable
2831,20260728,20,12,2.0000000000275237e-07,9.999999999940612e-08,1e-10,separable
2831,20260728,20,12,2.0000000000275237e-07,9.999999999940612e-08,1e-08,separable
2831,20260728,20,12,2.0000000000275237e-07,9.999999999940612e-08,1e-06,replaceable
2832,20260728,20,12,2.0000000000622243e-07,9.999999999940612e-08,1e-10,separable
2832,20260728,20,12,2.0000000000622243e-07,9.999999999940612e-08,1e-08,separable
2832,20260728,20,12,2.0000000000622243e-07,9.999999999940612e-08,1e-06,replaceable
2833,20260728,20,12,2.0000000008359455e-07,9.999999999940612e-08,1e-10,separable
2833,20260728,20,12,2.0000000008359455e-07,9.999999999940612e-08,1e-08,separable
2833,20260728,20,12,2.0000000008359455e-07,9.999999999940612e-08,1e-06,replaceable
2834,20260728,20,12,1.9999999999881224e-07,9.999999999940612e-08,1e-10,separable
2834,20260728,20,12,1.9999999999881224e-07,9.999999999940612e-08,1e-08,separable
2834,20260728,20,12,1.9999999999881224e-07,9.999999999940612e-08,1e-06,replaceable
2835,20260728,20,12,2.000000001407658e-07,9.999999999940612e-08,1e-10,separable
2835,20260728,20,12,2.000000001407658e-07,9.999999999940612e-08,1e-08,separable
2835,20260728,20,12,2.000000001407658e-07,9.999999999940612e-08,1e-06,replaceable
2836,20260728,20,12,1.9999999999187335e-07,9.999999999940612e-08,1e-10,separable
2836,20260728,20,12,1.9999999999187335e-07,9.999999999940612e-08,1e-08,separable
2836,20260728,20,12,1.9999999999187335e-07,9.999999999940612e-08,1e-06,replaceable
2837,20260728,20,12,2.0000000000075462e-07,9.999999999940612e-08,1e-10,separable
2837,20260728,20,12,2.0000000000075462e-07,9.999999999940612e-08,1e-08,separable
2837,20260728,20,12,2.0000000000075462e-07,9.999999999940612e-08,1e-06,replaceable
2838,20260728,20,12,1.9999999999280884e-07,9.999999999940612e-08,1e-10,separable
2838,20260728,20,12,1.9999999999280884e-07,9.999999999940612e-08,1e-08,separable
2838,20260728,20,12,1.9999999999280884e-07,9.999999999940612e-08,1e-06,replaceable
2839,20260728,20,12,1.9999999998341138e-07,9.999999999940612e-08,1e-10,separable
2839,20260728,20,12,1.9999999998341138e-07,9.999999999940612e-08,1e-08,separable
2839,20260728,20,12,1.9999999998341138e-07,9.999999999940612e-08,1e-06,replaceable
2840,20260728,20,12,2.0000000000228169e-07,9.999999999940612e-08,1e-10,separable
2840,20260728,20,12,2.0000000000228169e-07,9.999999999940612e-08,1e-08,separable
2840,20260728,20,12,2.0000000000228169e-07,9.999999999940612e-08,1e-06,replaceable
2841,20260728,20,12,1.9999999999936506e-07,9.999999999940612e-08,1e-10,separable
2841,20260728,20,12,1.9999999999936506e-07,9.999999999940612e-08,1e-08,separable
2841,20260728,20,12,1.9999999999936506e-07,9.999999999940612e-08,1e-06,replaceable
2842,20260728,20,12,2.0000000000918532e-07,9.999999999940612e-08,1e-10,separable
2842,20260728,20,12,2.0000000000918532e-07,9.999999999940612e-08,1e-08,separable
2842,20260728,20,12,2.0000000000918532e-07,9.999999999940612e-08,1e-06,replaceable
2843,20260728,20,12,2.0000000000391696e-07,9.999999999940612e-08,1e-10,separable
2843,20260728,20,12,2.0000000000391696e-07,9.999999999940612e-08,1e-08,separable
2843,20260728,20,12,2.0000000000391696e-07,9.999999999940612e-08,1e-06,replaceable
2844,20260728,20,12,2.0000000000228169e-07,9.999999999940612e-08,1e-10,separable
2844,20260728,20,12,2.0000000000228169e-07,9.999999999940612e-08,1e-08,separable
2844,20260728,20,12,2.0000000000228169e-07,9.999999999940612e-08,1e-06,replaceable
2845,20260728,20,12,1.9999999998213728e-07,9.999999999940612e-08,1e-10,separable
2845,20260728,20,12,1.9999999998213728e-07,9.999999999940612e-08,1e-08,separable
2845,20260728,20,12,1.9999999998213728e-07,9.999999999940612e-08,1e-06,replaceable
2846,20260728,20,12,1.9999999998994447e-07,9.999999999940612e-08,1e-10,separable
2846,20260728,20,12,1.9999999998994447e-07,9.999999999940612e-08,1e-08,separable
2846,20260728,20,12,1.9999999998994447e-07,9.999999999940612e-08,1e-06,replaceable
2847,20260728,20,12,1.9999999999881227e-07,9.999999999940612e-08,1e-10,separable
2847,20260728,20,12,1.9999999999881227e-07,9.999999999940612e-08,1e-08,separable
2847,20260728,20,12,1.9999999999881227e-07,9.999999999940612e-08,1e-06,replaceable
2848,20260728,20,12,1.9999999998607985e-07,9.999999999940612e-08,1e-10,separable
2848,20260728,20,12,1.9999999998607985e-07,9.999999999940612e-08,1e-08,separable
2848,20260728,20,12,1.9999999998607985e-07,9.999999999940612e-08,1e-06,replaceable
2849,20260728,20,12,1.9999999998866801e-07,9.999999999940612e-08,1e-10,separable
2849,20260728,20,12,1.9999999998866801e-07,9.999999999940612e-08,1e-08,separable
2849,20260728,20,12,1.9999999998866801e-07,9.999999999940612e-08,1e-06,replaceable
2850,20260728,20,12,1.9999999990606004e-07,9.999999999940612e-08,1e-10,separable
2850,20260728,20,12,1.9999999990606004e-07,9.999999999940612e-08,1e-08,separable
2850,20260728,20,12,1.9999999990606004e-07,9.999999999940612e-08,1e-06,replaceable
2851,20260728,20,12,2.0000000001924728e-07,9.999999999940612e-08,1e-10,separable
2851,20260728,20,12,2.0000000001924728e-07,9.999999999940612e-08,1e-08,separable
2851,20260728,20,12,2.0000000001924728e-07,9.999999999940612e-08,1e-06,replaceable
2852,20260728,20,12,2.0000000000219402e-07,9.999999999940612e-08,1e-10,separable
2852,20260728,20,12,2.0000000000219402e-07,9.999999999940612e-08,1e-08,separable
2852,20260728,20,12,2.0000000000219402e-07,9.999999999940612e-08,1e-06,replaceable
2853,20260728,20,12,2.0000000001140145e-07,9.999999999940612e-08,1e-10,separable
2853,20260728,20,12,2.0000000001140145e-07,9.999999999940612e-08,1e-08,separable
2853,20260728,20,12,2.0000000001140145e-07,9.999999999940612e-08,1e-06,replaceable
2854,20260728,20,12,2.0000000001053102e-07,9.999999999940612e-08,1e-10,separable
2854,20260728,20,12,2.0000000001053102e-07,9.999999999940612e-08,1e-08,separable
2854,20260728,20,12,2.0000000001053102e-07,9.999999999940612e-08,1e-06,replaceable
2855,20260728,20,12,1.9999999999566194e-07,9.999999999940612e-08,1e-10,separable
2855,20260728,20,12,1.9999999999566194e-07,9.999999999940612e-08,1e-08,separable
2855,20260728,20,12,1.9999999999566194e-07,9.999999999940612e-08,1e-06,replaceable
2856,20260728,20,12,2.000000000156618e-07,9.999999999940612e-08,1e-10,separable
2856,20260728,20,12,2.000000000156618e-07,9.999999999940612e-08,1e-08,separable
2856,20260728,20,12,2.000000000156618e-07,9.999999999940612e-08,1e-06,replaceable
2857,20260728,20,12,1.9999999998888602e-07,9.999999999940612e-08,1e-10,separable
2857,20260728,20,12,1.9999999998888602e-07,9.999999999940612e-08,1e-08,separable
2857,20260728,20,12,1.9999999998888602e-07,9.999999999940612e-08,1e-06,replaceable
2858,20260728,20,12,1.9999999999871446e-07,9.999999999940612e-08,1e-10,separable
2858,20260728,20,12,1.9999999999871446e-07,9.999999999940612e-08,1e-08,separable
2858,20260728,20,12,1.9999999999871446e-07,9.999999999940612e-08,1e-06,replaceable
2859,20260728,20,12,2.00000000002887e-07,9.999999999940612e-08,1e-10,separable
2859,20260728,20,12,2.00000000002887e-07,9.999999999940612e-08,1e-08,separable
2859,20260728,20,12,2.00000000002887e-07,9.999999999940612e-08,1e-06,replaceable
2860,20260728,20,12,2.0000000002024583e-07,9.999999999940612e-08,1e-10,separable
2860,20260728,20,12,2.0000000002024583e-07,9.999999999940612e-08,1e-08,separable
2860,20260728,20,12,2.0000000002024583e-07,9.999999999940612e-08,1e-06,replaceable
2861,20260728,20,12,1.9999999999683174e-07,9.999999999940612e-08,1e-10,separable
2861,20260728,20,12,1.9999999999683174e-07,9.999999999940612e-08,1e-08,separable
2861,20260728,20,12,1.9999999999683174e-07,9.999999999940612e-08,1e-06,replaceable
2862,20260728,20,12,2.0000000000850796e-07,9.999999999940612e-08,1e-10,separable
2862,20260728,20,12,2.0000000000850796e-07,9.999999999940612e-08,1e-08,separable
2862,20260728,20,12,2.0000000000850796e-07,9.999999999940612e-08,1e-06,replaceable
2863,20260728,20,12,1.999999999846372e-07,9.999999999940612e-08,1e-10,separable
2863,20260728,20,12,1.999999999846372e-07,9.999999999940612e-08,1e-08,separable
2863,20260728,20,12,1.999999999846372e-07,9.999999999940612e-08,1e-06,replaceable
2864,20260728,20,12,1.9999999999803122e-07,9.999999999940612e-08,1e-10,separable
2864,20260728,20,12,1.9999999999803122e-07,9.999999999940612e-08,1e-08,separable
2864,20260728,20,12,1.9999999999803122e-07,9.999999999940612e-08,1e-06,replaceable
2865,20260728,20,12,2.0000000000070557e-07,9.999999999940612e-08,1e-10,separable
2865,20260728,20,12,2.0000000000070557e-07,9.999999999940612e-08,1e-08,separable
2865,20260728,20,12,2.0000000000070557e-07,9.999999999940612e-08,1e-06,replaceable
2866,20260728,20,12,2.0000000002280217e-07,9.999999999940612e-08,1e-10,separable
2866,20260728,20,12,2.0000000002280217e-07,9.999999999940612e-08,1e-08,separable
2866,20260728,20,12,2.0000000002280217e-07,9.999999999940612e-08,1e-06,replaceable
2867,20260728,20,12,2.0000000000487202e-07,9.999999999940612e-08,1e-10,separable
2867,20260728,20,12,2.0000000000487202e-07,9.999999999940612e-08,1e-08,separable
2867,20260728,20,12,2.0000000000487202e-07,9.999999999940612e-08,1e-06,replaceable
2868,20260728,20,12,1.9999999998894907e-07,9.999999999940612e-08,1e-10,separable
2868,20260728,20,12,1.9999999998894907e-07,9.999999999940612e-08,1e-08,separable
2868,20260728,20,12,1.9999999998894907e-07,9.999999999940612e-08,1e-06,replaceable
2869,20260728,20,12,1.9999999988794073e-07,9.999999999940612e-08,1e-10,separable
2869,20260728,20,12,1.9999999988794073e-07,9.999999999940612e-08,1e-08,separable
2869,20260728,20,12,1.9999999988794073e-07,9.999999999940612e-08,1e-06,replaceable
2870,20260728,20,12,1.9999999999881224e-07,9.999999999940612e-08,1e-10,separable
2870,20260728,20,12,1.9999999999881224e-07,9.999999999940612e-08,1e-08,separable
2870,20260728,20,12,1.9999999999881224e-07,9.999999999940612e-08,1e-06,replaceable
2871,20260728,20,12,1.9999999996216006e-07,9.999999999940612e-08,1e-10,separable
2871,20260728,20,12,1.9999999996216006e-07,9.999999999940612e-08,1e-08,separable
2871,20260728,20,12,1.9999999996216006e-07,9.999999999940612e-08,1e-06,replaceable
2872,20260728,20,12,2.0000000002288796e-07,9.999999999940612e-08,1e-10,separable
2872,20260728,20,12,2.0000000002288796e-07,9.999999999940612e-08,1e-08,separable
2872,20260728,20,12,2.0000000002288796e-07,9.999999999940612e-08,1e-06,replaceable
2873,20260728,20,12,1.9999999999731378e-07,9.999999999940612e-08,1e-10,separable
2873,20260728,20,12,1.9999999999731378e-07,9.999999999940612e-08,1e-08,separable
2873,20260728,20,12,1.9999999999731378e-07,9.999999999940612e-08,1e-06,replaceable
2874,20260728,20,12,1.999999999771482e-07,9.999999999940612e-08,1e-10,separable
2874,20260728,20,12,1.999999999771482e-07,9.999999999940612e-08,1e-08,separable
2874,20260728,20,12,1.999999999771482e-07,9.999999999940612e-08,1e-06,replaceable
2875,20260728,20,12,1.9999999999881219e-07,9.999999999940612e-08,1e-10,separable
2875,20260728,20,12,1.9999999999881219e-07,9.999999999940612e-08,1e-08,separable
2875,20260728,20,12,1.9999999999881219e-07,9.999999999940612e-08,1e-06,replaceable
2876,20260728,20,12,2.000000000037758e-07,9.999999999940612e-08,1e-10,separable
2876,20260728,20,12,2.000000000037758e-07,9.999999999940612e-08,1e-08,separable
2876,20260728,20,12,2.000000000037758e-07,9.999999999940612e-08,1e-06,replaceable
2877,20260728,20,12,1.9999999997573737e-07,9.999999999940612e-08,1e-10,separable
2877,20260728,20,12,1.9999999997573737e-07,9.999999999940612e-08,1e-08,separable
2877,20260728,20,12,1.9999999997573737e-07,9.999999999940612e-08,1e-06,replaceable
2878,20260728,20,12,2.0000000001456054e-07,9.999999999940612e-08,1e-10,separable
2878,20260728,20,12,2.0000000001456054e-07,9.999999999940612e-08,1e-08,separable
2878,20260728,20,12,2.0000000001456054e-07,9.999999999940612e-08,1e-06,replaceable
2879,20260728,20,12,2.0000000000575116e-07,9.999999999940612e-08,1e-10,separable
2879,20260728,20,12,2.0000000000575116e-07,9.999999999940612e-08,1e-08,separable
2879,20260728,20,12,2.0000000000575116e-07,9.999999999940612e-08,1e-06,replaceable
3000,20260729,3,4,1.9999999998783022e-07,1.0000000000287557e-07,1e-10,separable
3000,20260729,3,4,1.9999999998783022e-07,1.0000000000287557e-07,1e-08,separable
3000,20260729,3,4,1.9999999998783022e-07,1.0000000000287557e-07,1e-06,replaceable
3001,20260729,3,4,1.9999999999659492e-07,1.0000000000287557e-07,1e-10,separable
3001,20260729,3,4,1.9999999999659492e-07,1.0000000000287557e-07,1e-08,separable
3001,20260729,3,4,1.9999999999659492e-07,1.0000000000287557e-07,1e-06,replaceable
3002,20260729,3,4,2.0000000001269003e-07,1.0000000000287557e-07,1e-10,separable
3002,20260729,3,4,2.0000000001269003e-07,1.0000000000287557e-07,1e-08,separable
3002,20260729,3,4,2.0000000001269003e-07,1.0000000000287557e-07,1e-06,replaceable
3003,20260729,3,4,1.9999999999803588e-07,9.999999999940612e-08,1e-10,separable
3003,20260729,3,4,1.9999999999803588e-07,9.999999999940612e-08,1e-08,separable
3003,20260729,3,4,1.9999999999803588e-07,9.999999999940612e-08,1e-06,replaceable
3004,20260729,3,4,1.9999999994007834e-07,1.0000000000287557e-07,1e-10,separable
3004,20260729,3,4,1.9999999994007834e-07,1.0000000000287557e-07,1e-08,separable
3004,20260729,3,4,1.9999999994007834e-07,1.0000000000287557e-07,1e-06,replaceable
3005,20260729,3,4,2.0000000001269003e-07,1.0000000000287557e-07,1e-10,separable
3005,20260729,3,4,2.0000000001269003e-07,1.0000000000287557e-07,1e-08,separable
3005,20260729,3,4,2.0000000001269003e-07,1.0000000000287557e-07,1e-06,replaceable
3006,20260729,3,4,1.9999999972221924e-07,1.0000000000287557e-07,1e-10,separable
3006,20260729,3,4,1.9999999972221924e-07,1.0000000000287557e-07,1e-08,separable
3006,20260729,3,4,1.9999999972221924e-07,1.0000000000287557e-07,1e-06,replaceable
3007,20260729,3,4,1.9999999999431328e-07,9.999999999940612e-08,1e-10,separable
3007,20260729,3,4,1.9999999999431328e-07,9.999999999940612e-08,1e-08,separable
3007,20260729,3,4,1.9999999999431328e-07,9.999999999940612e-08,1e-06,replaceable
3008,20260729,3,4,2.0000000000575113e-07,1.0000000000287557e-07,1e-10,separable
3008,20260729,3,4,2.0000000000575113e-07,1.0000000000287557e-07,1e-08,separable
3008,20260729,3,4,2.0000000000575113e-07,1.0000000000287557e-07,1e-06,replaceable
3009,20260729,3,4,2.0000000002244568e-07,1.0000000000287557e-07,1e-10,separable
3009,20260729,3,4,2.0000000002244568e-07,1.0000000000287557e-07,1e-08,separable
3009,20260729,3,4,2.0000000002244568e-07,1.0000000000287557e-07,1e-06,replaceable
3010,20260729,3,4,2.0000000017764525e-07,9.999999999940612e-08,1e-10,separable
3010,20260729,3,4,2.0000000017764525e-07,9.999999999940612e-08,1e-08,separable
3010,20260729,3,4,2.0000000017764525e-07,9.999999999940612e-08,1e-06,replaceable
3011,20260729,3,4,2.0000000001457335e-07,9.999999999940612e-08,1e-10,separable
3011,20260729,3,4,2.0000000001457335e-07,9.999999999940612e-08,1e-08,separable
3011,20260729,3,4,2.0000000001457335e-07,9.999999999940612e-08,1e-06,replaceable
3012,20260729,3,4,1.9999999972352126e-07,1.0000000000287557e-07,1e-10,separable
3012,20260729,3,4,1.9999999972352126e-07,1.0000000000287557e-07,1e-08,separable
3012,20260729,3,4,1.9999999972352126e-07,1.0000000000287557e-07,1e-06,replaceable
3013,20260729,3,4,1.999999999862841e-07,1.0000000000287557e-07,1e-10,separable
3013,20260729,3,4,1.999999999862841e-07,1.0000000000287557e-07,1e-08,separable
3013,20260729,3,4,1.999999999862841e-07,1.0000000000287557e-07,1e-06,replaceable
3014,20260729,3,4,2.0000000000575113e-07,1.0000000000287557e-07,1e-10,separable
3014,20260729,3,4,2.0000000000575113e-07,1.0000000000287557e-07,1e-08,separable
3014,20260729,3,4,2.0000000000575113e-07,1.0000000000287557e-07,1e-06,replaceable
3015,20260729,3,4,2.0000000002468645e-07,9.999999999940612e-08,1e-10,separable
3015,20260729,3,4,2.0000000002468645e-07,9.999999999940612e-08,1e-08,separable
3015,20260729,3,4,2.0000000002468645e-07,9.999999999940612e-08,1e-06,replaceable
3016,20260729,3,4,1.9999999998035023e-07,1.0000000000287557e-07,1e-10,separable
3016,20260729,3,4,1.9999999998035023e-07,1.0000000000287557e-07,1e-08,separable
3016,20260729,3,4,1.9999999998035023e-07,1.0000000000287557e-07,1e-06,replaceable
3017,20260729,3,4,2.0000000000575113e-07,1.0000000000287557e-07,1e-10,separable
3017,20260729,3,4,2.0000000000575113e-07,1.0000000000287557e-07,1e-08,separable
3017,20260729,3,4,2.0000000000575113e-07,1.0000000000287557e-07,1e-06,replaceable
3018,20260729,3,4,1.99999999998569e-07,1.0000000000287557e-07,1e-10,separable
3018,20260729,3,4,1.99999999998569e-07,1.0000000000287557e-07,1e-08,separable
3018,20260729,3,4,1.99999999998569e-07,1.0000000000287557e-07,1e-06,replaceable
3019,20260729,3,4,1.9999999993351293e-07,9.999999999940612e-08,1e-10,separable
3019,20260729,3,4,1.9999999993351293e-07,9.999999999940612e-08,1e-08,separable
3019,20260729,3,4,1.9999999993351293e-07,9.999999999940612e-08,1e-06,replaceable
3020,20260729,3,4,1.999999999311431e-07,9.999999999940612e-08,1e-10,separable
3020,20260729,3,4,1.999999999311431e-07,9.999999999940612e-08,1e-08,separable
3020,20260729,3,4,1.999999999311431e-07,9.999999999940612e-08,1e-06,replaceable
3021,20260729,3,4,1.9999999998537443e-07,1.0000000000287557e-07,1e-10,separable
3021,20260729,3,4,1.9999999998537443e-07,1.0000000000287557e-07,1e-08,separable
3021,20260729,3,4,1.9999999998537443e-07,1.0000000000287557e-07,1e-06,replaceable
3022,20260729,3,4,2.0000000003078037e-07,9.999999999940612e-08,1e-10,separable
3022,20260729,3,4,2.0000000003078037e-07,9.999999999940612e-08,1e-08,separable
3022,20260729,3,4,2.0000000003078037e-07,9.999999999940612e-08,1e-06,replaceable
3023,20260729,3,4,1.99999999935398e-07,9.999999999940612e-08,1e-10,separable
3023,20260729,3,4,1.99999999935398e-07,9.999999999940612e-08,1e-08,separable
3023,20260729,3,4,1.99999999935398e-07,9.999999999940612e-08,1e-06,replaceable
3024,20260729,3,4,1.9999999987994554e-07,9.999999999940612e-08,1e-10,separable
3024,20260729,3,4,1.9999999987994554e-07,9.999999999940612e-08,1e-08,separable
3024,20260729,3,4,1.9999999987994554e-07,9.999999999940612e-08,1e-06,replaceable
3025,20260729,3,4,1.9999999999881224e-07,9.999999999940612e-08,1e-10,separable
3025,20260729,3,4,1.9999999999881224e-07,9.999999999940612e-08,1e-08,separable
3025,20260729,3,4,1.9999999999881224e-07,9.999999999940612e-08,1e-06,replaceable
3026,20260729,3,4,2.0000000001409854e-07,9.999999999940612e-08,1e-10,separable
3026,20260729,3,4,2.0000000001409854e-07,9.999999999940612e-08,1e-08,separable
3026,20260729,3,4,2.0000000001409854e-07,9.999999999940612e-08,1e-06,replaceable
3027,20260729,3,4,2.0000000000575113e-07,1.0000000000287557e-07,1e-10,separable
3027,20260729,3,4,2.0000000000575113e-07,1.0000000000287557e-07,1e-08,separable
3027,20260729,3,4,2.0000000000575113e-07,1.0000000000287557e-07,1e-06,replaceable
3028,20260729,3,4,1.9999999994678848e-07,1.0000000000287557e-07,1e-10,separable
3028,20260729,3,4,1.9999999994678848e-07,1.0000000000287557e-07,1e-08,separable
3028,20260729,3,4,1.9999999994678848e-07,1.0000000000287557e-07,1e-06,replaceable
3029,20260729,3,4,1.999999999491698e-07,9.999999999940612e-08,1e-10,separable
3029,20260729,3,4,1.999999999491698e-07,9.999999999940612e-08,1e-08,separable
3029,20260729,3,4,1.999999999491698e-07,9.999999999940612e-08,1e-06,replaceable
3030,20260729,3,4,2.0000000003318002e-07,1.0000000000287557e-07,1e-10,separable
3030,20260729,3,4,2.0000000003318002e-07,1.0000000000287557e-07,1e-08,separable
3030,20260729,3,4,2.0000000003318002e-07,1.0000000000287557e-07,1e-06,replaceable
3031,20260729,3,4,2.0000000000228169e-07,9.999999999940612e-08,1e-10,separable
3031,20260729,3,4,2.0000000000228169e-07,9.999999999940612e-08,1e-08,separable
3031,20260729,3,4,2.0000000000228169e-07,9.999999999940612e-08,1e-06,replaceable
3032,20260729,3,4,1.9999999985412424e-07,9.999999999940612e-08,1e-10,separable
3032,20260729,3,4,1.9999999985412424e-07,9.999999999940612e-08,1e-08,separable
3032,20260729,3,4,1.9999999985412424e-07,9.999999999940612e-08,1e-06,replaceable
3033,20260729,3,4,1.9999999999330192e-07,9.999999999940612e-08,1e-10,separable
3033,20260729,3,4,1.9999999999330192e-07,9.999999999940612e-08,1e-08,separable
3033,20260729,3,4,1.9999999999330192e-07,9.999999999940612e-08,1e-06,replaceable
3034,20260729,3,4,1.9999999997456364e-07,1.0000000000287557e-07,1e-10,separable
3034,20260729,3,4,1.9999999997456364e-07,1.0000000000287557e-07,1e-08,separable
3034,20260729,3,4,1.9999999997456364e-07,1.0000000000287557e-07,1e-06,replaceable
3035,20260729,3,4,2.0000000001314303e-07,9.999999999940612e-08,1e-10,separable
3035,20260729,3,4,2.0000000001314303e-07,9.999999999940612e-08,1e-08,separable
3035,20260729,3,4,2.0000000001314303e-07,9.999999999940612e-08,1e-06,replaceable
3036,20260729,3,4,2.0000000002466575e-07,9.999999999940612e-08,1e-10,separable
3036,20260729,3,4,2.0000000002466575e-07,9.999999999940612e-08,1e-08,separable
3036,20260729,3,4,2.0000000002466575e-07,9.999999999940612e-08,1e-06,replaceable
3037,20260729,3,4,1.9999999986834142e-07,1.0000000000287557e-07,1e-10,separable
3037,20260729,3,4,1.9999999986834142e-07,1.0000000000287557e-07,1e-08,separable
3037,20260729,3,4,1.9999999986834142e-07,1.0000000000287557e-07,1e-06,replaceable
3038,20260729,3,4,1.9999999976254542e-07,9.999999999940612e-08,1e-10,separable
3038,20260729,3,4,1.9999999976254542e-07,9.999999999940612e-08,1e-08,separable
3038,20260729,3,4,1.9999999976254542e-07,9.999999999940612e-08,1e-06,replaceable
3039,20260729,3,4,2.0000000000475367e-07,1.0000000000287557e-07,1e-10,separable
3039,20260729,3,4,2.0000000000475367e-07,1.0000000000287557e-07,1e-08,separable
3039,20260729,3,4,2.0000000000475367e-07,1.0000000000287557e-07,1e-06,replaceable
3040,20260729,3,4,1.9999999987683738e-07,9.999999999940612e-08,1e-10,separable
3040,20260729,3,4,1.9999999987683738e-07,9.999999999940612e-08,1e-08,separable
3040,20260729,3,4,1.9999999987683738e-07,9.999999999940612e-08,1e-06,replaceable
3041,20260729,3,4,1.9999999991702602e-07,9.999999999940612e-08,1e-10,separable
3041,20260729,3,4,1.9999999991702602e-07,9.999999999940612e-08,1e-08,separable
3041,20260729,3,4,1.9999999991702602e-07,9.999999999940612e-08,1e-06,replaceable
3042,20260729,3,4,1.9999999999881224e-07,1.0000000000287557e-07,1e-10,separable
3042,20260729,3,4,1.9999999999881224e-07,1.0000000000287557e-07,1e-08,separable
3042,20260729,3,4,1.9999999999881224e-07,1.0000000000287557e-07,1e-06,replaceable
3043,20260729,3,4,1.9999999999803853e-07,9.999999999940612e-08,1e-10,separable
3043,20260729,3,4,1.9999999999803853e-07,9.999999999940612e-08,1e-08,separable
3043,20260729,3,4,1.9999999999803853e-07,9.999999999940612e-08,1e-06,replaceable
3044,20260729,3,4,2.0000000001682466e-07,9.999999999940612e-08,1e-10,separable
3044,20260729,3,4,2.0000000001682466e-07,9.999999999940612e-08,1e-08,separable
3044,20260729,3,4,2.0000000001682466e-07,9.999999999940612e-08,1e-06,replaceable
3045,20260729,3,4,2.0000000000575113e-07,1.0000000000287557e-07,1e-10,separable
3045,20260729,3,4,2.0000000000575113e-07,1.0000000000287557e-07,1e-08,separable
3045,20260729,3,4,2.0000000000575113e-07,1.0000000000287557e-07,1e-06,replaceable
3046,20260729,3,4,2.0000000000575113e-07,1.0000000000287557e-07,1e-10,separable
3046,20260729,3,4,2.0000000000575113e-07,1.0000000000287557e-07,1e-08,separable
3046,20260729,3,4,2.0000000000575113e-07,1.0000000000287557e-07,1e-06,replaceable
3047,20260729,3,4,1.9999999996197824e-07,1.0000000000287557e-07,1e-10,separable
3047,20260729,3,4,1.9999999996197824e-07,1.0000000000287557e-07,1e-08,separable
3047,20260729,3,4,1.9999999996197824e-07,1.0000000000287557e-07,1e-06,replaceable
3048,20260729,3,4,1.9999999980218516e-07,1.0000000000287557e-07,1e-10,separable
3048,20260729,3,4,1.9999999980218516e-07,1.0000000000287557e-07,1e-08,separable
3048,20260729,3,4,1.9999999980218516e-07,1.0000000000287557e-07,1e-06,replaceable
3049,20260729,3,4,1.9999999986561054e-07,9.999999999940612e-08,1e-10,separable
3049,20260729,3,4,1.9999999986561054e-07,9.999999999940612e-08,1e-08,separable
3049,20260729,3,4,1.9999999986561054e-07,9.999999999940612e-08,1e-06,replaceable
3050,20260729,3,4,1.9999999991813836e-07,9.999999999940612e-08,1e-10,separable
3050,20260729,3,4,1.9999999991813836e-07,9.999999999940612e-08,1e-08,separable
3050,20260729,3,4,1.9999999991813836e-07,9.999999999940612e-08,1e-06,replaceable
3051,20260729,3,4,1.9999999998895661e-07,1.0000000000287557e-07,1e-10,separable
3051,20260729,3,4,1.9999999998895661e-07,1.0000000000287557e-07,1e-08,separable
3051,20260729,3,4,1.9999999998895661e-07,1.0000000000287557e-07,1e-06,replaceable
3052,20260729,3,4,1.9999999977742398e-07,1.0000000000287557e-07,1e-10,separable
3052,20260729,3,4,1.9999999977742398e-07,1.0000000000287557e-07,1e-08,separable
3052,20260729,3,4,1.9999999977742398e-07,1.0000000000287557e-07,1e-06,replaceable
3053,20260729,3,4,1.9999999999643276e-07,9.999999999940612e-08,1e-10,separable
3053,20260729,3,4,1.9999999999643276e-07,9.999999999940612e-08,1e-08,separable
3053,20260729,3,4,1.9999999999643276e-07,9.999999999940612e-08,1e-06,replaceable
3054,20260729,3,4,2.000000000789612e-07,1.0000000000287557e-07,1e-10,separable
3054,20260729,3,4,2.000000000789612e-07,1.0000000000287557e-07,1e-08,separable
3054,20260729,3,4,2.000000000789612e-07,1.0000000000287557e-07,1e-06,replaceable
3055,20260729,3,4,1.999999998751997e-07,9.999999999940612e-08,1e-10,separable
3055,20260729,3,4,1.999999998751997e-07,9.999999999940612e-08,1e-08,separable
3055,20260729,3,4,1.999999998751997e-07,9.999999999940612e-08,1e-06,replaceable
3056,20260729,3,4,1.9999999988972903e-07,9.999999999940612e-08,1e-10,separable
3056,20260729,3,4,1.9999999988972903e-07,9.999999999940612e-08,1e-08,separable
3056,20260729,3,4,1.9999999988972903e-07,9.999999999940612e-08,1e-06,replaceable
3057,20260729,3,4,2.0000000000575113e-07,1.0000000000287557e-07,1e-10,separable
3057,20260729,3,4,2.0000000000575113e-07,1.0000000000287557e-07,1e-08,separable
3057,20260729,3,4,2.0000000000575113e-07,1.0000000000287557e-07,1e-06,replaceable
3058,20260729,3,4,1.999999999745949e-07,1.0000000000287557e-07,1e-10,separable
3058,20260729,3,4,1.999999999745949e-07,1.0000000000287557e-07,1e-08,separable
3058,20260729,3,4,1.999999999745949e-07,1.0000000000287557e-07,1e-06,replaceable
3059,20260729,3,4,2.000000001059198e-07,9.999999999940612e-08,1e-10,separable
3059,20260729,3,4,2.000000001059198e-07,9.999999999940612e-08,1e-08,separable
3059,20260729,3,4,2.000000001059198e-07,9.999999999940612e-08,1e-06,replaceable
3180,20260729,5,5,2.0000000023874345e-07,1.0000000000287557e-07,1e-10,separable
3180,20260729,5,5,2.0000000023874345e-07,1.0000000000287557e-07,1e-08,separable
3180,20260729,5,5,2.0000000023874345e-07,1.0000000000287557e-07,1e-06,replaceable
3181,20260729,5,5,1.9999999994968936e-07,1.0000000000287557e-07,1e-10,separable
3181,20260729,5,5,1.9999999994968936e-07,1.0000000000287557e-07,1e-08,separable
3181,20260729,5,5,1.9999999994968936e-07,1.0000000000287557e-07,1e-06,replaceable
3182,20260729,5,5,1.999999999969101e-07,9.999999999940612e-08,1e-10,separable
3182,20260729,5,5,1.999999999969101e-07,9.999999999940612e-08,1e-08,separable
3182,20260729,5,5,1.999999999969101e-07,9.999999999940612e-08,1e-06,replaceable
3183,20260729,5,5,2.0000000000166198e-07,9.999999999940612e-08,1e-10,separable
3183,20260729,5,5,2.0000000000166198e-07,9.999999999940612e-08,1e-08,separable
3183,20260729,5,5,2.0000000000166198e-07,9.999999999940612e-08,1e-06,replaceable
3184,20260729,5,5,1.9999999998487018e-07,9.999999999940612e-08,1e-10,separable
3184,20260729,5,5,1.9999999998487018e-07,9.999999999940612e-08,1e-08,separable
3184,20260729,5,5,1.9999999998487018e-07,9.999999999940612e-08,1e-06,replaceable
3185,20260729,5,5,2.0000000000824445e-07,9.999999999940612e-08,1e-10,separable
3185,20260729,5,5,2.0000000000824445e-07,9.999999999940612e-08,1e-08,separable
3185,20260729,5,5,2.0000000000824445e-07,9.999999999940612e-08,1e-06,replaceable
3186,20260729,5,5,2.0000000000228169e-07,9.999999999940612e-08,1e-10,separable
3186,20260729,5,5,2.0000000000228169e-07,9.999999999940612e-08,1e-08,separable
3186,20260729,5,5,2.0000000000228169e-07,9.999999999940612e-08,1e-06,replaceable
3187,20260729,5,5,2.000000000278254e-07,9.999999999940612e-08,1e-10,separable
3187,20260729,5,5,2.000000000278254e-07,9.999999999940612e-08,1e-08,separable
3187,20260729,5,5,2.000000000278254e-07,9.999999999940612e-08,1e-06,replaceable
3188,20260729,5,5,1.9999999997537457e-07,9.999999999940612e-08,1e-10,separable
3188,20260729,5,5,1.9999999997537457e-07,9.999999999940612e-08,1e-08,separable
3188,20260729,5,5,1.9999999997537457e-07,9.999999999940612e-08,1e-06,replaceable
3189,20260729,5,5,1.9999999995352403e-07,1.0000000000287557e-07,1e-10,separable
3189,20260729,5,5,1.9999999995352403e-07,1.0000000000287557e-07,1e-08,separable
3189,20260729,5,5,1.9999999995352403e-07,1.0000000000287557e-07,1e-06,replaceable
3190,20260729,5,5,1.9999999999976007e-07,9.999999999940612e-08,1e-10,separable
3190,20260729,5,5,1.9999999999976007e-07,9.999999999940612e-08,1e-08,separable
3190,20260729,5,5,1.9999999999976007e-07,9.999999999940612e-08,1e-06,replaceable
3191,20260729,5,5,1.9999999998476552e-07,9.999999999940612e-08,1e-10,separable
3191,20260729,5,5,1.9999999998476552e-07,9.999999999940612e-08,1e-08,separable
3191,20260729,5,5,1.9999999998476552e-07,9.999999999940612e-08,1e-06,replaceable
3192,20260729,5,5,1.9999999992527636e-07,9.999999999940612e-08,1e-10,separable
3192,20260729,5,5,1.9999999992527636e-07,9.999999999940612e-08,1e-08,separable
3192,20260729,5,5,1.9999999992527636e-07,9.999999999940612e-08,1e-06,replaceable
3193,20260729,5,5,2.0000000000786384e-07,9.999999999940612e-08,1e-10,separable
3193,20260729,5,5,2.0000000000786384e-07,9.999999999940612e-08,1e-08,separable
3193,20260729,5,5,2.0000000000786384e-07,9.999999999940612e-08,1e-06,replaceable
3194,20260729,5,5,1.999999999192345e-07,9.999999999940612e-08,1e-10,separable
3194,20260729,5,5,1.999999999192345e-07,9.999999999940612e-08,1e-08,separable
3194,20260729,5,5,1.999999999192345e-07,9.999999999940612e-08,1e-06,replaceable
3195,20260729,5,5,2.0000000003833961e-07,9.999999999940612e-08,1e-10,separable
3195,20260729,5,5,2.0000000003833961e-07,9.999999999940612e-08,1e-08,separable
3195,20260729,5,5,2.0000000003833961e-07,9.999999999940612e-08,1e-06,replaceable
3196,20260729,5,5,1.99999999971909e-07,9.999999999940612e-08,1e-10,separable
3196,20260729,5,5,1.99999999971909e-07,9.999999999940612e-08,1e-08,separable
3196,20260729,5,5,1.99999999971909e-07,9.999999999940612e-08,1e-06,replaceable
3197,20260729,5,5,2.0000000017988904e-07,1.0000000000287557e-07,1e-10,separable
3197,20260729,5,5,2.0000000017988904e-07,1.0000000000287557e-07,1e-08,separable
3197,20260729,5,5,2.0000000017988904e-07,1.0000000000287557e-07,1e-06,replaceable
3198,20260729,5,5,1.9999999996948597e-07,9.999999999940612e-08,1e-10,separable
3198,20260729,5,5,1.9999999996948597e-07,9.999999999940612e-08,1e-08,separable
3198,20260729,5,5,1.9999999996948597e-07,9.999999999940612e-08,1e-06,replaceable
3199,20260729,5,5,2.0000000001084387e-07,9.999999999940612e-08,1e-10,separable
3199,20260729,5,5,2.0000000001084387e-07,9.999999999940612e-08,1e-08,separable
3199,20260729,5,5,2.0000000001084387e-07,9.999999999940612e-08,1e-06,replaceable
3200,20260729,5,5,2.0000000000952054e-07,9.999999999940612e-08,1e-10,separable
3200,20260729,5,5,2.0000000000952054e-07,9.999999999940612e-08,1e-08,separable
3200,20260729,5,5,2.0000000000952054e-07,9.999999999940612e-08,1e-06,replaceable
3201,20260729,5,5,2.0000000004325214e-07,9.999999999940612e-08,1e-10,separable
3201,20260729,5,5,2.0000000004325214e-07,9.999999999940612e-08,1e-08,separable
3201,20260729,5,5,2.0000000004325214e-07,9.999999999940612e-08,1e-06,replaceable
3202,20260729,5,5,1.9999999997331297e-07,9.999999999940612e-08,1e-10,separable
3202,20260729,5,5,1.9999999997331297e-07,9.999999999940612e-08,1e-08,separable
3202,20260729,5,5,1.9999999997331297e-07,9.999999999940612e-08,1e-06,replaceable
3203,20260729,5,5,1.9999999999846538e-07,9.999999999940612e-08,1e-10,separable
3203,20260729,5,5,1.9999999999846538e-07,9.999999999940612e-08,1e-08,separable
3203,20260729,5,5,1.9999999999846538e-07,9.999999999940612e-08,1e-06,replaceable
3204,20260729,5,5,2.0000000000966313e-07,9.999999999940612e-08,1e-10,separable
3204,20260729,5,5,2.0000000000966313e-07,9.999999999940612e-08,1e-08,separable
3204,20260729,5,5,2.0000000000966313e-07,9.999999999940612e-08,1e-06,replaceable
3205,20260729,5,5,2.0000000003596615e-07,9.999999999940612e-08,1e-10,separable
3205,20260729,5,5,2.0000000003596615e-07,9.999999999940612e-08,1e-08,separable
3205,20260729,5,5,2.0000000003596615e-07,9.999999999940612e-08,1e-06,replaceable
3206,20260729,5,5,1.999999999611019e-07,9.999999999940612e-08,1e-10,separable
3206,20260729,5,5,1.999999999611019e-07,9.999999999940612e-08,1e-08,separable
3206,20260729,5,5,1.999999999611019e-07,9.999999999940612e-08,1e-06,replaceable
3207,20260729,5,5,2.0000000014354185e-07,9.999999999940612e-08,1e-10,separable
3207,20260729,5,5,2.0000000014354185e-07,9.999999999940612e-08,1e-08,separable
3207,20260729,5,5,2.0000000014354185e-07,9.999999999940612e-08,1e-06,replaceable
3208,20260729,5,5,2.0000000001283712e-07,9.999999999940612e-08,1e-10,separable
3208,20260729,5,5,2.0000000001283712e-07,9.999999999940612e-08,1e-08,separable
3208,20260729,5,5,2.0000000001283712e-07,9.999999999940612e-08,1e-06,replaceable
3209,20260729,5,5,1.9999999998840305e-07,9.999999999940612e-08,1e-10,separable
3209,20260729,5,5,1.9999999998840305e-07,9.999999999940612e-08,1e-08,separable
3209,20260729,5,5,1.9999999998840305e-07,9.999999999940612e-08,1e-06,replaceable
3210,20260729,5,5,1.9999999999989104e-07,9.999999999940612e-08,1e-10,separable
3210,20260729,5,5,1.9999999999989104e-07,9.999999999940612e-08,1e-08,separable
3210,20260729,5,5,1.9999999999989104e-07,9.999999999940612e-08,1e-06,replaceable
3211,20260729,5,5,2.0000000000575113e-07,1.0000000000287557e-07,1e-10,separable
3211,20260729,5,5,2.0000000000575113e-07,1.0000000000287557e-07,1e-08,separable
3211,20260729,5,5,2.0000000000575113e-07,1.0000000000287557e-07,1e-06,replaceable
3212,20260729,5,5,2.0000000020635654e-07,9.999999999940612e-08,1e-10,separable
3212,20260729,5,5,2.0000000020635654e-07,9.999999999940612e-08,1e-08,separable
3212,20260729,5,5,2.0000000020635654e-07,9.999999999940612e-08,1e-06,replaceable
3213,20260729,5,5,2.0000000000105206e-07,9.999999999940612e-08,1e-10,separable
3213,20260729,5,5,2.0000000000105206e-07,9.999999999940612e-08,1e-08,separable
3213,20260729,5,5,2.0000000000105206e-07,9.999999999940612e-08,1e-06,replaceable
3214,20260729,5,5,2.0000000000392527e-07,9.999999999940612e-08,1e-10,separable
3214,20260729,5,5,2.0000000000392527e-07,9.999999999940612e-08,1e-08,separable
3214,20260729,5,5,2.0000000000392527e-07,9.999999999940612e-08,1e-06,replaceable
3215,20260729,5,5,2.0000000003304534e-07,9.999999999940612e-08,1e-10,separable
3215,20260729,5,5,2.0000000003304534e-07,9.999999999940612e-08,1e-08,separable
3215,20260729,5,5,2.0000000003304534e-07,9.999999999940612e-08,1e-06,replaceable
3216,20260729,5,5,2.0000000001493948e-07,1.0000000000287557e-07,1e-10,separable
3216,20260729,5,5,2.0000000001493948e-07,1.0000000000287557e-07,1e-08,separable
3216,20260729,5,5,2.0000000001493948e-07,1.0000000000287557e-07,1e-06,replaceable
3217,20260729,5,5,1.999999999988122e-07,9.999999999940612e-08,1e-10,separable
3217,20260729,5,5,1.999999999988122e-07,9.999999999940612e-08,1e-08,separable
3217,20260729,5,5,1.999999999988122e-07,9.999999999940612e-08,1e-06,replaceable
3218,20260729,5,5,2.0000000001939392e-07,9.999999999940612e-08,1e-10,separable
3218,20260729,5,5,2.0000000001939392e-07,9.999999999940612e-08,1e-08,separable
3218,20260729,5,5,2.0000000001939392e-07,9.999999999940612e-08,1e-06,replaceable
3219,20260729,5,5,2.000000000042847e-07,9.999999999940612e-08,1e-10,separable
3219,20260729,5,5,2.000000000042847e-07,9.999999999940612e-08,1e-08,separable
3219,20260729,5,5,2.000000000042847e-07,9.999999999940612e-08,1e-06,replaceable
3220,20260729,5,5,2.000000000724869e-07,9.999999999940612e-08,1e-10,separable
3220,20260729,5,5,2.000000000724869e-07,9.999999999940612e-08,1e-08,separable
3220,20260729,5,5,2.000000000724869e-07,9.999999999940612e-08,1e-06,replaceable
3221,20260729,5,5,2.00000000041265e-07,9.999999999940612e-08,1e-10,separable
3221,20260729,5,5,2.00000000041265e-07,9.999999999940612e-08,1e-08,separable
3221,20260729,5,5,2.00000000041265e-07,9.999999999940612e-08,1e-06,replaceable
3222,20260729,5,5,1.9999999996482067e-07,9.999999999940612e-08,1e-10,separable
3222,20260729,5,5,1.9999999996482067e-07,9.999999999940612e-08,1e-08,separable
3222,20260729,5,5,1.9999999996482067e-07,9.999999999940612e-08,1e-06,replaceable
3223,20260729,5,5,2.0000000000435988e-07,9.999999999940612e-08,1e-10,separable
3223,20260729,5,5,2.0000000000435988e-07,9.999999999940612e-08,1e-08,separable
3223,20260729,5,5,2.0000000000435988e-07,9.999999999940612e-08,1e-06,replaceable
3224,20260729,5,5,1.9999999995652092e-07,9.999999999940612e-08,1e-10,separable
3224,20260729,5,5,1.9999999995652092e-07,9.999999999940612e-08,1e-08,separable
3224,20260729,5,5,1.9999999995652092e-07,9.999999999940612e-08,1e-06,replaceable
3225,20260729,5,5,2.0000000005266014e-07,9.999999999940612e-08,1e-10,separable
3225,20260729,5,5,2.0000000005266014e-07,9.999999999940612e-08,1e-08,separable
3225,20260729,5,5,2.0000000005266014e-07,9.999999999940612e-08,1e-06,replaceable
3226,20260729,5,5,1.999999999766377e-07,9.999999999940612e-08,1e-10,separable
3226,20260729,5,5,1.999999999766377e-07,9.999999999940612e-08,1e-08,separable
3226,20260729,5,5,1.999999999766377e-07,9.999999999940612e-08,1e-06,replaceable
3227,20260729,5,5,2.0000000001385213e-07,1.0000000000287557e-07,1e-10,separable
3227,20260729,5,5,2.0000000001385213e-07,1.0000000000287557e-07,1e-08,separable
3227,20260729,5,5,2.0000000001385213e-07,1.0000000000287557e-07,1e-06,replaceable
3228,20260729,5,5,1.9999999999440698e-07,9.999999999940612e-08,1e-10,separable
3228,20260729,5,5,1.9999999999440698e-07,9.999999999940612e-08,1e-08,separable
3228,20260729,5,5,1.9999999999440698e-07,9.999999999940612e-08,1e-06,replaceable
3229,20260729,5,5,1.9999999999013545e-07,9.999999999940612e-08,1e-10,separable
3229,20260729,5,5,1.9999999999013545e-07,9.999999999940612e-08,1e-08,separable
3229,20260729,5,5,1.9999999999013545e-07,9.999999999940612e-08,1e-06,replaceable
3230,20260729,5,5,2.0000000000385685e-07,9.999999999940612e-08,1e-10,separable
3230,20260729,5,5,2.0000000000385685e-07,9.999999999940612e-08,1e-08,separable
3230,20260729,5,5,2.0000000000385685e-07,9.999999999940612e-08,1e-06,replaceable
3231,20260729,5,5,1.9999999995715606e-07,9.999999999940612e-08,1e-10,separable
3231,20260729,5,5,1.9999999995715606e-07,9.999999999940612e-08,1e-08,separable
3231,20260729,5,5,1.9999999995715606e-07,9.999999999940612e-08,1e-06,replaceable
3232,20260729,5,5,1.999999994360563e-07,9.999999999940612e-08,1e-10,separable
3232,20260729,5,5,1.999999994360563e-07,9.999999999940612e-08,1e-08,separable
3232,20260729,5,5,1.999999994360563e-07,9.999999999940612e-08,1e-06,replaceable
3233,20260729,5,5,1.999999999939587e-07,9.999999999940612e-08,1e-10,separable
3233,20260729,5,5,1.999999999939587e-07,9.999999999940612e-08,1e-08,separable
3233,20260729,5,5,1.999999999939587e-07,9.999999999940612e-08,1e-06,replaceable
3234,20260729,5,5,1.999999999745216e-07,9.999999999940612e-08,1e-10,separable
3234,20260729,5,5,1.999999999745216e-07,9.999999999940612e-08,1e-08,separable
3234,20260729,5,5,1.999999999745216e-07,9.999999999940612e-08,1e-06,replaceable
3235,20260729,5,5,1.9999999996463605e-07,9.999999999940612e-08,1e-10,separable
3235,20260729,5,5,1.9999999996463605e-07,9.999999999940612e-08,1e-08,separable
3235,20260729,5,5,1.9999999996463605e-07,9.999999999940612e-08,1e-06,replaceable
3236,20260729,5,5,1.999999999738093e-07,9.999999999940612e-08,1e-10,separable
3236,20260729,5,5,1.999999999738093e-07,9.999999999940612e-08,1e-08,separable
3236,20260729,5,5,1.999999999738093e-07,9.999999999940612e-08,1e-06,replaceable
3237,20260729,5,5,2.0000000000284862e-07,9.999999999940612e-08,1e-10,separable
3237,20260729,5,5,2.0000000000284862e-07,9.999999999940612e-08,1e-08,separable
3237,20260729,5,5,2.0000000000284862e-07,9.999999999940612e-08,1e-06,replaceable
3238,20260729,5,5,2.0000000000330842e-07,9.999999999940612e-08,1e-10,separable
3238,20260729,5,5,2.0000000000330842e-07,9.999999999940612e-08,1e-08,separable
3238,20260729,5,5,2.0000000000330842e-07,9.999999999940612e-08,1e-06,replaceable
3239,20260729,5,5,1.99999999894296e-07,9.999999999940612e-08,1e-10,separable
3239,20260729,5,5,1.99999999894296e-07,9.999999999940612e-08,1e-08,separable
3239,20260729,5,5,1.99999999894296e-07,9.999999999940612e-08,1e-06,replaceable
3360,20260729,10,8,2.000000000157023e-07,9.999999999940612e-08,1e-10,separable
3360,20260729,10,8,2.000000000157023e-07,9.999999999940612e-08,1e-08,separable
3360,20260729,10,8,2.000000000157023e-07,9.999999999940612e-08,1e-06,replaceable
3361,20260729,10,8,2.000000000025584e-07,9.999999999940612e-08,1e-10,separable
3361,20260729,10,8,2.000000000025584e-07,9.999999999940612e-08,1e-08,separable
3361,20260729,10,8,2.000000000025584e-07,9.999999999940612e-08,1e-06,replaceable
3362,20260729,10,8,2.0000000000018128e-07,9.999999999940612e-08,1e-10,separable
3362,20260729,10,8,2.0000000000018128e-07,9.999999999940612e-08,1e-08,separable
3362,20260729,10,8,2.0000000000018128e-07,9.999999999940612e-08,1e-06,replaceable
3363,20260729,10,8,1.9999999999767483e-07,9.999999999940612e-08,1e-10,separable
3363,20260729,10,8,1.9999999999767483e-07,9.999999999940612e-08,1e-08,separable
3363,20260729,10,8,1.9999999999767483e-07,9.999999999940612e-08,1e-06,replaceable
3364,20260729,10,8,2.0000000000013403e-07,9.999999999940612e-08,1e-10,separable
3364,20260729,10,8,2.0000000000013403e-07,9.999999999940612e-08,1e-08,separable
3364,20260729,10,8,2.0000000000013403e-07,9.999999999940612e-08,1e-06,replaceable
3365,20260729,10,8,1.9999999999881227e-07,9.999999999940612e-08,1e-10,separable
3365,20260729,10,8,1.9999999999881227e-07,9.999999999940612e-08,1e-08,separable
3365,20260729,10,8,1.9999999999881227e-07,9.999999999940612e-08,1e-06,replaceable
3366,20260729,10,8,1.999999999988122e-07,9.999999999940612e-08,1e-10,separable
3366,20260729,10,8,1.999999999988122e-07,9.999999999940612e-08,1e-08,separable
3366,20260729,10,8,1.999999999988122e-07,9.999999999940612e-08,1e-06,replaceable
3367,20260729,10,8,2.0000000001026823e-07,9.999999999940612e-08,1e-10,separable
3367,20260729,10,8,2.0000000001026823e-07,9.999999999940612e-08,1e-08,separable
3367,20260729,10,8,2.0000000001026823e-07,9.999999999940612e-08,1e-06,replaceable
3368,20260729,10,8,1.9999999999958902e-07,9.999999999940612e-08,1e-10,separable
3368,20260729,10,8,1.9999999999958902e-07,9.999999999940612e-08,1e-08,separable
3368,20260729,10,8,1.9999999999958902e-07,9.999999999940612e-08,1e-06,replaceable
3369,20260729,10,8,2.000000000121774e-07,9.999999999940612e-08,1e-10,separable
3369,20260729,10,8,2.000000000121774e-07,9.999999999940612e-08,1e-08,separable
3369,20260729,10,8,2.000000000121774e-07,9.999999999940612e-08,1e-06,replaceable
3370,20260729,10,8,2.0000000002345338e-07,9.999999999940612e-08,1e-10,separable
3370,20260729,10,8,2.0000000002345338e-07,9.999999999940612e-08,1e-08,separable
3370,20260729,10,8,2.0000000002345338e-07,9.999999999940612e-08,1e-06,replaceable
3371,20260729,10,8,1.9999999999952118e-07,9.999999999940612e-08,1e-10,separable
3371,20260729,10,8,1.9999999999952118e-07,9.999999999940612e-08,1e-08,separable
3371,20260729,10,8,1.9999999999952118e-07,9.999999999940612e-08,1e-06,replaceable
3372,20260729,10,8,1.9999999999015064e-07,9.999999999940612e-08,1e-10,separable
3372,20260729,10,8,1.9999999999015064e-07,9.999999999940612e-08,1e-08,separable
3372,20260729,10,8,1.9999999999015064e-07,9.999999999940612e-08,1e-06,replaceable
3373,20260729,10,8,1.9999999999881224e-07,9.999999999940612e-08,1e-10,separable
3373,20260729,10,8,1.9999999999881224e-07,9.999999999940612e-08,1e-08,separable
3373,20260729,10,8,1.9999999999881224e-07,9.999999999940612e-08,1e-06,replaceable
3374,20260729,10,8,2.000000000022819e-07,9.999999999940612e-08,1e-10,separable
3374,20260729,10,8,2.000000000022819e-07,9.999999999940612e-08,1e-08,separable
3374,20260729,10,8,2.000000000022819e-07,9.999999999940612e-08,1e-06,replaceable
3375,20260729,10,8,2.0000000000432317e-07,9.999999999940612e-08,1e-10,separable
3375,20260729,10,8,2.0000000000432317e-07,9.999999999940612e-08,1e-08,separable
3375,20260729,10,8,2.0000000000432317e-07,9.999999999940612e-08,1e-06,replaceable
3376,20260729,10,8,1.9999999999940053e-07,9.999999999940612e-08,1e-10,separable
3376,20260729,10,8,1.9999999999940053e-07,9.999999999940612e-08,1e-08,separable
3376,20260729,10,8,1.9999999999940053e-07,9.999999999940612e-08,1e-06,replaceable
3377,20260729,10,8,1.9999999998189773e-07,9.999999999940612e-08,1e-10,separable
3377,20260729,10,8,1.9999999998189773e-07,9.999999999940612e-08,1e-08,separable
3377,20260729,10,8,1.9999999998189773e-07,9.999999999940612e-08,1e-06,replaceable
3378,20260729,10,8,1.9999999997384001e-07,9.999999999940612e-08,1e-10,separable
3378,20260729,10,8,1.9999999997384001e-07,9.999999999940612e-08,1e-08,separable
3378,20260729,10,8,1.9999999997384001e-07,9.999999999940612e-08,1e-06,replaceable
3379,20260729,10,8,2.0000000002278968e-07,9.999999999940612e-08,1e-10,separable
3379,20260729,10,8,2.0000000002278968e-07,9.999999999940612e-08,1e-08,separable
3379,20260729,10,8,2.0000000002278968e-07,9.999999999940612e-08,1e-06,replaceable
3380,20260729,10,8,1.999999999815162e-07,9.999999999940612e-08,1e-10,separable
3380,20260729,10,8,1.999999999815162e-07,9.999999999940612e-08,1e-08,separable
3380,20260729,10,8,1.999999999815162e-07,9.999999999940612e-08,1e-06,replaceable
3381,20260729,10,8,2.000000000068527e-07,9.999999999940612e-08,1e-10,separable
3381,20260729,10,8,2.000000000068527e-07,9.999999999940612e-08,1e-08,separable
3381,20260729,10,8,2.000000000068527e-07,9.999999999940612e-08,1e-06,replaceable
3382,20260729,10,8,1.9999999996374687e-07,9.999999999940612e-08,1e-10,separable
3382,20260729,10,8,1.9999999996374687e-07,9.999999999940612e-08,1e-08,separable
3382,20260729,10,8,1.9999999996374687e-07,9.999999999940612e-08,1e-06,replaceable
3383,20260729,10,8,1.9999999999930704e-07,9.999999999940612e-08,1e-10,separable
3383,20260729,10,8,1.9999999999930704e-07,9.999999999940612e-08,1e-08,separable
3383,20260729,10,8,1.9999999999930704e-07,9.999999999940612e-08,1e-06,replaceable
3384,20260729,10,8,2.0000000002262085e-07,9.999999999940612e-08,1e-10,separable
3384,20260729,10,8,2.0000000002262085e-07,9.999999999940612e-08,1e-08,separable
3384,20260729,10,8,2.0000000002262085e-07,9.999999999940612e-08,1e-06,replaceable
3385,20260729,10,8,2.0000000004077076e-07,9.999999999940612e-08,1e-10,separable
3385,20260729,10,8,2.0000000004077076e-07,9.999999999940612e-08,1e-08,separable
3385,20260729,10,8,2.0000000004077076e-07,9.999999999940612e-08,1e-06,replaceable
3386,20260729,10,8,1.9999999998649842e-07,9.999999999940612e-08,1e-10,separable
3386,20260729,10,8,1.9999999998649842e-07,9.999999999940612e-08,1e-08,separable
3386,20260729,10,8,1.9999999998649842e-07,9.999999999940612e-08,1e-06,replaceable
3387,20260729,10,8,2.0000000001097786e-07,9.999999999940612e-08,1e-10,separable
3387,20260729,10,8,2.0000000001097786e-07,9.999999999940612e-08,1e-08,separable
3387,20260729,10,8,2.0000000001097786e-07,9.999999999940612e-08,1e-06,replaceable
3388,20260729,10,8,1.9999999999881224e-07,9.999999999940612e-08,1e-10,separable
3388,20260729,10,8,1.9999999999881224e-07,9.999999999940612e-08,1e-08,separable
3388,20260729,10,8,1.9999999999881224e-07,9.999999999940612e-08,1e-06,replaceable
3389,20260729,10,8,2.0000000001832078e-07,9.999999999940612e-08,1e-10,separable
3389,20260729,10,8,2.0000000001832078e-07,9.999999999940612e-08,1e-08,separable
3389,20260729,10,8,2.0000000001832078e-07,9.999999999940612e-08,1e-06,replaceable
3390,20260729,10,8,1.9999999999331293e-07,9.999999999940612e-08,1e-10,separable
3390,20260729,10,8,1.9999999999331293e-07,9.999999999940612e-08,1e-08,separable
3390,20260729,10,8,1.9999999999331293e-07,9.999999999940612e-08,1e-06,replaceable
3391,20260729,10,8,2.0000000004580417e-07,9.999999999940612e-08,1e-10,separable
3391,20260729,10,8,2.0000000004580417e-07,9.999999999940612e-08,1e-08,separable
3391,20260729,10,8,2.0000000004580417e-07,9.999999999940612e-08,1e-06,replaceable
3392,20260729,10,8,1.9999999999881224e-07,9.999999999940612e-08,1e-10,separable
3392,20260729,10,8,1.9999999999881224e-07,9.999999999940612e-08,1e-08,separable
3392,20260729,10,8,1.9999999999881224e-07,9.999999999940612e-08,1e-06,replaceable
3393,20260729,10,8,1.9999999999681906e-07,9.999999999940612e-08,1e-10,separable
3393,20260729,10,8,1.9999999999681906e-07,9.999999999940612e-08,1e-08,separable
3393,20260729,10,8,1.9999999999681906e-07,9.999999999940612e-08,1e-06,replaceable
3394,20260729,10,8,1.9999999999780326e-07,9.999999999940612e-08,1e-10,separable
3394,20260729,10,8,1.9999999999780326e-07,9.999999999940612e-08,1e-08,separable
3394,20260729,10,8,1.9999999999780326e-07,9.999999999940612e-08,1e-06,replaceable
3395,20260729,10,8,2.000000000184713e-07,9.999999999940612e-08,1e-10,separable
3395,20260729,10,8,2.000000000184713e-07,9.999999999940612e-08,1e-08,separable
3395,20260729,10,8,2.000000000184713e-07,9.999999999940612e-08,1e-06,replaceable
3396,20260729,10,8,1.999999999750618e-07,9.999999999940612e-08,1e-10,separable
3396,20260729,10,8,1.999999999750618e-07,9.999999999940612e-08,1e-08,separable
3396,20260729,10,8,1.999999999750618e-07,9.999999999940612e-08,1e-06,replaceable
3397,20260729,10,8,2.0000000003466397e-07,9.999999999940612e-08,1e-10,separable
3397,20260729,10,8,2.0000000003466397e-07,9.999999999940612e-08,1e-08,separable
3397,20260729,10,8,2.0000000003466397e-07,9.999999999940612e-08,1e-06,replaceable
3398,20260729,10,8,2.0000000003967795e-07,9.999999999940612e-08,1e-10,separable
3398,20260729,10,8,2.0000000003967795e-07,9.999999999940612e-08,1e-08,separable
3398,20260729,10,8,2.0000000003967795e-07,9.999999999940612e-08,1e-06,replaceable
3399,20260729,10,8,1.9999999999703535e-07,9.999999999940612e-08,1e-10,separable
3399,20260729,10,8,1.9999999999703535e-07,9.999999999940612e-08,1e-08,separable
3399,20260729,10,8,1.9999999999703535e-07,9.999999999940612e-08,1e-06,replaceable
3400,20260729,10,8,2.0000000000228169e-07,9.999999999940612e-08,1e-10,separable
3400,20260729,10,8,2.0000000000228169e-07,9.999999999940612e-08,1e-08,separable
3400,20260729,10,8,2.0000000000228169e-07,9.999999999940612e-08,1e-06,replaceable
3401,20260729,10,8,2.0000000001662659e-07,9.999999999940612e-08,1e-10,separable
3401,20260729,10,8,2.0000000001662659e-07,9.999999999940612e-08,1e-08,separable
3401,20260729,10,8,2.0000000001662659e-07,9.999999999940612e-08,1e-06,replaceable
3402,20260729,10,8,2.000000000012921e-07,9.999999999940612e-08,1e-10,separable
3402,20260729,10,8,2.000000000012921e-07,9.999999999940612e-08,1e-08,separable
3402,20260729,10,8,2.000000000012921e-07,9.999999999940612e-08,1e-06,replaceable
3403,20260729,10,8,2.0000000000778285e-07,9.999999999940612e-08,1e-10,separable
3403,20260729,10,8,2.0000000000778285e-07,9.999999999940612e-08,1e-08,separable
3403,20260729,10,8,2.0000000000778285e-07,9.999999999940612e-08,1e-06,replaceable
3404,20260729,10,8,2.000000000333971e-07,9.999999999940612e-08,1e-10,separable
3404,20260729,10,8,2.000000000333971e-07,9.999999999940612e-08,1e-08,separable
3404,20260729,10,8,2.000000000333971e-07,9.999999999940612e-08,1e-06,replaceable
3405,20260729,10,8,1.999999999956139e-07,9.999999999940612e-08,1e-10,separable
3405,20260729,10,8,1.999999999956139e-07,9.999999999940612e-08,1e-08,separable
3405,20260729,10,8,1.999999999956139e-07,9.999999999940612e-08,1e-06,replaceable
3406,20260729,10,8,2.0000000000748077e-07,9.999999999940612e-08,1e-10,separable
3406,20260729,10,8,2.0000000000748077e-07,9.999999999940612e-08,1e-08,separable
3406,20260729,10,8,2.0000000000748077e-07,9.999999999940612e-08,1e-06,replaceable
3407,20260729,10,8,1.999999999857539e-07,9.999999999940612e-08,1e-10,separable
3407,20260729,10,8,1.999999999857539e-07,9.999999999940612e-08,1e-08,separable
3407,20260729,10,8,1.999999999857539e-07,9.999999999940612e-08,1e-06,replaceable
3408,20260729,10,8,1.9999999999818395e-07,9.999999999940612e-08,1e-10,separable
3408,20260729,10,8,1.9999999999818395e-07,9.999999999940612e-08,1e-08,separable
3408,20260729,10,8,1.9999999999818395e-07,9.999999999940612e-08,1e-06,replaceable
3409,20260729,10,8,2.0000000000228174e-07,9.999999999940612e-08,1e-10,separable
3409,20260729,10,8,2.0000000000228174e-07,9.999999999940612e-08,1e-08,separable
3409,20260729,10,8,2.0000000000228174e-07,9.999999999940612e-08,1e-06,replaceable
3410,20260729,10,8,1.999999999989853e-07,9.999999999940612e-08,1e-10,separable
3410,20260729,10,8,1.999999999989853e-07,9.999999999940612e-08,1e-08,separable
3410,20260729,10,8,1.999999999989853e-07,9.999999999940612e-08,1e-06,replaceable
3411,20260729,10,8,1.9999999999881224e-07,9.999999999940612e-08,1e-10,separable
3411,20260729,10,8,1.9999999999881224e-07,9.999999999940612e-08,1e-08,separable
3411,20260729,10,8,1.9999999999881224e-07,9.999999999940612e-08,1e-06,replaceable
3412,20260729,10,8,1.999999999846911e-07,9.999999999940612e-08,1e-10,separable
3412,20260729,10,8,1.999999999846911e-07,9.999999999940612e-08,1e-08,separable
3412,20260729,10,8,1.999999999846911e-07,9.999999999940612e-08,1e-06,replaceable
3413,20260729,10,8,1.9999999999654351e-07,9.999999999940612e-08,1e-10,separable
3413,20260729,10,8,1.9999999999654351e-07,9.999999999940612e-08,1e-08,separable
3413,20260729,10,8,1.9999999999654351e-07,9.999999999940612e-08,1e-06,replaceable
3414,20260729,10,8,1.9999999999804927e-07,9.999999999940612e-08,1e-10,separable
3414,20260729,10,8,1.9999999999804927e-07,9.999999999940612e-08,1e-08,separable
3414,20260729,10,8,1.9999999999804927e-07,9.999999999940612e-08,1e-06,replaceable
3415,20260729,10,8,2.0000000003139257e-07,9.999999999940612e-08,1e-10,separable
3415,20260729,10,8,2.0000000003139257e-07,9.999999999940612e-08,1e-08,separable
3415,20260729,10,8,2.0000000003139257e-07,9.999999999940612e-08,1e-06,replaceable
3416,20260729,10,8,1.9999999999881224e-07,9.999999999940612e-08,1e-10,separable
3416,20260729,10,8,1.9999999999881224e-07,9.999999999940612e-08,1e-08,separable
3416,20260729,10,8,1.9999999999881224e-07,9.999999999940612e-08,1e-06,replaceable
3417,20260729,10,8,1.9999999999789702e-07,9.999999999940612e-08,1e-10,separable
3417,20260729,10,8,1.9999999999789702e-07,9.999999999940612e-08,1e-08,separable
3417,20260729,10,8,1.9999999999789702e-07,9.999999999940612e-08,1e-06,replaceable
3418,20260729,10,8,1.9999999999881224e-07,9.999999999940612e-08,1e-10,separable
3418,20260729,10,8,1.9999999999881224e-07,9.999999999940612e-08,1e-08,separable
3418,20260729,10,8,1.9999999999881224e-07,9.999999999940612e-08,1e-06,replaceable
3419,20260729,10,8,2.0000000000204293e-07,9.999999999940612e-08,1e-10,separable
3419,20260729,10,8,2.0000000000204293e-07,9.999999999940612e-08,1e-08,separable
3419,20260729,10,8,2.0000000000204293e-07,9.999999999940612e-08,1e-06,replaceable
3540,20260729,20,12,1.9999999999879127e-07,9.999999999940612e-08,1e-10,separable
3540,20260729,20,12,1.9999999999879127e-07,9.999999999940612e-08,1e-08,separable
3540,20260729,20,12,1.9999999999879127e-07,9.999999999940612e-08,1e-06,replaceable
3541,20260729,20,12,1.999999999988123e-07,9.999999999940612e-08,1e-10,separable
3541,20260729,20,12,1.999999999988123e-07,9.999999999940612e-08,1e-08,separable
3541,20260729,20,12,1.999999999988123e-07,9.999999999940612e-08,1e-06,replaceable
3542,20260729,20,12,2.000000000034714e-07,9.999999999940612e-08,1e-10,separable
3542,20260729,20,12,2.000000000034714e-07,9.999999999940612e-08,1e-08,separable
3542,20260729,20,12,2.000000000034714e-07,9.999999999940612e-08,1e-06,replaceable
3543,20260729,20,12,2.0000000000018343e-07,9.999999999940612e-08,1e-10,separable
3543,20260729,20,12,2.0000000000018343e-07,9.999999999940612e-08,1e-08,separable
3543,20260729,20,12,2.0000000000018343e-07,9.999999999940612e-08,1e-06,replaceable
3544,20260729,20,12,1.9999999999146682e-07,9.999999999940612e-08,1e-10,separable
3544,20260729,20,12,1.9999999999146682e-07,9.999999999940612e-08,1e-08,separable
3544,20260729,20,12,1.9999999999146682e-07,9.999999999940612e-08,1e-06,replaceable
3545,20260729,20,12,1.9999999999881224e-07,9.999999999940612e-08,1e-10,separable
3545,20260729,20,12,1.9999999999881224e-07,9.999999999940612e-08,1e-08,separable
3545,20260729,20,12,1.9999999999881224e-07,9.999999999940612e-08,1e-06,replaceable
3546,20260729,20,12,1.9999999998834116e-07,9.999999999940612e-08,1e-10,separable
3546,20260729,20,12,1.9999999998834116e-07,9.999999999940612e-08,1e-08,separable
3546,20260729,20,12,1.9999999998834116e-07,9.999999999940612e-08,1e-06,replaceable
3547,20260729,20,12,2.0000000000974526e-07,9.999999999940612e-08,1e-10,separable
3547,20260729,20,12,2.0000000000974526e-07,9.999999999940612e-08,1e-08,separable
3547,20260729,20,12,2.0000000000974526e-07,9.999999999940612e-08,1e-06,replaceable
3548,20260729,20,12,1.9999999998650077e-07,9.999999999940612e-08,1e-10,separable
3548,20260729,20,12,1.9999999998650077e-07,9.999999999940612e-08,1e-08,separable
3548,20260729,20,12,1.9999999998650077e-07,9.999999999940612e-08,1e-06,replaceable
3549,20260729,20,12,1.9999999999995425e-07,9.999999999940612e-08,1e-10,separable
3549,20260729,20,12,1.9999999999995425e-07,9.999999999940612e-08,1e-08,separable
3549,20260729,20,12,1.9999999999995425e-07,9.999999999940612e-08,1e-06,replaceable
3550,20260729,20,12,1.9999999999596748e-07,9.999999999940612e-08,1e-10,separable
3550,20260729,20,12,1.9999999999596748e-07,9.999999999940612e-08,1e-08,separable
3550,20260729,20,12,1.9999999999596748e-07,9.999999999940612e-08,1e-06,replaceable
3551,20260729,20,12,1.9999999993311663e-07,9.999999999940612e-08,1e-10,separable
3551,20260729,20,12,1.9999999993311663e-07,9.999999999940612e-08,1e-08,separable
3551,20260729,20,12,1.9999999993311663e-07,9.999999999940612e-08,1e-06,replaceable
3552,20260729,20,12,1.9999999999279907e-07,9.999999999940612e-08,1e-10,separable
3552,20260729,20,12,1.9999999999279907e-07,9.999999999940612e-08,1e-08,separable
3552,20260729,20,12,1.9999999999279907e-07,9.999999999940612e-08,1e-06,replaceable
3553,20260729,20,12,1.9999999999696544e-07,9.999999999940612e-08,1e-10,separable
3553,20260729,20,12,1.9999999999696544e-07,9.999999999940612e-08,1e-08,separable
3553,20260729,20,12,1.9999999999696544e-07,9.999999999940612e-08,1e-06,replaceable
3554,20260729,20,12,1.9999999999881224e-07,9.999999999940612e-08,1e-10,separable
3554,20260729,20,12,1.9999999999881224e-07,9.999999999940612e-08,1e-08,separable
3554,20260729,20,12,1.9999999999881224e-07,9.999999999940612e-08,1e-06,replaceable
3555,20260729,20,12,2.0000000000022914e-07,9.999999999940612e-08,1e-10,separable
3555,20260729,20,12,2.0000000000022914e-07,9.999999999940612e-08,1e-08,separable
3555,20260729,20,12,2.0000000000022914e-07,9.999999999940612e-08,1e-06,replaceable
3556,20260729,20,12,1.999999999977935e-07,9.999999999940612e-08,1e-10,separable
3556,20260729,20,12,1.999999999977935e-07,9.999999999940612e-08,1e-08,separable
3556,20260729,20,12,1.999999999977935e-07,9.999999999940612e-08,1e-06,replaceable
3557,20260729,20,12,1.9999999999881224e-07,9.999999999940612e-08,1e-10,separable
3557,20260729,20,12,1.9999999999881224e-07,9.999999999940612e-08,1e-08,separable
3557,20260729,20,12,1.9999999999881224e-07,9.999999999940612e-08,1e-06,replaceable
3558,20260729,20,12,2.000000000082818e-07,9.999999999940612e-08,1e-10,separable
3558,20260729,20,12,2.000000000082818e-07,9.999999999940612e-08,1e-08,separable
3558,20260729,20,12,2.000000000082818e-07,9.999999999940612e-08,1e-06,replaceable
3559,20260729,20,12,1.9999999999113153e-07,9.999999999940612e-08,1e-10,separable
3559,20260729,20,12,1.9999999999113153e-07,9.999999999940612e-08,1e-08,separable
3559,20260729,20,12,1.9999999999113153e-07,9.999999999940612e-08,1e-06,replaceable
3560,20260729,20,12,2.0000000000054694e-07,9.999999999940612e-08,1e-10,separable
3560,20260729,20,12,2.0000000000054694e-07,9.999999999940612e-08,1e-08,separable
3560,20260729,20,12,2.0000000000054694e-07,9.999999999940612e-08,1e-06,replaceable
3561,20260729,20,12,1.999999999853479e-07,9.999999999940612e-08,1e-10,separable
3561,20260729,20,12,1.999999999853479e-07,9.999999999940612e-08,1e-08,separable
3561,20260729,20,12,1.999999999853479e-07,9.999999999940612e-08,1e-06,replaceable
3562,20260729,20,12,1.9999999999402536e-07,9.999999999940612e-08,1e-10,separable
3562,20260729,20,12,1.9999999999402536e-07,9.999999999940612e-08,1e-08,separable
3562,20260729,20,12,1.9999999999402536e-07,9.999999999940612e-08,1e-06,replaceable
3563,20260729,20,12,2.0000000000424733e-07,9.999999999940612e-08,1e-10,separable
3563,20260729,20,12,2.0000000000424733e-07,9.999999999940612e-08,1e-08,separable
3563,20260729,20,12,2.0000000000424733e-07,9.999999999940612e-08,1e-06,replaceable
3564,20260729,20,12,2.0000000000113539e-07,9.999999999940612e-08,1e-10,separable
3564,20260729,20,12,2.0000000000113539e-07,9.999999999940612e-08,1e-08,separable
3564,20260729,20,12,2.0000000000113539e-07,9.999999999940612e-08,1e-06,replaceable
3565,20260729,20,12,1.9999999999896208e-07,9.999999999940612e-08,1e-10,separable
3565,20260729,20,12,1.9999999999896208e-07,9.999999999940612e-08,1e-08,separable
3565,20260729,20,12,1.9999999999896208e-07,9.999999999940612e-08,1e-06,replaceable
3566,20260729,20,12,2.0000000001913484e-07,9.999999999940612e-08,1e-10,separable
3566,20260729,20,12,2.0000000001913484e-07,9.999999999940612e-08,1e-08,separable
3566,20260729,20,12,2.0000000001913484e-07,9.999999999940612e-08,1e-06,replaceable
3567,20260729,20,12,2.000000000046375e-07,9.999999999940612e-08,1e-10,separable
3567,20260729,20,12,2.000000000046375e-07,9.999999999940612e-08,1e-08,separable
3567,20260729,20,12,2.000000000046375e-07,9.999999999940612e-08,1e-06,replaceable
3568,20260729,20,12,2.0000000001501127e-07,9.999999999940612e-08,1e-10,separable
3568,20260729,20,12,2.0000000001501127e-07,9.999999999940612e-08,1e-08,separable
3568,20260729,20,12,2.0000000001501127e-07,9.999999999940612e-08,1e-06,replaceable
3569,20260729,20,12,2.0000000000826354e-07,9.999999999940612e-08,1e-10,separable
3569,20260729,20,12,2.0000000000826354e-07,9.999999999940612e-08,1e-08,separable
3569,20260729,20,12,2.0000000000826354e-07,9.999999999940612e-08,1e-06,replaceable
3570,20260729,20,12,2.0000000002733163e-07,9.999999999940612e-08,1e-10,separable
3570,20260729,20,12,2.0000000002733163e-07,9.999999999940612e-08,1e-08,separable
3570,20260729,20,12,2.0000000002733163e-07,9.999999999940612e-08,1e-06,replaceable
3571,20260729,20,12,2.0000000000143243e-07,9.999999999940612e-08,1e-10,separable
3571,20260729,20,12,2.0000000000143243e-07,9.999999999940612e-08,1e-08,separable
3571,20260729,20,12,2.0000000000143243e-07,9.999999999940612e-08,1e-06,replaceable
3572,20260729,20,12,2.0000000004344008e-07,9.999999999940612e-08,1e-10,separable
3572,20260729,20,12,2.0000000004344008e-07,9.999999999940612e-08,1e-08,separable
3572,20260729,20,12,2.0000000004344008e-07,9.999999999940612e-08,1e-06,replaceable
3573,20260729,20,12,2.000000000156054e-07,9.999999999940612e-08,1e-10,separable
3573,20260729,20,12,2.000000000156054e-07,9.999999999940612e-08,1e-08,separable
3573,20260729,20,12,2.000000000156054e-07,9.999999999940612e-08,1e-06,replaceable
3574,20260729,20,12,1.999999999941947e-07,9.999999999940612e-08,1e-10,separable
3574,20260729,20,12,1.999999999941947e-07,9.999999999940612e-08,1e-08,separable
3574,20260729,20,12,1.999999999941947e-07,9.999999999940612e-08,1e-06,replaceable
3575,20260729,20,12,1.9999999998228618e-07,9.999999999940612e-08,1e-10,separable
3575,20260729,20,12,1.9999999998228618e-07,9.999999999940612e-08,1e-08,separable
3575,20260729,20,12,1.9999999998228618e-07,9.999999999940612e-08,1e-06,replaceable
3576,20260729,20,12,2.0000000000597673e-07,9.999999999940612e-08,1e-10,separable
3576,20260729,20,12,2.0000000000597673e-07,9.999999999940612e-08,1e-08,separable
3576,20260729,20,12,2.0000000000597673e-07,9.999999999940612e-08,1e-06,replaceable
3577,20260729,20,12,2.000000000047787e-07,9.999999999940612e-08,1e-10,separable
3577,20260729,20,12,2.000000000047787e-07,9.999999999940612e-08,1e-08,separable
3577,20260729,20,12,2.000000000047787e-07,9.999999999940612e-08,1e-06,replaceable
3578,20260729,20,12,1.9999999999087215e-07,9.999999999940612e-08,1e-10,separable
3578,20260729,20,12,1.9999999999087215e-07,9.999999999940612e-08,1e-08,separable
3578,20260729,20,12,1.9999999999087215e-07,9.999999999940612e-08,1e-06,replaceable
3579,20260729,20,12,2.000000000007681e-07,9.999999999940612e-08,1e-10,separable
3579,20260729,20,12,2.000000000007681e-07,9.999999999940612e-08,1e-08,separable
3579,20260729,20,12,2.000000000007681e-07,9.999999999940612e-08,1e-06,replaceable
3580,20260729,20,12,1.9999999999881224e-07,9.999999999940612e-08,1e-10,separable
3580,20260729,20,12,1.9999999999881224e-07,9.999999999940612e-08,1e-08,separable
3580,20260729,20,12,1.9999999999881224e-07,9.999999999940612e-08,1e-06,replaceable
3581,20260729,20,12,1.999999999754542e-07,9.999999999940612e-08,1e-10,separable
3581,20260729,20,12,1.999999999754542e-07,9.999999999940612e-08,1e-08,separable
3581,20260729,20,12,1.999999999754542e-07,9.999999999940612e-08,1e-06,replaceable
3582,20260729,20,12,1.999999999384892e-07,9.999999999940612e-08,1e-10,separable
3582,20260729,20,12,1.999999999384892e-07,9.999999999940612e-08,1e-08,separable
3582,20260729,20,12,1.999999999384892e-07,9.999999999940612e-08,1e-06,replaceable
3583,20260729,20,12,2.0000000003441102e-07,9.999999999940612e-08,1e-10,separable
3583,20260729,20,12,2.0000000003441102e-07,9.999999999940612e-08,1e-08,separable
3583,20260729,20,12,2.0000000003441102e-07,9.999999999940612e-08,1e-06,replaceable
3584,20260729,20,12,2.0000000000220005e-07,9.999999999940612e-08,1e-10,separable
3584,20260729,20,12,2.0000000000220005e-07,9.999999999940612e-08,1e-08,separable
3584,20260729,20,12,2.0000000000220005e-07,9.999999999940612e-08,1e-06,replaceable
3585,20260729,20,12,1.999999999801358e-07,9.999999999940612e-08,1e-10,separable
3585,20260729,20,12,1.999999999801358e-07,9.999999999940612e-08,1e-08,separable
3585,20260729,20,12,1.999999999801358e-07,9.999999999940612e-08,1e-06,replaceable
3586,20260729,20,12,2.0000000000502475e-07,9.999999999940612e-08,1e-10,separable
3586,20260729,20,12,2.0000000000502475e-07,9.999999999940612e-08,1e-08,separable
3586,20260729,20,12,2.0000000000502475e-07,9.999999999940612e-08,1e-06,replaceable
3587,20260729,20,12,1.9999999999923533e-07,9.999999999940612e-08,1e-10,separable
3587,20260729,20,12,1.9999999999923533e-07,9.999999999940612e-08,1e-08,separable
3587,20260729,20,12,1.9999999999923533e-07,9.999999999940612e-08,1e-06,replaceable
3588,20260729,20,12,1.999999999951385e-07,9.999999999940612e-08,1e-10,separable
3588,20260729,20,12,1.999999999951385e-07,9.999999999940612e-08,1e-08,separable
3588,20260729,20,12,1.999999999951385e-07,9.999999999940612e-08,1e-06,replaceable
3589,20260729,20,12,2.000000000084753e-07,9.999999999940612e-08,1e-10,separable
3589,20260729,20,12,2.000000000084753e-07,9.999999999940612e-08,1e-08,separable
3589,20260729,20,12,2.000000000084753e-07,9.999999999940612e-08,1e-06,replaceable
3590,20260729,20,12,1.999999999340416e-07,9.999999999940612e-08,1e-10,separable
3590,20260729,20,12,1.999999999340416e-07,9.999999999940612e-08,1e-08,separable
3590,20260729,20,12,1.999999999340416e-07,9.999999999940612e-08,1e-06,replaceable
3591,20260729,20,12,1.9999999999799168e-07,9.999999999940612e-08,1e-10,separable
3591,20260729,20,12,1.9999999999799168e-07,9.999999999940612e-08,1e-08,separable
3591,20260729,20,12,1.9999999999799168e-07,9.999999999940612e-08,1e-06,replaceable
3592,20260729,20,12,1.9999999999755379e-07,9.999999999940612e-08,1e-10,separable
3592,20260729,20,12,1.9999999999755379e-07,9.999999999940612e-08,1e-08,separable
3592,20260729,20,12,1.9999999999755379e-07,9.999999999940612e-08,1e-06,replaceable
3593,20260729,20,12,1.999999999919128e-07,9.999999999940612e-08,1e-10,separable
3593,20260729,20,12,1.999999999919128e-07,9.999999999940612e-08,1e-08,separable
3593,20260729,20,12,1.999999999919128e-07,9.999999999940612e-08,1e-06,replaceable
3594,20260729,20,12,2.000000000018387e-07,9.999999999940612e-08,1e-10,separable
3594,20260729,20,12,2.000000000018387e-07,9.999999999940612e-08,1e-08,separable
3594,20260729,20,12,2.000000000018387e-07,9.999999999940612e-08,1e-06,replaceable
3595,20260729,20,12,2.0000000001291963e-07,9.999999999940612e-08,1e-10,separable
3595,20260729,20,12,2.0000000001291963e-07,9.999999999940612e-08,1e-08,separable
3595,20260729,20,12,2.0000000001291963e-07,9.999999999940612e-08,1e-06,replaceable
3596,20260729,20,12,1.999999999970447e-07,9.999999999940612e-08,1e-10,separable
3596,20260729,20,12,1.999999999970447e-07,9.999999999940612e-08,1e-08,separable
3596,20260729,20,12,1.999999999970447e-07,9.999999999940612e-08,1e-06,replaceable
3597,20260729,20,12,1.9999999999881224e-07,9.999999999940612e-08,1e-10,separable
3597,20260729,20,12,1.9999999999881224e-07,9.999999999940612e-08,1e-08,separable
3597,20260729,20,12,1.9999999999881224e-07,9.999999999940612e-08,1e-06,replaceable
3598,20260729,20,12,2.0000000000308473e-07,9.999999999940612e-08,1e-10,separable
3598,20260729,20,12,2.0000000000308473e-07,9.999999999940612e-08,1e-08,separable
3598,20260729,20,12,2.0000000000308473e-07,9.999999999940612e-08,1e-06,replaceable
3599,20260729,20,12,2.0000000001675647e-07,9.999999999940612e-08,1e-10,separable
3599,20260729,20,12,2.0000000001675647e-07,9.999999999940612e-08,1e-08,separable
3599,20260729,20,12,2.0000000001675647e-07,9.999999999940612e-08,1e-06,replaceable
