n,subset_states,wall_seconds,peak_mib,optimum
8,256,0.0006782999989809468,0.007790565490722656,17.51687264719981
10,1024,0.009379700000863522,0.020310401916503906,24.55673402547717
12,4096,0.053559199994197115,0.0701608657836914,18.449537292899326
14,16384,0.32417709998844657,0.2693948745727539,15.77876045099817
16,65536,1.556380399997579,1.0662622451782227,17.928713419195713
18,262144,18.652956599995377,4.253922462463379,34.09787183546283
